****************************************
Report : design
Design : fft_processor_top
Version: U-2022.12-SP5
Date   : Thu May  7 15:30:21 2026
****************************************

Design Attribute                         Value
---------------------------------------------------------------------------
Operating Conditions:
  analysis_type                          on_chip_variation
  operating_condition_min_name           NCCOM
  process_min                            1
  temperature_min                        25
  voltage_min                            1
  tree_type_min                          balanced_case

  operating_condition_max_name           NCCOM
  process_max                            1
  temperature_max                        25
  voltage_max                            1
  tree_type_max                          balanced_case

Wire Load:                               (use report_wire_load for more information)
  wire_load_mode                         segmented
  wire_load_model_max                    ZeroWireload
  wire_load_model_library_max            tcbn65gplustc_ccs
  wire_load_selection_type_max           automatic-by-area
  wire_load_model_min                    ZeroWireload
  wire_load_model_library_min            tcbn65gplustc_ccs
  wire_load_selection_type_min           automatic-by-area
  wire_load_selection_group_max          WireAreaForZero
  wire_load_selection_group_min          WireAreaForZero
  wire_load_min_block_size               0

Design Rules:
  max_capacitance                        --
  min_capacitance                        --
  max_fanout                             --
  max_transition                         --
  static_integrity                       --
  dynamic_integrity                      --
  max_coupled_transition                 --
  max_area                               --

Timing Ranges:
  early_factor                           --
  late_factor                            --

Pin Input Delays:
None specified.

Pin Output Delays:
None specified.
Fast Analysis:                           disabled

1
****************************************
Report : reference
Design : fft_processor_top
Version: U-2022.12-SP5
Date   : Thu May  7 15:30:21 2026
****************************************


Attributes:
    b - black-box (unknown)
    h - hierarchical
    n - noncombinational
    u - contains unmapped logic
    A - abstracted timing model
    E - extracted timing model
    S - Stamp timing model
    Q - Quick timing model (QTM)

Reference          Library       Unit Area   Count    Total Area   Attributes
--------------------------------------------------------------------------------
AN2D4              tcbn65gplustc_ccs
                                    4.32     19         82.08      
AN2D8              tcbn65gplustc_ccs
                                    6.84     3          20.52      
AN2XD1             tcbn65gplustc_ccs
                                    2.16     21         45.36      
AO222D1            tcbn65gplustc_ccs
                                    4.32     16         69.12      
AO22D0             tcbn65gplustc_ccs
                                    2.88     17         48.96      
BUFFD1             tcbn65gplustc_ccs
                                    1.44     2           2.88      
BUFFD12            tcbn65gplustc_ccs
                                    7.92     1           7.92      
BUFFD16            tcbn65gplustc_ccs
                                   10.44     6          62.64      
BUFFD2             tcbn65gplustc_ccs
                                    2.16     12         25.92      
BUFFD3             tcbn65gplustc_ccs
                                    2.52     52        131.04      
BUFFD4             tcbn65gplustc_ccs
                                    3.24     1           3.24      
BUFFD8             tcbn65gplustc_ccs
                                    5.76     2          11.52      
CKBD0              tcbn65gplustc_ccs
                                    1.44     12         17.28      
CKBD1              tcbn65gplustc_ccs
                                    1.44     69         99.36      
CKBD4              tcbn65gplustc_ccs
                                    3.24     5          16.20      
CKMUX2D1           tcbn65gplustc_ccs
                                    3.60     2           7.20      
CKND0              tcbn65gplustc_ccs
                                    1.08     7           7.56      
CKND1              tcbn65gplustc_ccs
                                    1.08     2           2.16      
CKND12             tcbn65gplustc_ccs
                                    6.12     4          24.48      
CKND16             tcbn65gplustc_ccs
                                    7.92     3          23.76      
CKND2              tcbn65gplustc_ccs
                                    1.44     3           4.32      
CKND20             tcbn65gplustc_ccs
                                    9.72     1           9.72      
CKND2D2            tcbn65gplustc_ccs
                                    2.52     4          10.08      
CKND4              tcbn65gplustc_ccs
                                    2.52     2           5.04      
DFCNQD1            tcbn65gplustc_ccs
                                    7.92     1           7.92      n
IND2D1             tcbn65gplustc_ccs
                                    2.16     1           2.16      
INR2D1             tcbn65gplustc_ccs
                                    2.16     1           2.16      
INVD1              tcbn65gplustc_ccs
                                    1.08     37         39.96      
INVD2              tcbn65gplustc_ccs
                                    1.44     47         67.68      
INVD3              tcbn65gplustc_ccs
                                    2.16     1           2.16      
IOA21D1            tcbn65gplustc_ccs
                                    2.52     1           2.52      
MUX2D0             tcbn65gplustc_ccs
                                    3.24     3           9.72      
ND2D1              tcbn65gplustc_ccs
                                    1.44     6           8.64      
ND2D2              tcbn65gplustc_ccs
                                    2.52     4          10.08      
butterfly_unit                   24173.64    1        24173.64     h
fft_controller                   12295.81    1        12295.81     h
sram_1024x32                     110198.71   1        110198.71    h
twiddle_rom                      32134.02    1        32134.02     h
--------------------------------------------------------------------------------
Total 38 references                                   179693.53
1
****************************************
Report : constraint
Design : fft_processor_top
Version: U-2022.12-SP5
Date   : Thu May  7 15:30:21 2026
****************************************

                                                   Weighted
    Group (max_delay/setup)      Cost     Weight     Cost
    -----------------------------------------------------
    clk                        0.2244    1.0000    0.2244
    -----------------------------------------------------
    max_delay/setup                                0.2244

                                                   Weighted
    Group (min_delay/hold)       Cost     Weight     Cost
    -----------------------------------------------------
    clk                        0.0000    1.0000    0.0000
    -----------------------------------------------------
    min_delay/hold                                 0.0000

    Constraint                                       Cost
    -----------------------------------------------------
    max_delay/setup                                0.2244  (VIOLATED)
    min_delay/hold                                 0.0000  (MET)
    sequential_clock_pulse_width                   0.0000  (MET)
    sequential_clock_min_period                    0.0000  (MET)
    max_capacitance                                0.0000  (MET)
    max_transition                                 0.0000  (MET)

1
****************************************
Report : constraint
	-all_violators
	-path slack_only
Design : fft_processor_top
Version: U-2022.12-SP5
Date   : Thu May  7 15:30:21 2026
****************************************


   max_delay/setup ('clk' group)

   Endpoint                                                  Slack
   -----------------------------------------------------------------
   u_sram/addr_b_q_reg_9_/D                                -0.2244  (VIOLATED)
   u_sram/addr_b_q_reg_8_/D                                -0.2211  (VIOLATED)
   u_sram/addr_b_q_reg_7_/D                                -0.1931  (VIOLATED)
   u_sram/din_b_q_reg_29_/D                                -0.1931  (VIOLATED)
   u_sram/din_b_q_reg_30_/D                                -0.1930  (VIOLATED)
   u_sram/din_b_q_reg_31_/D                                -0.1902  (VIOLATED)
   u_sram/din_b_q_reg_10_/D                                -0.1892  (VIOLATED)
   u_sram/addr_b_q_reg_6_/D                                -0.1887  (VIOLATED)
   u_sram/din_b_q_reg_14_/D                                -0.1862  (VIOLATED)
   u_sram/din_b_q_reg_13_/D                                -0.1852  (VIOLATED)
   u_sram/din_b_q_reg_15_/D                                -0.1849  (VIOLATED)
   u_sram/din_b_q_reg_12_/D                                -0.1837  (VIOLATED)
   u_sram/din_b_q_reg_27_/D                                -0.1829  (VIOLATED)
   u_sram/din_b_q_reg_28_/D                                -0.1819  (VIOLATED)
   u_sram/din_b_q_reg_26_/D                                -0.1818  (VIOLATED)
   u_sram/din_b_q_reg_11_/D                                -0.1809  (VIOLATED)
   u_sram/din_b_q_reg_24_/D                                -0.1798  (VIOLATED)
   u_sram/din_b_q_reg_8_/D                                 -0.1794  (VIOLATED)
   u_sram/din_b_q_reg_25_/D                                -0.1781  (VIOLATED)
   u_sram/din_b_q_reg_7_/D                                 -0.1752  (VIOLATED)
   u_sram/din_b_q_reg_22_/D                                -0.1749  (VIOLATED)
   u_sram/din_b_q_reg_9_/D                                 -0.1706  (VIOLATED)
   u_sram/addr_a_q_reg_9_/D                                -0.1658  (VIOLATED)
   u_sram/din_b_q_reg_23_/D                                -0.1590  (VIOLATED)
   u_sram/addr_a_q_reg_8_/D                                -0.1552  (VIOLATED)
   u_sram/din_b_q_reg_3_/D                                 -0.1516  (VIOLATED)
   u_sram/din_b_q_reg_21_/D                                -0.1507  (VIOLATED)
   u_sram/din_b_q_reg_20_/D                                -0.1506  (VIOLATED)
   u_sram/din_b_q_reg_4_/D                                 -0.1485  (VIOLATED)
   u_sram/addr_b_q_reg_5_/D                                -0.1471  (VIOLATED)
   u_sram/din_b_q_reg_5_/D                                 -0.1470  (VIOLATED)
   u_sram/din_b_q_reg_6_/D                                 -0.1393  (VIOLATED)
   u_sram/din_b_q_reg_19_/D                                -0.1379  (VIOLATED)
   u_sram/din_b_q_reg_2_/D                                 -0.1341  (VIOLATED)
   u_sram/addr_b_q_reg_4_/D                                -0.1238  (VIOLATED)
   u_sram/din_b_q_reg_1_/D                                 -0.1146  (VIOLATED)
   u_sram/din_b_q_reg_18_/D                                -0.1126  (VIOLATED)
   u_sram/din_b_q_reg_17_/D                                -0.1126  (VIOLATED)
   u_sram/addr_a_q_reg_7_/D                                -0.0940  (VIOLATED)
   u_sram/din_b_q_reg_16_/D                                -0.0930  (VIOLATED)
   u_sram/addr_a_q_reg_6_/D                                -0.0892  (VIOLATED)
   u_sram/din_b_q_reg_0_/D                                 -0.0882  (VIOLATED)
   u_sram/addr_a_q_reg_5_/D                                -0.0834  (VIOLATED)
   u_sram/addr_b_q_reg_3_/D                                -0.0761  (VIOLATED)
   u_rom/ram_addr_q_reg_8_/D                               -0.0658  (VIOLATED)
   u_sram/addr_a_q_reg_4_/D                                -0.0597  (VIOLATED)
   u_sram/addr_b_q_reg_2_/D                                -0.0591  (VIOLATED)
   u_rom/ram_addr_q_reg_4_/D                               -0.0564  (VIOLATED)
   u_rom/ram_addr_q_reg_2_/D                               -0.0562  (VIOLATED)
   u_rom/ram_addr_q_reg_5_/D                               -0.0552  (VIOLATED)
   u_sram/addr_a_q_reg_3_/D                                -0.0484  (VIOLATED)
   u_rom/ram_addr_q_reg_7_/D                               -0.0464  (VIOLATED)
   u_rom/ram_addr_q_reg_1_/D                               -0.0431  (VIOLATED)
   u_rom/ram_addr_q_reg_3_/D                               -0.0431  (VIOLATED)
   u_rom/ram_addr_q_reg_0_/D                               -0.0345  (VIOLATED)
   u_sram/addr_a_q_reg_2_/D                                -0.0329  (VIOLATED)
   u_rom/ram_addr_q_reg_6_/D                               -0.0323  (VIOLATED)
   u_sram/addr_a_q_reg_0_/D                                -0.0258  (VIOLATED)
   u_sram/addr_b_q_reg_1_/D                                -0.0255  (VIOLATED)
   u_sram/addr_a_q_reg_1_/D                                -0.0219  (VIOLATED)



1


================ SETUP TIMING ================

****************************************
Report : timing
	-path_type full
	-delay_type max
	-nworst 20
	-slack_lesser_than 0.0000
	-max_paths 20
	-sort_by slack
Design : fft_processor_top
Version: U-2022.12-SP5
Date   : Thu May  7 15:30:21 2026
****************************************


  Startpoint: u_ctrl/stage_cnt_reg_0_
               (rising edge-triggered flip-flop clocked by clk)
  Endpoint: u_sram/addr_b_q_reg_9_
               (falling edge-triggered flip-flop clocked by clk)
  Last common pin: clk
  Path Group: clk
  Path Type: max

  Point                                                   Incr       Path
  ------------------------------------------------------------------------------
  clock clk (rise edge)                                 0.0000     0.0000
  clock network delay (propagated)                      0.1632     0.1632
  u_ctrl/stage_cnt_reg_0_/CP (DFCND4)                   0.0000     0.1632 r
  u_ctrl/stage_cnt_reg_0_/Q (DFCND4)                    0.1235 &   0.2868 r
  u_ctrl/FE_RC_257_0/Z (BUFFD8)                         0.0338 &   0.3206 r
  u_ctrl/U14/ZN (CKND2D8)                               0.0217 &   0.3423 f
  u_ctrl/U11/ZN (NR3D4)                                 0.0248 &   0.3671 r
  u_ctrl/div_37/U93/ZN (INVD4)                          0.0161 &   0.3832 f
  u_ctrl/div_37/u_div_u_add_B6/U102/ZN (CKND2)          0.0130 &   0.3962 r
  u_ctrl/div_37/u_div_u_add_B6/FE_OCPC1654_n166/Z (CKBD2)
                                                        0.0284 &   0.4246 r
  u_ctrl/div_37/u_div_u_add_B6/U165/Z (CKXOR2D1)        0.0698 &   0.4944 r
  u_ctrl/div_37/u_div_u_add_PartRem_2_6/U106/ZN (CKND2D0)
                                                        0.0371 &   0.5315 f
  u_ctrl/div_37/u_div_u_add_PartRem_2_6/U101/ZN (CKND1)
                                                        0.0252 &   0.5566 r
  u_ctrl/div_37/u_div_u_add_PartRem_2_6/U115/ZN (OAI211D2)
                                                        0.0242 &   0.5808 f
  u_ctrl/div_37/u_div_u_add_PartRem_2_6/U114/ZN (INR2XD1)
                                                        0.0201 &   0.6009 r
  u_ctrl/div_37/u_div_u_add_PartRem_2_6/FE_RC_861_0/ZN (CKND1)
                                                        0.0174 &   0.6183 f
  u_ctrl/div_37/u_div_u_add_PartRem_2_6/FE_RC_860_0/ZN (IND3D4)
                                                        0.0456 &   0.6639 f
  u_ctrl/div_37/u_div_u_add_PartRem_2_6/U93/ZN (NR2XD4)
                                                        0.0217 &   0.6856 r
  u_ctrl/div_37/FE_RC_1289_0/ZN (IND2D4)                0.0220 &   0.7076 f
  u_ctrl/div_37/FE_RC_1287_0/ZN (IND2D4)                0.0221 &   0.7297 r
  u_ctrl/div_37/FE_RC_1097_0/ZN (ND3D8)                 0.0263 &   0.7559 f
  u_ctrl/div_37/U25/ZN (ND2D8)                          0.0205 &   0.7765 r
  u_ctrl/div_37/U336/ZN (ND2D4)                         0.0237 &   0.8001 f
  u_ctrl/div_37/FE_OFC1073_n295/ZN (INVD6)              0.0211 &   0.8212 r
  u_ctrl/div_37/U118/ZN (IND2D4)                        0.0143 &   0.8354 f
  u_ctrl/div_37/U293/ZN (ND2D2)                         0.0157 &   0.8511 r
  u_ctrl/div_37/FE_RC_3085_0/ZN (NR2D2)                 0.0127 &   0.8638 f
  u_ctrl/div_37/FE_RC_3084_0/ZN (ND2D3)                 0.0220 &   0.8858 r
  u_ctrl/div_37/FE_RC_93_0/ZN (ND2D8)                   0.0299 &   0.9157 f
  u_ctrl/div_37/U206/ZN (INVD6)                         0.0176 &   0.9333 r
  u_ctrl/div_37/u_div_u_add_PartRem_1_4/U69/ZN (ND2D2)
                                                        0.0171 &   0.9504 f
  u_ctrl/div_37/u_div_u_add_PartRem_1_4/U67/ZN (INVD2)
                                                        0.0159 &   0.9663 r
  u_ctrl/div_37/u_div_u_add_PartRem_1_4/U74/ZN (ND2D2)
                                                        0.0161 &   0.9824 f
  u_ctrl/div_37/u_div_u_add_PartRem_1_4/U63/ZN (ND2D2)
                                                        0.0187 &   1.0011 r
  u_ctrl/div_37/u_div_u_add_PartRem_1_4/U76/ZN (AOI21D4)
                                                        0.0165 &   1.0176 f
  u_ctrl/div_37/u_div_u_add_PartRem_1_4/U82/ZN (INR2D4)
                                                        0.0415 &   1.0591 r
  u_ctrl/div_37/U33/Z (MUX2D4)                          0.0720 &   1.1311 r
  u_ctrl/div_37/U360/ZN (IND2D4)                        0.0317 &   1.1628 f
  u_ctrl/div_37/U276/ZN (NR2D4)                         0.0369 &   1.1997 r
  u_ctrl/div_37/U432_dup/ZN (NR2D4)                     0.0147 &   1.2144 f
  u_ctrl/div_37/U155/ZN (CKND2D3)                       0.0176 &   1.2320 r
  u_ctrl/div_37/FE_OCPC1814_n157/ZN (CKND4)             0.0170 &   1.2490 f
  u_ctrl/div_37/FE_OCPC1816_n157/Z (BUFFD4)             0.0289 &   1.2779 f
  u_ctrl/div_37/U160/Z (MUX2D4)                         0.0543 &   1.3322 r
  u_ctrl/div_37/U23/ZN (INVD2)                          0.0151 &   1.3473 f
  u_ctrl/div_37/U236/ZN (CKND4)                         0.0123 &   1.3596 r
  u_ctrl/div_37/u_div_u_add_PartRem_0_2/FE_RC_968_0/ZN (ND2D2)
                                                        0.0171 &   1.3767 f
  u_ctrl/div_37/u_div_u_add_PartRem_0_2/FE_RC_967_0/ZN (OAI21D4)
                                                        0.0296 &   1.4063 r
  u_ctrl/div_37/u_div_u_add_PartRem_0_2/FE_RC_3386_0/ZN (NR2D2)
                                                        0.0161 &   1.4224 f
  u_ctrl/div_37/u_div_u_add_PartRem_0_2/FE_RC_3384_0/ZN (INR2XD2)
                                                        0.0169 &   1.4393 r
  u_ctrl/div_37/u_div_u_add_PartRem_0_2/FE_RC_3395_0/ZN (IND3D2)
                                                        0.0305 &   1.4697 f
  u_ctrl/div_37/u_div_u_add_PartRem_0_2/FE_RC_3230_0/ZN (AOI211XD2)
                                                        0.0331 &   1.5028 r
  u_ctrl/div_37/FE_RC_1815_0/ZN (IND2D4)                0.0257 &   1.5285 f
  u_ctrl/div_37/FE_RC_1814_0/ZN (ND2D8)                 0.0229 &   1.5514 r
  u_ctrl/mult_39/U243/ZN (XNR2D2)                       0.0661 &   1.6175 r
  u_ctrl/mult_39/U245/Z (AN2D4)                         0.0383 &   1.6558 r
  u_ctrl/mult_39/U210/ZN (INVD6)                        0.0129 &   1.6687 f
  u_ctrl/mult_39/U236/ZN (OAI22D4)                      0.0269 &   1.6956 r
  u_ctrl/mult_39/U329/S (HA1D2)                         0.0700 &   1.7656 r
  u_ctrl/mult_39/U253/ZN (ND2D2)                        0.0238 &   1.7894 f
  u_ctrl/mult_39/U161/Z (OA21D4)                        0.0406 &   1.8300 f
  u_ctrl/mult_39/U207/ZN (OAI21D4)                      0.0309 &   1.8609 r
  u_ctrl/mult_39/U21/ZN (AOI21D4)                       0.0251 &   1.8860 f
  u_ctrl/mult_39/U176/ZN (INVD1)                        0.0254 &   1.9114 r
  u_ctrl/mult_39/U197/ZN (ND2D2)                        0.0208 &   1.9323 f
  u_ctrl/mult_39/U178/ZN (CKND2D3)                      0.0283 &   1.9605 r
  u_ctrl/add_39/U82/ZN (NR2D4)                          0.0137 &   1.9743 f
  u_ctrl/add_39/U96/ZN (INVD2)                          0.0173 &   1.9915 r
  u_ctrl/add_39/FE_OFC1339_n21/ZN (INVD2)               0.0118 &   2.0034 f
  u_ctrl/add_39/U137/ZN (NR2XD2)                        0.0175 &   2.0208 r
  u_ctrl/add_39/U117/ZN (CKND2D2)                       0.0161 &   2.0369 f
  u_ctrl/add_39/FE_RC_1817_0/ZN (OAI21D2)               0.0287 &   2.0657 r
  u_ctrl/add_39/U100/Z (CKXOR2D4)                       0.0677 &   2.1333 f
  u_ctrl/add_40/U114/ZN (IND2D4)                        0.0377 &   2.1710 f
  u_ctrl/add_40/U127/ZN (ND2D4)                         0.0177 &   2.1887 r
  u_ctrl/add_40/U125/ZN (INVD2)                         0.0120 &   2.2007 f
  u_ctrl/add_40/U122/ZN (ND2D2)                         0.0138 &   2.2146 r
  u_ctrl/add_40/U123/ZN (CKND2D2)                       0.0129 &   2.2275 f
  u_ctrl/U284/Z (AN2XD1)                                0.0240 &   2.2515 f
  U222/Z (AN2XD1)                                       0.0242 &   2.2757 f
  u_sram/addr_b_q_reg_9_/D (DFND1)                      0.0000 &   2.2757 f
  data arrival time                                                2.2757

  clock clk (fall edge)                                 2.0000     2.0000
  clock network delay (propagated)                      0.1605     2.1605
  clock reconvergence pessimism                         0.0000     2.1605
  clock uncertainty                                    -0.1000     2.0605
  u_sram/addr_b_q_reg_9_/CPN (DFND1)                               2.0605 f
  library setup time                                   -0.0092     2.0513
  data required time                                               2.0513
  ------------------------------------------------------------------------------
  data required time                                               2.0513
  data arrival time                                               -2.2757
  ------------------------------------------------------------------------------
  slack (VIOLATED)                                                -0.2244


  Startpoint: u_ctrl/stage_cnt_reg_0_
               (rising edge-triggered flip-flop clocked by clk)
  Endpoint: u_sram/addr_b_q_reg_9_
               (falling edge-triggered flip-flop clocked by clk)
  Last common pin: clk
  Path Group: clk
  Path Type: max

  Point                                                   Incr       Path
  ------------------------------------------------------------------------------
  clock clk (rise edge)                                 0.0000     0.0000
  clock network delay (propagated)                      0.1632     0.1632
  u_ctrl/stage_cnt_reg_0_/CP (DFCND4)                   0.0000     0.1632 r
  u_ctrl/stage_cnt_reg_0_/Q (DFCND4)                    0.1235 &   0.2868 r
  u_ctrl/FE_RC_257_0/Z (BUFFD8)                         0.0338 &   0.3206 r
  u_ctrl/U14/ZN (CKND2D8)                               0.0217 &   0.3423 f
  u_ctrl/U11/ZN (NR3D4)                                 0.0248 &   0.3671 r
  u_ctrl/div_37/U93/ZN (INVD4)                          0.0161 &   0.3832 f
  u_ctrl/div_37/u_div_u_add_B6/U102/ZN (CKND2)          0.0130 &   0.3962 r
  u_ctrl/div_37/u_div_u_add_B6/FE_OCPC1654_n166/Z (CKBD2)
                                                        0.0284 &   0.4246 r
  u_ctrl/div_37/u_div_u_add_B6/U165/Z (CKXOR2D1)        0.0698 &   0.4944 r
  u_ctrl/div_37/u_div_u_add_PartRem_2_6/U106/ZN (CKND2D0)
                                                        0.0371 &   0.5315 f
  u_ctrl/div_37/u_div_u_add_PartRem_2_6/U101/ZN (CKND1)
                                                        0.0252 &   0.5566 r
  u_ctrl/div_37/u_div_u_add_PartRem_2_6/U115/ZN (OAI211D2)
                                                        0.0242 &   0.5808 f
  u_ctrl/div_37/u_div_u_add_PartRem_2_6/U114/ZN (INR2XD1)
                                                        0.0201 &   0.6009 r
  u_ctrl/div_37/u_div_u_add_PartRem_2_6/FE_RC_861_0/ZN (CKND1)
                                                        0.0174 &   0.6183 f
  u_ctrl/div_37/u_div_u_add_PartRem_2_6/FE_RC_860_0/ZN (IND3D4)
                                                        0.0456 &   0.6639 f
  u_ctrl/div_37/u_div_u_add_PartRem_2_6/U93/ZN (NR2XD4)
                                                        0.0217 &   0.6856 r
  u_ctrl/div_37/FE_RC_1289_0/ZN (IND2D4)                0.0220 &   0.7076 f
  u_ctrl/div_37/FE_RC_1287_0/ZN (IND2D4)                0.0221 &   0.7297 r
  u_ctrl/div_37/FE_RC_1097_0/ZN (ND3D8)                 0.0263 &   0.7559 f
  u_ctrl/div_37/U25/ZN (ND2D8)                          0.0205 &   0.7765 r
  u_ctrl/div_37/U336/ZN (ND2D4)                         0.0237 &   0.8001 f
  u_ctrl/div_37/FE_OFC1073_n295/ZN (INVD6)              0.0211 &   0.8212 r
  u_ctrl/div_37/U191/ZN (ND2D2)                         0.0165 &   0.8377 f
  u_ctrl/div_37/U103/ZN (ND2D2)                         0.0174 &   0.8551 r
  u_ctrl/div_37/U125/ZN (NR2D3)                         0.0138 &   0.8690 f
  u_ctrl/div_37/FE_RC_94_0/ZN (ND2D4)                   0.0160 &   0.8849 r
  u_ctrl/div_37/FE_RC_93_0/ZN (ND2D8)                   0.0306 &   0.9155 f
  u_ctrl/div_37/U206/ZN (INVD6)                         0.0176 &   0.9332 r
  u_ctrl/div_37/u_div_u_add_PartRem_1_4/U69/ZN (ND2D2)
                                                        0.0171 &   0.9503 f
  u_ctrl/div_37/u_div_u_add_PartRem_1_4/U67/ZN (INVD2)
                                                        0.0159 &   0.9662 r
  u_ctrl/div_37/u_div_u_add_PartRem_1_4/U74/ZN (ND2D2)
                                                        0.0161 &   0.9822 f
  u_ctrl/div_37/u_div_u_add_PartRem_1_4/U63/ZN (ND2D2)
                                                        0.0187 &   1.0010 r
  u_ctrl/div_37/u_div_u_add_PartRem_1_4/U76/ZN (AOI21D4)
                                                        0.0165 &   1.0174 f
  u_ctrl/div_37/u_div_u_add_PartRem_1_4/U82/ZN (INR2D4)
                                                        0.0415 &   1.0590 r
  u_ctrl/div_37/U33/Z (MUX2D4)                          0.0720 &   1.1310 r
  u_ctrl/div_37/U360/ZN (IND2D4)                        0.0317 &   1.1626 f
  u_ctrl/div_37/U276/ZN (NR2D4)                         0.0369 &   1.1995 r
  u_ctrl/div_37/U432_dup/ZN (NR2D4)                     0.0147 &   1.2143 f
  u_ctrl/div_37/U155/ZN (CKND2D3)                       0.0176 &   1.2318 r
  u_ctrl/div_37/FE_OCPC1814_n157/ZN (CKND4)             0.0170 &   1.2488 f
  u_ctrl/div_37/FE_OCPC1816_n157/Z (BUFFD4)             0.0289 &   1.2778 f
  u_ctrl/div_37/U160/Z (MUX2D4)                         0.0543 &   1.3321 r
  u_ctrl/div_37/U23/ZN (INVD2)                          0.0151 &   1.3471 f
  u_ctrl/div_37/U236/ZN (CKND4)                         0.0123 &   1.3595 r
  u_ctrl/div_37/u_div_u_add_PartRem_0_2/FE_RC_968_0/ZN (ND2D2)
                                                        0.0171 &   1.3765 f
  u_ctrl/div_37/u_div_u_add_PartRem_0_2/FE_RC_967_0/ZN (OAI21D4)
                                                        0.0296 &   1.4061 r
  u_ctrl/div_37/u_div_u_add_PartRem_0_2/FE_RC_3386_0/ZN (NR2D2)
                                                        0.0161 &   1.4222 f
  u_ctrl/div_37/u_div_u_add_PartRem_0_2/FE_RC_3384_0/ZN (INR2XD2)
                                                        0.0169 &   1.4391 r
  u_ctrl/div_37/u_div_u_add_PartRem_0_2/FE_RC_3395_0/ZN (IND3D2)
                                                        0.0305 &   1.4696 f
  u_ctrl/div_37/u_div_u_add_PartRem_0_2/FE_RC_3230_0/ZN (AOI211XD2)
                                                        0.0331 &   1.5026 r
  u_ctrl/div_37/FE_RC_1815_0/ZN (IND2D4)                0.0257 &   1.5284 f
  u_ctrl/div_37/FE_RC_1814_0/ZN (ND2D8)                 0.0229 &   1.5513 r
  u_ctrl/mult_39/U243/ZN (XNR2D2)                       0.0661 &   1.6173 r
  u_ctrl/mult_39/U245/Z (AN2D4)                         0.0383 &   1.6557 r
  u_ctrl/mult_39/U210/ZN (INVD6)                        0.0129 &   1.6686 f
  u_ctrl/mult_39/U236/ZN (OAI22D4)                      0.0269 &   1.6955 r
  u_ctrl/mult_39/U329/S (HA1D2)                         0.0700 &   1.7655 r
  u_ctrl/mult_39/U253/ZN (ND2D2)                        0.0238 &   1.7893 f
  u_ctrl/mult_39/U161/Z (OA21D4)                        0.0406 &   1.8299 f
  u_ctrl/mult_39/U207/ZN (OAI21D4)                      0.0309 &   1.8607 r
  u_ctrl/mult_39/U21/ZN (AOI21D4)                       0.0251 &   1.8858 f
  u_ctrl/mult_39/U176/ZN (INVD1)                        0.0254 &   1.9113 r
  u_ctrl/mult_39/U197/ZN (ND2D2)                        0.0208 &   1.9321 f
  u_ctrl/mult_39/U178/ZN (CKND2D3)                      0.0283 &   1.9604 r
  u_ctrl/add_39/U82/ZN (NR2D4)                          0.0137 &   1.9741 f
  u_ctrl/add_39/U96/ZN (INVD2)                          0.0173 &   1.9914 r
  u_ctrl/add_39/FE_OFC1339_n21/ZN (INVD2)               0.0118 &   2.0032 f
  u_ctrl/add_39/U137/ZN (NR2XD2)                        0.0175 &   2.0207 r
  u_ctrl/add_39/U117/ZN (CKND2D2)                       0.0161 &   2.0368 f
  u_ctrl/add_39/FE_RC_1817_0/ZN (OAI21D2)               0.0287 &   2.0655 r
  u_ctrl/add_39/U100/Z (CKXOR2D4)                       0.0677 &   2.1332 f
  u_ctrl/add_40/U114/ZN (IND2D4)                        0.0377 &   2.1709 f
  u_ctrl/add_40/U127/ZN (ND2D4)                         0.0177 &   2.1886 r
  u_ctrl/add_40/U125/ZN (INVD2)                         0.0120 &   2.2006 f
  u_ctrl/add_40/U122/ZN (ND2D2)                         0.0138 &   2.2144 r
  u_ctrl/add_40/U123/ZN (CKND2D2)                       0.0129 &   2.2273 f
  u_ctrl/U284/Z (AN2XD1)                                0.0240 &   2.2513 f
  U222/Z (AN2XD1)                                       0.0242 &   2.2756 f
  u_sram/addr_b_q_reg_9_/D (DFND1)                      0.0000 &   2.2756 f
  data arrival time                                                2.2756

  clock clk (fall edge)                                 2.0000     2.0000
  clock network delay (propagated)                      0.1605     2.1605
  clock reconvergence pessimism                         0.0000     2.1605
  clock uncertainty                                    -0.1000     2.0605
  u_sram/addr_b_q_reg_9_/CPN (DFND1)                               2.0605 f
  library setup time                                   -0.0092     2.0513
  data required time                                               2.0513
  ------------------------------------------------------------------------------
  data required time                                               2.0513
  data arrival time                                               -2.2756
  ------------------------------------------------------------------------------
  slack (VIOLATED)                                                -0.2243


  Startpoint: u_ctrl/stage_cnt_reg_0_
               (rising edge-triggered flip-flop clocked by clk)
  Endpoint: u_sram/addr_b_q_reg_9_
               (falling edge-triggered flip-flop clocked by clk)
  Last common pin: clk
  Path Group: clk
  Path Type: max

  Point                                                   Incr       Path
  ------------------------------------------------------------------------------
  clock clk (rise edge)                                 0.0000     0.0000
  clock network delay (propagated)                      0.1632     0.1632
  u_ctrl/stage_cnt_reg_0_/CP (DFCND4)                   0.0000     0.1632 r
  u_ctrl/stage_cnt_reg_0_/Q (DFCND4)                    0.1235 &   0.2868 r
  u_ctrl/FE_RC_257_0/Z (BUFFD8)                         0.0338 &   0.3206 r
  u_ctrl/U14/ZN (CKND2D8)                               0.0217 &   0.3423 f
  u_ctrl/U11/ZN (NR3D4)                                 0.0248 &   0.3671 r
  u_ctrl/div_37/U93/ZN (INVD4)                          0.0161 &   0.3832 f
  u_ctrl/div_37/u_div_u_add_B6/U102/ZN (CKND2)          0.0130 &   0.3962 r
  u_ctrl/div_37/u_div_u_add_B6/FE_OCPC1654_n166/Z (CKBD2)
                                                        0.0284 &   0.4246 r
  u_ctrl/div_37/u_div_u_add_B6/U165/Z (CKXOR2D1)        0.0698 &   0.4944 r
  u_ctrl/div_37/u_div_u_add_PartRem_2_6/U106/ZN (CKND2D0)
                                                        0.0371 &   0.5315 f
  u_ctrl/div_37/u_div_u_add_PartRem_2_6/U101/ZN (CKND1)
                                                        0.0252 &   0.5566 r
  u_ctrl/div_37/u_div_u_add_PartRem_2_6/U115/ZN (OAI211D2)
                                                        0.0242 &   0.5808 f
  u_ctrl/div_37/u_div_u_add_PartRem_2_6/U114/ZN (INR2XD1)
                                                        0.0201 &   0.6009 r
  u_ctrl/div_37/u_div_u_add_PartRem_2_6/FE_RC_861_0/ZN (CKND1)
                                                        0.0174 &   0.6183 f
  u_ctrl/div_37/u_div_u_add_PartRem_2_6/FE_RC_860_0/ZN (IND3D4)
                                                        0.0456 &   0.6639 f
  u_ctrl/div_37/u_div_u_add_PartRem_2_6/U93/ZN (NR2XD4)
                                                        0.0217 &   0.6856 r
  u_ctrl/div_37/FE_RC_1289_0/ZN (IND2D4)                0.0220 &   0.7076 f
  u_ctrl/div_37/FE_RC_1287_0/ZN (IND2D4)                0.0221 &   0.7297 r
  u_ctrl/div_37/FE_RC_1097_0/ZN (ND3D8)                 0.0263 &   0.7559 f
  u_ctrl/div_37/U25/ZN (ND2D8)                          0.0205 &   0.7765 r
  u_ctrl/div_37/U336/ZN (ND2D4)                         0.0237 &   0.8001 f
  u_ctrl/div_37/U204/ZN (NR2XD1)                        0.0220 &   0.8221 r
  u_ctrl/div_37/FE_RC_119_0/ZN (CKND2)                  0.0139 &   0.8359 f
  u_ctrl/div_37/FE_RC_117_0/ZN (ND2D2)                  0.0169 &   0.8528 r
  u_ctrl/div_37/FE_RC_116_0/ZN (NR2D3)                  0.0128 &   0.8656 f
  u_ctrl/div_37/FE_RC_344_0/ZN (AOI22D4)                0.0593 &   0.9249 r
  u_ctrl/div_37/FE_OFC513_n118/ZN (INVD8)               0.0234 &   0.9483 f
  u_ctrl/div_37/u_div_u_add_PartRem_1_4/FE_RC_1301_0/ZN (ND2D2)
                                                        0.0175 &   0.9658 r
  u_ctrl/div_37/u_div_u_add_PartRem_1_4/U74/ZN (ND2D2)
                                                        0.0161 &   0.9819 f
  u_ctrl/div_37/u_div_u_add_PartRem_1_4/U63/ZN (ND2D2)
                                                        0.0187 &   1.0006 r
  u_ctrl/div_37/u_div_u_add_PartRem_1_4/U76/ZN (AOI21D4)
                                                        0.0165 &   1.0171 f
  u_ctrl/div_37/u_div_u_add_PartRem_1_4/U82/ZN (INR2D4)
                                                        0.0415 &   1.0586 r
  u_ctrl/div_37/U33/Z (MUX2D4)                          0.0720 &   1.1307 r
  u_ctrl/div_37/U360/ZN (IND2D4)                        0.0317 &   1.1623 f
  u_ctrl/div_37/U276/ZN (NR2D4)                         0.0369 &   1.1992 r
  u_ctrl/div_37/U432_dup/ZN (NR2D4)                     0.0147 &   1.2139 f
  u_ctrl/div_37/U155/ZN (CKND2D3)                       0.0176 &   1.2315 r
  u_ctrl/div_37/FE_OCPC1814_n157/ZN (CKND4)             0.0170 &   1.2485 f
  u_ctrl/div_37/FE_OCPC1816_n157/Z (BUFFD4)             0.0289 &   1.2774 f
  u_ctrl/div_37/U160/Z (MUX2D4)                         0.0543 &   1.3318 r
  u_ctrl/div_37/U23/ZN (INVD2)                          0.0151 &   1.3468 f
  u_ctrl/div_37/U236/ZN (CKND4)                         0.0123 &   1.3591 r
  u_ctrl/div_37/u_div_u_add_PartRem_0_2/FE_RC_968_0/ZN (ND2D2)
                                                        0.0171 &   1.3762 f
  u_ctrl/div_37/u_div_u_add_PartRem_0_2/FE_RC_967_0/ZN (OAI21D4)
                                                        0.0296 &   1.4058 r
  u_ctrl/div_37/u_div_u_add_PartRem_0_2/FE_RC_3386_0/ZN (NR2D2)
                                                        0.0161 &   1.4219 f
  u_ctrl/div_37/u_div_u_add_PartRem_0_2/FE_RC_3384_0/ZN (INR2XD2)
                                                        0.0169 &   1.4388 r
  u_ctrl/div_37/u_div_u_add_PartRem_0_2/FE_RC_3395_0/ZN (IND3D2)
                                                        0.0305 &   1.4693 f
  u_ctrl/div_37/u_div_u_add_PartRem_0_2/FE_RC_3230_0/ZN (AOI211XD2)
                                                        0.0331 &   1.5023 r
  u_ctrl/div_37/FE_RC_1815_0/ZN (IND2D4)                0.0257 &   1.5280 f
  u_ctrl/div_37/FE_RC_1814_0/ZN (ND2D8)                 0.0229 &   1.5510 r
  u_ctrl/mult_39/U243/ZN (XNR2D2)                       0.0661 &   1.6170 r
  u_ctrl/mult_39/U245/Z (AN2D4)                         0.0383 &   1.6554 r
  u_ctrl/mult_39/U210/ZN (INVD6)                        0.0129 &   1.6682 f
  u_ctrl/mult_39/U236/ZN (OAI22D4)                      0.0269 &   1.6952 r
  u_ctrl/mult_39/U329/S (HA1D2)                         0.0700 &   1.7651 r
  u_ctrl/mult_39/U253/ZN (ND2D2)                        0.0238 &   1.7890 f
  u_ctrl/mult_39/U161/Z (OA21D4)                        0.0406 &   1.8296 f
  u_ctrl/mult_39/U207/ZN (OAI21D4)                      0.0309 &   1.8604 r
  u_ctrl/mult_39/U21/ZN (AOI21D4)                       0.0251 &   1.8855 f
  u_ctrl/mult_39/U176/ZN (INVD1)                        0.0254 &   1.9109 r
  u_ctrl/mult_39/U197/ZN (ND2D2)                        0.0208 &   1.9318 f
  u_ctrl/mult_39/U178/ZN (CKND2D3)                      0.0283 &   1.9600 r
  u_ctrl/add_39/U82/ZN (NR2D4)                          0.0137 &   1.9738 f
  u_ctrl/add_39/U96/ZN (INVD2)                          0.0173 &   1.9910 r
  u_ctrl/add_39/FE_OFC1339_n21/ZN (INVD2)               0.0118 &   2.0029 f
  u_ctrl/add_39/U137/ZN (NR2XD2)                        0.0175 &   2.0203 r
  u_ctrl/add_39/U117/ZN (CKND2D2)                       0.0161 &   2.0365 f
  u_ctrl/add_39/FE_RC_1817_0/ZN (OAI21D2)               0.0287 &   2.0652 r
  u_ctrl/add_39/U100/Z (CKXOR2D4)                       0.0677 &   2.1329 f
  u_ctrl/add_40/U114/ZN (IND2D4)                        0.0377 &   2.1706 f
  u_ctrl/add_40/U127/ZN (ND2D4)                         0.0177 &   2.1882 r
  u_ctrl/add_40/U125/ZN (INVD2)                         0.0120 &   2.2002 f
  u_ctrl/add_40/U122/ZN (ND2D2)                         0.0138 &   2.2141 r
  u_ctrl/add_40/U123/ZN (CKND2D2)                       0.0129 &   2.2270 f
  u_ctrl/U284/Z (AN2XD1)                                0.0240 &   2.2510 f
  U222/Z (AN2XD1)                                       0.0242 &   2.2752 f
  u_sram/addr_b_q_reg_9_/D (DFND1)                      0.0000 &   2.2752 f
  data arrival time                                                2.2752

  clock clk (fall edge)                                 2.0000     2.0000
  clock network delay (propagated)                      0.1605     2.1605
  clock reconvergence pessimism                         0.0000     2.1605
  clock uncertainty                                    -0.1000     2.0605
  u_sram/addr_b_q_reg_9_/CPN (DFND1)                               2.0605 f
  library setup time                                   -0.0092     2.0513
  data required time                                               2.0513
  ------------------------------------------------------------------------------
  data required time                                               2.0513
  data arrival time                                               -2.2752
  ------------------------------------------------------------------------------
  slack (VIOLATED)                                                -0.2240


  Startpoint: u_ctrl/stage_cnt_reg_0_
               (rising edge-triggered flip-flop clocked by clk)
  Endpoint: u_sram/addr_b_q_reg_9_
               (falling edge-triggered flip-flop clocked by clk)
  Last common pin: clk
  Path Group: clk
  Path Type: max

  Point                                                   Incr       Path
  ------------------------------------------------------------------------------
  clock clk (rise edge)                                 0.0000     0.0000
  clock network delay (propagated)                      0.1632     0.1632
  u_ctrl/stage_cnt_reg_0_/CP (DFCND4)                   0.0000     0.1632 r
  u_ctrl/stage_cnt_reg_0_/Q (DFCND4)                    0.1235 &   0.2868 r
  u_ctrl/FE_RC_257_0/Z (BUFFD8)                         0.0338 &   0.3206 r
  u_ctrl/U14/ZN (CKND2D8)                               0.0217 &   0.3423 f
  u_ctrl/U11/ZN (NR3D4)                                 0.0248 &   0.3671 r
  u_ctrl/div_37/U93/ZN (INVD4)                          0.0161 &   0.3832 f
  u_ctrl/div_37/u_div_u_add_B6/U102/ZN (CKND2)          0.0130 &   0.3962 r
  u_ctrl/div_37/u_div_u_add_B6/FE_OCPC1654_n166/Z (CKBD2)
                                                        0.0284 &   0.4246 r
  u_ctrl/div_37/u_div_u_add_B6/U165/Z (CKXOR2D1)        0.0698 &   0.4944 r
  u_ctrl/div_37/u_div_u_add_PartRem_2_6/U106/ZN (CKND2D0)
                                                        0.0371 &   0.5315 f
  u_ctrl/div_37/u_div_u_add_PartRem_2_6/U101/ZN (CKND1)
                                                        0.0252 &   0.5566 r
  u_ctrl/div_37/u_div_u_add_PartRem_2_6/U115/ZN (OAI211D2)
                                                        0.0242 &   0.5808 f
  u_ctrl/div_37/u_div_u_add_PartRem_2_6/U114/ZN (INR2XD1)
                                                        0.0201 &   0.6009 r
  u_ctrl/div_37/u_div_u_add_PartRem_2_6/FE_RC_861_0/ZN (CKND1)
                                                        0.0174 &   0.6183 f
  u_ctrl/div_37/u_div_u_add_PartRem_2_6/FE_RC_860_0/ZN (IND3D4)
                                                        0.0456 &   0.6639 f
  u_ctrl/div_37/u_div_u_add_PartRem_2_6/U93/ZN (NR2XD4)
                                                        0.0217 &   0.6856 r
  u_ctrl/div_37/FE_RC_1289_0/ZN (IND2D4)                0.0220 &   0.7076 f
  u_ctrl/div_37/FE_RC_1287_0/ZN (IND2D4)                0.0221 &   0.7297 r
  u_ctrl/div_37/FE_RC_1097_0/ZN (ND3D8)                 0.0263 &   0.7559 f
  u_ctrl/div_37/U25/ZN (ND2D8)                          0.0205 &   0.7765 r
  u_ctrl/div_37/U336/ZN (ND2D4)                         0.0237 &   0.8001 f
  u_ctrl/div_37/U204/ZN (NR2XD1)                        0.0220 &   0.8221 r
  u_ctrl/div_37/FE_RC_119_0/ZN (CKND2)                  0.0139 &   0.8359 f
  u_ctrl/div_37/FE_RC_117_0/ZN (ND2D2)                  0.0169 &   0.8528 r
  u_ctrl/div_37/FE_RC_116_0/ZN (NR2D3)                  0.0128 &   0.8656 f
  u_ctrl/div_37/FE_RC_344_0/ZN (AOI22D4)                0.0593 &   0.9249 r
  u_ctrl/div_37/FE_OFC513_n118/ZN (INVD8)               0.0234 &   0.9483 f
  u_ctrl/div_37/u_div_u_add_PartRem_1_4/FE_RC_1468_0/ZN (ND2D4)
                                                        0.0167 &   0.9650 r
  u_ctrl/div_37/u_div_u_add_PartRem_1_4/U78/ZN (ND2D2)
                                                        0.0172 &   0.9823 f
  u_ctrl/div_37/u_div_u_add_PartRem_1_4/FE_OFC1291_n117/ZN (CKND2)
                                                        0.0156 &   0.9978 r
  u_ctrl/div_37/u_div_u_add_PartRem_1_4/U76/ZN (AOI21D4)
                                                        0.0188 &   1.0167 f
  u_ctrl/div_37/u_div_u_add_PartRem_1_4/U82/ZN (INR2D4)
                                                        0.0415 &   1.0582 r
  u_ctrl/div_37/U33/Z (MUX2D4)                          0.0720 &   1.1302 r
  u_ctrl/div_37/U360/ZN (IND2D4)                        0.0317 &   1.1619 f
  u_ctrl/div_37/U276/ZN (NR2D4)                         0.0369 &   1.1987 r
  u_ctrl/div_37/U432_dup/ZN (NR2D4)                     0.0147 &   1.2135 f
  u_ctrl/div_37/U155/ZN (CKND2D3)                       0.0176 &   1.2311 r
  u_ctrl/div_37/FE_OCPC1814_n157/ZN (CKND4)             0.0170 &   1.2481 f
  u_ctrl/div_37/FE_OCPC1816_n157/Z (BUFFD4)             0.0289 &   1.2770 f
  u_ctrl/div_37/U160/Z (MUX2D4)                         0.0543 &   1.3313 r
  u_ctrl/div_37/U23/ZN (INVD2)                          0.0151 &   1.3464 f
  u_ctrl/div_37/U236/ZN (CKND4)                         0.0123 &   1.3587 r
  u_ctrl/div_37/u_div_u_add_PartRem_0_2/FE_RC_968_0/ZN (ND2D2)
                                                        0.0171 &   1.3758 f
  u_ctrl/div_37/u_div_u_add_PartRem_0_2/FE_RC_967_0/ZN (OAI21D4)
                                                        0.0296 &   1.4054 r
  u_ctrl/div_37/u_div_u_add_PartRem_0_2/FE_RC_3386_0/ZN (NR2D2)
                                                        0.0161 &   1.4215 f
  u_ctrl/div_37/u_div_u_add_PartRem_0_2/FE_RC_3384_0/ZN (INR2XD2)
                                                        0.0169 &   1.4383 r
  u_ctrl/div_37/u_div_u_add_PartRem_0_2/FE_RC_3395_0/ZN (IND3D2)
                                                        0.0305 &   1.4688 f
  u_ctrl/div_37/u_div_u_add_PartRem_0_2/FE_RC_3230_0/ZN (AOI211XD2)
                                                        0.0331 &   1.5019 r
  u_ctrl/div_37/FE_RC_1815_0/ZN (IND2D4)                0.0257 &   1.5276 f
  u_ctrl/div_37/FE_RC_1814_0/ZN (ND2D8)                 0.0229 &   1.5505 r
  u_ctrl/mult_39/U243/ZN (XNR2D2)                       0.0661 &   1.6166 r
  u_ctrl/mult_39/U245/Z (AN2D4)                         0.0383 &   1.6549 r
  u_ctrl/mult_39/U210/ZN (INVD6)                        0.0129 &   1.6678 f
  u_ctrl/mult_39/U236/ZN (OAI22D4)                      0.0269 &   1.6947 r
  u_ctrl/mult_39/U329/S (HA1D2)                         0.0700 &   1.7647 r
  u_ctrl/mult_39/U253/ZN (ND2D2)                        0.0238 &   1.7885 f
  u_ctrl/mult_39/U161/Z (OA21D4)                        0.0406 &   1.8291 f
  u_ctrl/mult_39/U207/ZN (OAI21D4)                      0.0309 &   1.8600 r
  u_ctrl/mult_39/U21/ZN (AOI21D4)                       0.0251 &   1.8851 f
  u_ctrl/mult_39/U176/ZN (INVD1)                        0.0254 &   1.9105 r
  u_ctrl/mult_39/U197/ZN (ND2D2)                        0.0208 &   1.9313 f
  u_ctrl/mult_39/U178/ZN (CKND2D3)                      0.0283 &   1.9596 r
  u_ctrl/add_39/U82/ZN (NR2D4)                          0.0137 &   1.9733 f
  u_ctrl/add_39/U96/ZN (INVD2)                          0.0173 &   1.9906 r
  u_ctrl/add_39/FE_OFC1339_n21/ZN (INVD2)               0.0118 &   2.0024 f
  u_ctrl/add_39/U137/ZN (NR2XD2)                        0.0175 &   2.0199 r
  u_ctrl/add_39/U117/ZN (CKND2D2)                       0.0161 &   2.0360 f
  u_ctrl/add_39/FE_RC_1817_0/ZN (OAI21D2)               0.0287 &   2.0647 r
  u_ctrl/add_39/U100/Z (CKXOR2D4)                       0.0677 &   2.1324 f
  u_ctrl/add_40/U114/ZN (IND2D4)                        0.0377 &   2.1701 f
  u_ctrl/add_40/U127/ZN (ND2D4)                         0.0177 &   2.1878 r
  u_ctrl/add_40/U125/ZN (INVD2)                         0.0120 &   2.1998 f
  u_ctrl/add_40/U122/ZN (ND2D2)                         0.0138 &   2.2136 r
  u_ctrl/add_40/U123/ZN (CKND2D2)                       0.0129 &   2.2265 f
  u_ctrl/U284/Z (AN2XD1)                                0.0240 &   2.2506 f
  U222/Z (AN2XD1)                                       0.0242 &   2.2748 f
  u_sram/addr_b_q_reg_9_/D (DFND1)                      0.0000 &   2.2748 f
  data arrival time                                                2.2748

  clock clk (fall edge)                                 2.0000     2.0000
  clock network delay (propagated)                      0.1605     2.1605
  clock reconvergence pessimism                         0.0000     2.1605
  clock uncertainty                                    -0.1000     2.0605
  u_sram/addr_b_q_reg_9_/CPN (DFND1)                               2.0605 f
  library setup time                                   -0.0092     2.0513
  data required time                                               2.0513
  ------------------------------------------------------------------------------
  data required time                                               2.0513
  data arrival time                                               -2.2748
  ------------------------------------------------------------------------------
  slack (VIOLATED)                                                -0.2235


  Startpoint: u_ctrl/stage_cnt_reg_0_
               (rising edge-triggered flip-flop clocked by clk)
  Endpoint: u_sram/addr_b_q_reg_9_
               (falling edge-triggered flip-flop clocked by clk)
  Last common pin: clk
  Path Group: clk
  Path Type: max

  Point                                                   Incr       Path
  ------------------------------------------------------------------------------
  clock clk (rise edge)                                 0.0000     0.0000
  clock network delay (propagated)                      0.1632     0.1632
  u_ctrl/stage_cnt_reg_0_/CP (DFCND4)                   0.0000     0.1632 r
  u_ctrl/stage_cnt_reg_0_/Q (DFCND4)                    0.1235 &   0.2868 r
  u_ctrl/FE_RC_257_0/Z (BUFFD8)                         0.0338 &   0.3206 r
  u_ctrl/U14/ZN (CKND2D8)                               0.0217 &   0.3423 f
  u_ctrl/U11/ZN (NR3D4)                                 0.0248 &   0.3671 r
  u_ctrl/div_37/U93/ZN (INVD4)                          0.0161 &   0.3832 f
  u_ctrl/div_37/u_div_u_add_B6/U102/ZN (CKND2)          0.0130 &   0.3962 r
  u_ctrl/div_37/u_div_u_add_B6/FE_OCPC1654_n166/Z (CKBD2)
                                                        0.0284 &   0.4246 r
  u_ctrl/div_37/u_div_u_add_B6/U165/Z (CKXOR2D1)        0.0698 &   0.4944 r
  u_ctrl/div_37/u_div_u_add_PartRem_2_6/U106/ZN (CKND2D0)
                                                        0.0371 &   0.5315 f
  u_ctrl/div_37/u_div_u_add_PartRem_2_6/U101/ZN (CKND1)
                                                        0.0252 &   0.5566 r
  u_ctrl/div_37/u_div_u_add_PartRem_2_6/U115/ZN (OAI211D2)
                                                        0.0242 &   0.5808 f
  u_ctrl/div_37/u_div_u_add_PartRem_2_6/U114/ZN (INR2XD1)
                                                        0.0201 &   0.6009 r
  u_ctrl/div_37/u_div_u_add_PartRem_2_6/FE_RC_861_0/ZN (CKND1)
                                                        0.0174 &   0.6183 f
  u_ctrl/div_37/u_div_u_add_PartRem_2_6/FE_RC_860_0/ZN (IND3D4)
                                                        0.0456 &   0.6639 f
  u_ctrl/div_37/u_div_u_add_PartRem_2_6/U93/ZN (NR2XD4)
                                                        0.0217 &   0.6856 r
  u_ctrl/div_37/FE_RC_1289_0/ZN (IND2D4)                0.0220 &   0.7076 f
  u_ctrl/div_37/FE_RC_1287_0/ZN (IND2D4)                0.0221 &   0.7297 r
  u_ctrl/div_37/FE_RC_1097_0/ZN (ND3D8)                 0.0263 &   0.7559 f
  u_ctrl/div_37/U25/ZN (ND2D8)                          0.0205 &   0.7765 r
  u_ctrl/div_37/U336/ZN (ND2D4)                         0.0237 &   0.8001 f
  u_ctrl/div_37/FE_OFC1073_n295/ZN (INVD6)              0.0211 &   0.8212 r
  u_ctrl/div_37/U118/ZN (IND2D4)                        0.0143 &   0.8354 f
  u_ctrl/div_37/U293/ZN (ND2D2)                         0.0157 &   0.8511 r
  u_ctrl/div_37/FE_RC_3085_0/ZN (NR2D2)                 0.0127 &   0.8638 f
  u_ctrl/div_37/FE_RC_3084_0/ZN (ND2D3)                 0.0220 &   0.8858 r
  u_ctrl/div_37/FE_RC_93_0/ZN (ND2D8)                   0.0299 &   0.9157 f
  u_ctrl/div_37/U206/ZN (INVD6)                         0.0176 &   0.9333 r
  u_ctrl/div_37/u_div_u_add_PartRem_1_4/U69/ZN (ND2D2)
                                                        0.0171 &   0.9504 f
  u_ctrl/div_37/u_div_u_add_PartRem_1_4/U67/ZN (INVD2)
                                                        0.0159 &   0.9663 r
  u_ctrl/div_37/u_div_u_add_PartRem_1_4/U74/ZN (ND2D2)
                                                        0.0161 &   0.9824 f
  u_ctrl/div_37/u_div_u_add_PartRem_1_4/U63/ZN (ND2D2)
                                                        0.0187 &   1.0011 r
  u_ctrl/div_37/u_div_u_add_PartRem_1_4/U76/ZN (AOI21D4)
                                                        0.0165 &   1.0176 f
  u_ctrl/div_37/u_div_u_add_PartRem_1_4/U82/ZN (INR2D4)
                                                        0.0415 &   1.0591 r
  u_ctrl/div_37/U33/Z (MUX2D4)                          0.0720 &   1.1311 r
  u_ctrl/div_37/U360/ZN (IND2D4)                        0.0317 &   1.1628 f
  u_ctrl/div_37/U276/ZN (NR2D4)                         0.0369 &   1.1997 r
  u_ctrl/div_37/U432_dup/ZN (NR2D4)                     0.0147 &   1.2144 f
  u_ctrl/div_37/U155/ZN (CKND2D3)                       0.0176 &   1.2320 r
  u_ctrl/div_37/FE_OCPC1814_n157/ZN (CKND4)             0.0170 &   1.2490 f
  u_ctrl/div_37/FE_OCPC1816_n157/Z (BUFFD4)             0.0289 &   1.2779 f
  u_ctrl/div_37/U160/Z (MUX2D4)                         0.0543 &   1.3322 r
  u_ctrl/div_37/U23/ZN (INVD2)                          0.0151 &   1.3473 f
  u_ctrl/div_37/U236/ZN (CKND4)                         0.0123 &   1.3596 r
  u_ctrl/div_37/u_div_u_add_PartRem_0_2/FE_RC_489_0/ZN (INR2XD1)
                                                        0.0122 &   1.3718 f
  u_ctrl/div_37/u_div_u_add_PartRem_0_2/FE_RC_1339_0/ZN (IAO21D2)
                                                        0.0495 &   1.4213 f
  u_ctrl/div_37/u_div_u_add_PartRem_0_2/FE_RC_1338_0/ZN (NR2XD1)
                                                        0.0198 &   1.4411 r
  u_ctrl/div_37/u_div_u_add_PartRem_0_2/FE_RC_3395_0/ZN (IND3D2)
                                                        0.0276 &   1.4687 f
  u_ctrl/div_37/u_div_u_add_PartRem_0_2/FE_RC_3230_0/ZN (AOI211XD2)
                                                        0.0331 &   1.5018 r
  u_ctrl/div_37/FE_RC_1815_0/ZN (IND2D4)                0.0257 &   1.5275 f
  u_ctrl/div_37/FE_RC_1814_0/ZN (ND2D8)                 0.0229 &   1.5504 r
  u_ctrl/mult_39/U243/ZN (XNR2D2)                       0.0661 &   1.6165 r
  u_ctrl/mult_39/U245/Z (AN2D4)                         0.0383 &   1.6549 r
  u_ctrl/mult_39/U210/ZN (INVD6)                        0.0129 &   1.6677 f
  u_ctrl/mult_39/U236/ZN (OAI22D4)                      0.0269 &   1.6947 r
  u_ctrl/mult_39/U329/S (HA1D2)                         0.0700 &   1.7646 r
  u_ctrl/mult_39/U253/ZN (ND2D2)                        0.0238 &   1.7884 f
  u_ctrl/mult_39/U161/Z (OA21D4)                        0.0406 &   1.8290 f
  u_ctrl/mult_39/U207/ZN (OAI21D4)                      0.0309 &   1.8599 r
  u_ctrl/mult_39/U21/ZN (AOI21D4)                       0.0251 &   1.8850 f
  u_ctrl/mult_39/U176/ZN (INVD1)                        0.0254 &   1.9104 r
  u_ctrl/mult_39/U197/ZN (ND2D2)                        0.0208 &   1.9313 f
  u_ctrl/mult_39/U178/ZN (CKND2D3)                      0.0283 &   1.9595 r
  u_ctrl/add_39/U82/ZN (NR2D4)                          0.0137 &   1.9733 f
  u_ctrl/add_39/U96/ZN (INVD2)                          0.0173 &   1.9905 r
  u_ctrl/add_39/FE_OFC1339_n21/ZN (INVD2)               0.0118 &   2.0024 f
  u_ctrl/add_39/U137/ZN (NR2XD2)                        0.0175 &   2.0198 r
  u_ctrl/add_39/U117/ZN (CKND2D2)                       0.0161 &   2.0359 f
  u_ctrl/add_39/FE_RC_1817_0/ZN (OAI21D2)               0.0287 &   2.0647 r
  u_ctrl/add_39/U100/Z (CKXOR2D4)                       0.0677 &   2.1323 f
  u_ctrl/add_40/U114/ZN (IND2D4)                        0.0377 &   2.1700 f
  u_ctrl/add_40/U127/ZN (ND2D4)                         0.0177 &   2.1877 r
  u_ctrl/add_40/U125/ZN (INVD2)                         0.0120 &   2.1997 f
  u_ctrl/add_40/U122/ZN (ND2D2)                         0.0138 &   2.2136 r
  u_ctrl/add_40/U123/ZN (CKND2D2)                       0.0129 &   2.2265 f
  u_ctrl/U284/Z (AN2XD1)                                0.0240 &   2.2505 f
  U222/Z (AN2XD1)                                       0.0242 &   2.2747 f
  u_sram/addr_b_q_reg_9_/D (DFND1)                      0.0000 &   2.2747 f
  data arrival time                                                2.2747

  clock clk (fall edge)                                 2.0000     2.0000
  clock network delay (propagated)                      0.1605     2.1605
  clock reconvergence pessimism                         0.0000     2.1605
  clock uncertainty                                    -0.1000     2.0605
  u_sram/addr_b_q_reg_9_/CPN (DFND1)                               2.0605 f
  library setup time                                   -0.0092     2.0513
  data required time                                               2.0513
  ------------------------------------------------------------------------------
  data required time                                               2.0513
  data arrival time                                               -2.2747
  ------------------------------------------------------------------------------
  slack (VIOLATED)                                                -0.2235


  Startpoint: u_ctrl/stage_cnt_reg_0_
               (rising edge-triggered flip-flop clocked by clk)
  Endpoint: u_sram/addr_b_q_reg_9_
               (falling edge-triggered flip-flop clocked by clk)
  Last common pin: clk
  Path Group: clk
  Path Type: max

  Point                                                   Incr       Path
  ------------------------------------------------------------------------------
  clock clk (rise edge)                                 0.0000     0.0000
  clock network delay (propagated)                      0.1632     0.1632
  u_ctrl/stage_cnt_reg_0_/CP (DFCND4)                   0.0000     0.1632 r
  u_ctrl/stage_cnt_reg_0_/Q (DFCND4)                    0.1235 &   0.2868 r
  u_ctrl/FE_RC_257_0/Z (BUFFD8)                         0.0338 &   0.3206 r
  u_ctrl/U14/ZN (CKND2D8)                               0.0217 &   0.3423 f
  u_ctrl/U11/ZN (NR3D4)                                 0.0248 &   0.3671 r
  u_ctrl/div_37/U93/ZN (INVD4)                          0.0161 &   0.3832 f
  u_ctrl/div_37/u_div_u_add_B6/U102/ZN (CKND2)          0.0130 &   0.3962 r
  u_ctrl/div_37/u_div_u_add_B6/FE_OCPC1654_n166/Z (CKBD2)
                                                        0.0284 &   0.4246 r
  u_ctrl/div_37/u_div_u_add_B6/U165/Z (CKXOR2D1)        0.0698 &   0.4944 r
  u_ctrl/div_37/u_div_u_add_PartRem_2_6/U106/ZN (CKND2D0)
                                                        0.0371 &   0.5315 f
  u_ctrl/div_37/u_div_u_add_PartRem_2_6/U101/ZN (CKND1)
                                                        0.0252 &   0.5566 r
  u_ctrl/div_37/u_div_u_add_PartRem_2_6/U115/ZN (OAI211D2)
                                                        0.0242 &   0.5808 f
  u_ctrl/div_37/u_div_u_add_PartRem_2_6/U114/ZN (INR2XD1)
                                                        0.0201 &   0.6009 r
  u_ctrl/div_37/u_div_u_add_PartRem_2_6/FE_RC_861_0/ZN (CKND1)
                                                        0.0174 &   0.6183 f
  u_ctrl/div_37/u_div_u_add_PartRem_2_6/FE_RC_860_0/ZN (IND3D4)
                                                        0.0456 &   0.6639 f
  u_ctrl/div_37/u_div_u_add_PartRem_2_6/U93/ZN (NR2XD4)
                                                        0.0217 &   0.6856 r
  u_ctrl/div_37/FE_RC_1289_0/ZN (IND2D4)                0.0220 &   0.7076 f
  u_ctrl/div_37/FE_RC_1287_0/ZN (IND2D4)                0.0221 &   0.7297 r
  u_ctrl/div_37/FE_RC_1097_0/ZN (ND3D8)                 0.0263 &   0.7559 f
  u_ctrl/div_37/U25/ZN (ND2D8)                          0.0205 &   0.7765 r
  u_ctrl/div_37/U336/ZN (ND2D4)                         0.0237 &   0.8001 f
  u_ctrl/div_37/FE_OFC1073_n295/ZN (INVD6)              0.0211 &   0.8212 r
  u_ctrl/div_37/U191/ZN (ND2D2)                         0.0165 &   0.8377 f
  u_ctrl/div_37/U103/ZN (ND2D2)                         0.0174 &   0.8551 r
  u_ctrl/div_37/U125/ZN (NR2D3)                         0.0138 &   0.8690 f
  u_ctrl/div_37/FE_RC_94_0/ZN (ND2D4)                   0.0160 &   0.8849 r
  u_ctrl/div_37/FE_RC_93_0/ZN (ND2D8)                   0.0306 &   0.9155 f
  u_ctrl/div_37/U206/ZN (INVD6)                         0.0176 &   0.9332 r
  u_ctrl/div_37/u_div_u_add_PartRem_1_4/U69/ZN (ND2D2)
                                                        0.0171 &   0.9503 f
  u_ctrl/div_37/u_div_u_add_PartRem_1_4/U67/ZN (INVD2)
                                                        0.0159 &   0.9662 r
  u_ctrl/div_37/u_div_u_add_PartRem_1_4/U74/ZN (ND2D2)
                                                        0.0161 &   0.9822 f
  u_ctrl/div_37/u_div_u_add_PartRem_1_4/U63/ZN (ND2D2)
                                                        0.0187 &   1.0010 r
  u_ctrl/div_37/u_div_u_add_PartRem_1_4/U76/ZN (AOI21D4)
                                                        0.0165 &   1.0174 f
  u_ctrl/div_37/u_div_u_add_PartRem_1_4/U82/ZN (INR2D4)
                                                        0.0415 &   1.0590 r
  u_ctrl/div_37/U33/Z (MUX2D4)                          0.0720 &   1.1310 r
  u_ctrl/div_37/U360/ZN (IND2D4)                        0.0317 &   1.1626 f
  u_ctrl/div_37/U276/ZN (NR2D4)                         0.0369 &   1.1995 r
  u_ctrl/div_37/U432_dup/ZN (NR2D4)                     0.0147 &   1.2143 f
  u_ctrl/div_37/U155/ZN (CKND2D3)                       0.0176 &   1.2318 r
  u_ctrl/div_37/FE_OCPC1814_n157/ZN (CKND4)             0.0170 &   1.2488 f
  u_ctrl/div_37/FE_OCPC1816_n157/Z (BUFFD4)             0.0289 &   1.2778 f
  u_ctrl/div_37/U160/Z (MUX2D4)                         0.0543 &   1.3321 r
  u_ctrl/div_37/U23/ZN (INVD2)                          0.0151 &   1.3471 f
  u_ctrl/div_37/U236/ZN (CKND4)                         0.0123 &   1.3595 r
  u_ctrl/div_37/u_div_u_add_PartRem_0_2/FE_RC_489_0/ZN (INR2XD1)
                                                        0.0122 &   1.3717 f
  u_ctrl/div_37/u_div_u_add_PartRem_0_2/FE_RC_1339_0/ZN (IAO21D2)
                                                        0.0495 &   1.4212 f
  u_ctrl/div_37/u_div_u_add_PartRem_0_2/FE_RC_1338_0/ZN (NR2XD1)
                                                        0.0198 &   1.4410 r
  u_ctrl/div_37/u_div_u_add_PartRem_0_2/FE_RC_3395_0/ZN (IND3D2)
                                                        0.0276 &   1.4686 f
  u_ctrl/div_37/u_div_u_add_PartRem_0_2/FE_RC_3230_0/ZN (AOI211XD2)
                                                        0.0331 &   1.5016 r
  u_ctrl/div_37/FE_RC_1815_0/ZN (IND2D4)                0.0257 &   1.5274 f
  u_ctrl/div_37/FE_RC_1814_0/ZN (ND2D8)                 0.0229 &   1.5503 r
  u_ctrl/mult_39/U243/ZN (XNR2D2)                       0.0661 &   1.6163 r
  u_ctrl/mult_39/U245/Z (AN2D4)                         0.0383 &   1.6547 r
  u_ctrl/mult_39/U210/ZN (INVD6)                        0.0129 &   1.6676 f
  u_ctrl/mult_39/U236/ZN (OAI22D4)                      0.0269 &   1.6945 r
  u_ctrl/mult_39/U329/S (HA1D2)                         0.0700 &   1.7645 r
  u_ctrl/mult_39/U253/ZN (ND2D2)                        0.0238 &   1.7883 f
  u_ctrl/mult_39/U161/Z (OA21D4)                        0.0406 &   1.8289 f
  u_ctrl/mult_39/U207/ZN (OAI21D4)                      0.0309 &   1.8598 r
  u_ctrl/mult_39/U21/ZN (AOI21D4)                       0.0251 &   1.8848 f
  u_ctrl/mult_39/U176/ZN (INVD1)                        0.0254 &   1.9103 r
  u_ctrl/mult_39/U197/ZN (ND2D2)                        0.0208 &   1.9311 f
  u_ctrl/mult_39/U178/ZN (CKND2D3)                      0.0283 &   1.9594 r
  u_ctrl/add_39/U82/ZN (NR2D4)                          0.0137 &   1.9731 f
  u_ctrl/add_39/U96/ZN (INVD2)                          0.0173 &   1.9904 r
  u_ctrl/add_39/FE_OFC1339_n21/ZN (INVD2)               0.0118 &   2.0022 f
  u_ctrl/add_39/U137/ZN (NR2XD2)                        0.0175 &   2.0197 r
  u_ctrl/add_39/U117/ZN (CKND2D2)                       0.0161 &   2.0358 f
  u_ctrl/add_39/FE_RC_1817_0/ZN (OAI21D2)               0.0287 &   2.0645 r
  u_ctrl/add_39/U100/Z (CKXOR2D4)                       0.0677 &   2.1322 f
  u_ctrl/add_40/U114/ZN (IND2D4)                        0.0377 &   2.1699 f
  u_ctrl/add_40/U127/ZN (ND2D4)                         0.0177 &   2.1876 r
  u_ctrl/add_40/U125/ZN (INVD2)                         0.0120 &   2.1996 f
  u_ctrl/add_40/U122/ZN (ND2D2)                         0.0138 &   2.2134 r
  u_ctrl/add_40/U123/ZN (CKND2D2)                       0.0129 &   2.2263 f
  u_ctrl/U284/Z (AN2XD1)                                0.0240 &   2.2504 f
  U222/Z (AN2XD1)                                       0.0242 &   2.2746 f
  u_sram/addr_b_q_reg_9_/D (DFND1)                      0.0000 &   2.2746 f
  data arrival time                                                2.2746

  clock clk (fall edge)                                 2.0000     2.0000
  clock network delay (propagated)                      0.1605     2.1605
  clock reconvergence pessimism                         0.0000     2.1605
  clock uncertainty                                    -0.1000     2.0605
  u_sram/addr_b_q_reg_9_/CPN (DFND1)                               2.0605 f
  library setup time                                   -0.0092     2.0513
  data required time                                               2.0513
  ------------------------------------------------------------------------------
  data required time                                               2.0513
  data arrival time                                               -2.2746
  ------------------------------------------------------------------------------
  slack (VIOLATED)                                                -0.2233


  Startpoint: u_ctrl/stage_cnt_reg_0_
               (rising edge-triggered flip-flop clocked by clk)
  Endpoint: u_sram/addr_b_q_reg_9_
               (falling edge-triggered flip-flop clocked by clk)
  Last common pin: clk
  Path Group: clk
  Path Type: max

  Point                                                   Incr       Path
  ------------------------------------------------------------------------------
  clock clk (rise edge)                                 0.0000     0.0000
  clock network delay (propagated)                      0.1632     0.1632
  u_ctrl/stage_cnt_reg_0_/CP (DFCND4)                   0.0000     0.1632 r
  u_ctrl/stage_cnt_reg_0_/Q (DFCND4)                    0.1235 &   0.2868 r
  u_ctrl/FE_RC_257_0/Z (BUFFD8)                         0.0338 &   0.3206 r
  u_ctrl/U14/ZN (CKND2D8)                               0.0217 &   0.3423 f
  u_ctrl/U11/ZN (NR3D4)                                 0.0248 &   0.3671 r
  u_ctrl/div_37/U93/ZN (INVD4)                          0.0161 &   0.3832 f
  u_ctrl/div_37/u_div_u_add_B6/U102/ZN (CKND2)          0.0130 &   0.3962 r
  u_ctrl/div_37/u_div_u_add_B6/FE_OCPC1654_n166/Z (CKBD2)
                                                        0.0284 &   0.4246 r
  u_ctrl/div_37/u_div_u_add_B6/U165/Z (CKXOR2D1)        0.0698 &   0.4944 r
  u_ctrl/div_37/u_div_u_add_PartRem_2_6/U106/ZN (CKND2D0)
                                                        0.0371 &   0.5315 f
  u_ctrl/div_37/u_div_u_add_PartRem_2_6/U101/ZN (CKND1)
                                                        0.0252 &   0.5566 r
  u_ctrl/div_37/u_div_u_add_PartRem_2_6/U115/ZN (OAI211D2)
                                                        0.0242 &   0.5808 f
  u_ctrl/div_37/u_div_u_add_PartRem_2_6/U114/ZN (INR2XD1)
                                                        0.0201 &   0.6009 r
  u_ctrl/div_37/u_div_u_add_PartRem_2_6/FE_RC_861_0/ZN (CKND1)
                                                        0.0174 &   0.6183 f
  u_ctrl/div_37/u_div_u_add_PartRem_2_6/FE_RC_860_0/ZN (IND3D4)
                                                        0.0456 &   0.6639 f
  u_ctrl/div_37/u_div_u_add_PartRem_2_6/U93/ZN (NR2XD4)
                                                        0.0217 &   0.6856 r
  u_ctrl/div_37/FE_RC_1289_0/ZN (IND2D4)                0.0220 &   0.7076 f
  u_ctrl/div_37/FE_RC_1287_0/ZN (IND2D4)                0.0221 &   0.7297 r
  u_ctrl/div_37/FE_RC_1097_0/ZN (ND3D8)                 0.0263 &   0.7559 f
  u_ctrl/div_37/U25/ZN (ND2D8)                          0.0205 &   0.7765 r
  u_ctrl/div_37/U336/ZN (ND2D4)                         0.0237 &   0.8001 f
  u_ctrl/div_37/FE_OFC1073_n295/ZN (INVD6)              0.0211 &   0.8212 r
  u_ctrl/div_37/U118/ZN (IND2D4)                        0.0143 &   0.8354 f
  u_ctrl/div_37/U293/ZN (ND2D2)                         0.0157 &   0.8511 r
  u_ctrl/div_37/FE_RC_3085_0/ZN (NR2D2)                 0.0127 &   0.8638 f
  u_ctrl/div_37/FE_RC_3084_0/ZN (ND2D3)                 0.0220 &   0.8858 r
  u_ctrl/div_37/FE_RC_93_0/ZN (ND2D8)                   0.0299 &   0.9157 f
  u_ctrl/div_37/U206/ZN (INVD6)                         0.0176 &   0.9333 r
  u_ctrl/div_37/u_div_u_add_PartRem_1_4/U69/ZN (ND2D2)
                                                        0.0171 &   0.9504 f
  u_ctrl/div_37/u_div_u_add_PartRem_1_4/U67/ZN (INVD2)
                                                        0.0159 &   0.9663 r
  u_ctrl/div_37/u_div_u_add_PartRem_1_4/U74/ZN (ND2D2)
                                                        0.0161 &   0.9824 f
  u_ctrl/div_37/u_div_u_add_PartRem_1_4/U63/ZN (ND2D2)
                                                        0.0187 &   1.0011 r
  u_ctrl/div_37/u_div_u_add_PartRem_1_4/U76/ZN (AOI21D4)
                                                        0.0165 &   1.0176 f
  u_ctrl/div_37/u_div_u_add_PartRem_1_4/U82/ZN (INR2D4)
                                                        0.0415 &   1.0591 r
  u_ctrl/div_37/U33/Z (MUX2D4)                          0.0720 &   1.1311 r
  u_ctrl/div_37/U360/ZN (IND2D4)                        0.0317 &   1.1628 f
  u_ctrl/div_37/U276/ZN (NR2D4)                         0.0369 &   1.1997 r
  u_ctrl/div_37/U432_dup/ZN (NR2D4)                     0.0147 &   1.2144 f
  u_ctrl/div_37/U155/ZN (CKND2D3)                       0.0176 &   1.2320 r
  u_ctrl/div_37/FE_OCPC1814_n157/ZN (CKND4)             0.0170 &   1.2490 f
  u_ctrl/div_37/FE_OCPC1816_n157/Z (BUFFD4)             0.0289 &   1.2779 f
  u_ctrl/div_37/U160/Z (MUX2D4)                         0.0543 &   1.3322 r
  u_ctrl/div_37/U23/ZN (INVD2)                          0.0151 &   1.3473 f
  u_ctrl/div_37/U236/ZN (CKND4)                         0.0123 &   1.3596 r
  u_ctrl/div_37/u_div_u_add_PartRem_0_2/FE_RC_968_0/ZN (ND2D2)
                                                        0.0171 &   1.3767 f
  u_ctrl/div_37/u_div_u_add_PartRem_0_2/FE_RC_967_0/ZN (OAI21D4)
                                                        0.0296 &   1.4063 r
  u_ctrl/div_37/u_div_u_add_PartRem_0_2/FE_RC_3386_0/ZN (NR2D2)
                                                        0.0161 &   1.4224 f
  u_ctrl/div_37/u_div_u_add_PartRem_0_2/FE_RC_3384_0/ZN (INR2XD2)
                                                        0.0169 &   1.4393 r
  u_ctrl/div_37/u_div_u_add_PartRem_0_2/FE_RC_3395_0/ZN (IND3D2)
                                                        0.0305 &   1.4697 f
  u_ctrl/div_37/u_div_u_add_PartRem_0_2/FE_RC_3230_0/ZN (AOI211XD2)
                                                        0.0331 &   1.5028 r
  u_ctrl/div_37/FE_RC_1815_0/ZN (IND2D4)                0.0257 &   1.5285 f
  u_ctrl/div_37/FE_RC_1814_0/ZN (ND2D8)                 0.0229 &   1.5514 r
  u_ctrl/mult_39/U243/ZN (XNR2D2)                       0.0661 &   1.6175 r
  u_ctrl/mult_39/U245/Z (AN2D4)                         0.0383 &   1.6558 r
  u_ctrl/mult_39/U210/ZN (INVD6)                        0.0129 &   1.6687 f
  u_ctrl/mult_39/U236/ZN (OAI22D4)                      0.0269 &   1.6956 r
  u_ctrl/mult_39/U329/S (HA1D2)                         0.0700 &   1.7656 r
  u_ctrl/mult_39/U157/ZN (NR2D4)                        0.0135 &   1.7791 f
  u_ctrl/mult_39/U161/Z (OA21D4)                        0.0497 &   1.8288 f
  u_ctrl/mult_39/U207/ZN (OAI21D4)                      0.0309 &   1.8597 r
  u_ctrl/mult_39/U21/ZN (AOI21D4)                       0.0251 &   1.8848 f
  u_ctrl/mult_39/U176/ZN (INVD1)                        0.0254 &   1.9102 r
  u_ctrl/mult_39/U197/ZN (ND2D2)                        0.0208 &   1.9310 f
  u_ctrl/mult_39/U178/ZN (CKND2D3)                      0.0283 &   1.9593 r
  u_ctrl/add_39/U82/ZN (NR2D4)                          0.0137 &   1.9730 f
  u_ctrl/add_39/U96/ZN (INVD2)                          0.0173 &   1.9903 r
  u_ctrl/add_39/FE_OFC1339_n21/ZN (INVD2)               0.0118 &   2.0021 f
  u_ctrl/add_39/U137/ZN (NR2XD2)                        0.0175 &   2.0196 r
  u_ctrl/add_39/U117/ZN (CKND2D2)                       0.0161 &   2.0357 f
  u_ctrl/add_39/FE_RC_1817_0/ZN (OAI21D2)               0.0287 &   2.0645 r
  u_ctrl/add_39/U100/Z (CKXOR2D4)                       0.0677 &   2.1321 f
  u_ctrl/add_40/U114/ZN (IND2D4)                        0.0377 &   2.1698 f
  u_ctrl/add_40/U127/ZN (ND2D4)                         0.0177 &   2.1875 r
  u_ctrl/add_40/U125/ZN (INVD2)                         0.0120 &   2.1995 f
  u_ctrl/add_40/U122/ZN (ND2D2)                         0.0138 &   2.2134 r
  u_ctrl/add_40/U123/ZN (CKND2D2)                       0.0129 &   2.2262 f
  u_ctrl/U284/Z (AN2XD1)                                0.0240 &   2.2503 f
  U222/Z (AN2XD1)                                       0.0242 &   2.2745 f
  u_sram/addr_b_q_reg_9_/D (DFND1)                      0.0000 &   2.2745 f
  data arrival time                                                2.2745

  clock clk (fall edge)                                 2.0000     2.0000
  clock network delay (propagated)                      0.1605     2.1605
  clock reconvergence pessimism                         0.0000     2.1605
  clock uncertainty                                    -0.1000     2.0605
  u_sram/addr_b_q_reg_9_/CPN (DFND1)                               2.0605 f
  library setup time                                   -0.0092     2.0513
  data required time                                               2.0513
  ------------------------------------------------------------------------------
  data required time                                               2.0513
  data arrival time                                               -2.2745
  ------------------------------------------------------------------------------
  slack (VIOLATED)                                                -0.2232


  Startpoint: u_ctrl/stage_cnt_reg_0_
               (rising edge-triggered flip-flop clocked by clk)
  Endpoint: u_sram/addr_b_q_reg_9_
               (falling edge-triggered flip-flop clocked by clk)
  Last common pin: clk
  Path Group: clk
  Path Type: max

  Point                                                   Incr       Path
  ------------------------------------------------------------------------------
  clock clk (rise edge)                                 0.0000     0.0000
  clock network delay (propagated)                      0.1632     0.1632
  u_ctrl/stage_cnt_reg_0_/CP (DFCND4)                   0.0000     0.1632 r
  u_ctrl/stage_cnt_reg_0_/Q (DFCND4)                    0.1235 &   0.2868 r
  u_ctrl/FE_RC_257_0/Z (BUFFD8)                         0.0338 &   0.3206 r
  u_ctrl/U14/ZN (CKND2D8)                               0.0217 &   0.3423 f
  u_ctrl/U11/ZN (NR3D4)                                 0.0248 &   0.3671 r
  u_ctrl/div_37/U93/ZN (INVD4)                          0.0161 &   0.3832 f
  u_ctrl/div_37/u_div_u_add_B6/U102/ZN (CKND2)          0.0130 &   0.3962 r
  u_ctrl/div_37/u_div_u_add_B6/FE_OCPC1654_n166/Z (CKBD2)
                                                        0.0284 &   0.4246 r
  u_ctrl/div_37/u_div_u_add_B6/U165/Z (CKXOR2D1)        0.0698 &   0.4944 r
  u_ctrl/div_37/u_div_u_add_PartRem_2_6/U106/ZN (CKND2D0)
                                                        0.0371 &   0.5315 f
  u_ctrl/div_37/u_div_u_add_PartRem_2_6/U101/ZN (CKND1)
                                                        0.0252 &   0.5566 r
  u_ctrl/div_37/u_div_u_add_PartRem_2_6/U115/ZN (OAI211D2)
                                                        0.0242 &   0.5808 f
  u_ctrl/div_37/u_div_u_add_PartRem_2_6/U114/ZN (INR2XD1)
                                                        0.0201 &   0.6009 r
  u_ctrl/div_37/u_div_u_add_PartRem_2_6/FE_RC_861_0/ZN (CKND1)
                                                        0.0174 &   0.6183 f
  u_ctrl/div_37/u_div_u_add_PartRem_2_6/FE_RC_860_0/ZN (IND3D4)
                                                        0.0456 &   0.6639 f
  u_ctrl/div_37/u_div_u_add_PartRem_2_6/U93/ZN (NR2XD4)
                                                        0.0217 &   0.6856 r
  u_ctrl/div_37/FE_RC_1289_0/ZN (IND2D4)                0.0220 &   0.7076 f
  u_ctrl/div_37/FE_RC_1287_0/ZN (IND2D4)                0.0221 &   0.7297 r
  u_ctrl/div_37/FE_RC_1097_0/ZN (ND3D8)                 0.0263 &   0.7559 f
  u_ctrl/div_37/U25/ZN (ND2D8)                          0.0205 &   0.7765 r
  u_ctrl/div_37/U336/ZN (ND2D4)                         0.0237 &   0.8001 f
  u_ctrl/div_37/FE_OFC1073_n295/ZN (INVD6)              0.0211 &   0.8212 r
  u_ctrl/div_37/U118/ZN (IND2D4)                        0.0143 &   0.8354 f
  u_ctrl/div_37/U293/ZN (ND2D2)                         0.0157 &   0.8511 r
  u_ctrl/div_37/FE_RC_3085_0/ZN (NR2D2)                 0.0127 &   0.8638 f
  u_ctrl/div_37/FE_RC_3084_0/ZN (ND2D3)                 0.0220 &   0.8858 r
  u_ctrl/div_37/FE_RC_93_0/ZN (ND2D8)                   0.0299 &   0.9157 f
  u_ctrl/div_37/U206/ZN (INVD6)                         0.0176 &   0.9333 r
  u_ctrl/div_37/u_div_u_add_PartRem_1_4/U69/ZN (ND2D2)
                                                        0.0171 &   0.9504 f
  u_ctrl/div_37/u_div_u_add_PartRem_1_4/U67/ZN (INVD2)
                                                        0.0159 &   0.9663 r
  u_ctrl/div_37/u_div_u_add_PartRem_1_4/U74/ZN (ND2D2)
                                                        0.0161 &   0.9824 f
  u_ctrl/div_37/u_div_u_add_PartRem_1_4/U63/ZN (ND2D2)
                                                        0.0187 &   1.0011 r
  u_ctrl/div_37/u_div_u_add_PartRem_1_4/U76/ZN (AOI21D4)
                                                        0.0165 &   1.0176 f
  u_ctrl/div_37/u_div_u_add_PartRem_1_4/U82/ZN (INR2D4)
                                                        0.0415 &   1.0591 r
  u_ctrl/div_37/U33/Z (MUX2D4)                          0.0720 &   1.1311 r
  u_ctrl/div_37/U360/ZN (IND2D4)                        0.0317 &   1.1628 f
  u_ctrl/div_37/U276/ZN (NR2D4)                         0.0369 &   1.1997 r
  u_ctrl/div_37/U432_dup/ZN (NR2D4)                     0.0147 &   1.2144 f
  u_ctrl/div_37/U155/ZN (CKND2D3)                       0.0176 &   1.2320 r
  u_ctrl/div_37/FE_OCPC1814_n157/ZN (CKND4)             0.0170 &   1.2490 f
  u_ctrl/div_37/FE_OCPC1816_n157/Z (BUFFD4)             0.0289 &   1.2779 f
  u_ctrl/div_37/U160/Z (MUX2D4)                         0.0543 &   1.3322 r
  u_ctrl/div_37/U23/ZN (INVD2)                          0.0151 &   1.3473 f
  u_ctrl/div_37/U236/ZN (CKND4)                         0.0123 &   1.3596 r
  u_ctrl/div_37/u_div_u_add_PartRem_0_2/FE_RC_968_0/ZN (ND2D2)
                                                        0.0171 &   1.3767 f
  u_ctrl/div_37/u_div_u_add_PartRem_0_2/FE_RC_967_0/ZN (OAI21D4)
                                                        0.0296 &   1.4063 r
  u_ctrl/div_37/u_div_u_add_PartRem_0_2/FE_RC_3386_0/ZN (NR2D2)
                                                        0.0161 &   1.4224 f
  u_ctrl/div_37/u_div_u_add_PartRem_0_2/FE_RC_3384_0/ZN (INR2XD2)
                                                        0.0169 &   1.4393 r
  u_ctrl/div_37/u_div_u_add_PartRem_0_2/FE_RC_3395_0/ZN (IND3D2)
                                                        0.0305 &   1.4697 f
  u_ctrl/div_37/u_div_u_add_PartRem_0_2/FE_RC_3230_0/ZN (AOI211XD2)
                                                        0.0331 &   1.5028 r
  u_ctrl/div_37/FE_RC_1815_0/ZN (IND2D4)                0.0257 &   1.5285 f
  u_ctrl/div_37/FE_RC_1814_0/ZN (ND2D8)                 0.0229 &   1.5514 r
  u_ctrl/mult_39/U243/ZN (XNR2D2)                       0.0661 &   1.6175 r
  u_ctrl/mult_39/U245/Z (AN2D4)                         0.0383 &   1.6558 r
  u_ctrl/mult_39/U210/ZN (INVD6)                        0.0129 &   1.6687 f
  u_ctrl/mult_39/U236/ZN (OAI22D4)                      0.0269 &   1.6956 r
  u_ctrl/mult_39/U329/S (HA1D2)                         0.0700 &   1.7656 r
  u_ctrl/mult_39/U253/ZN (ND2D2)                        0.0238 &   1.7894 f
  u_ctrl/mult_39/U161/Z (OA21D4)                        0.0406 &   1.8300 f
  u_ctrl/mult_39/U207/ZN (OAI21D4)                      0.0309 &   1.8609 r
  u_ctrl/mult_39/U21/ZN (AOI21D4)                       0.0251 &   1.8860 f
  u_ctrl/mult_39/U170/ZN (OAI21D2)                      0.0296 &   1.9156 r
  u_ctrl/mult_39/FE_RC_292_0/ZN (IND2D2)                0.0319 &   1.9475 r
  u_ctrl/mult_39/FE_RC_291_0/ZN (CKND2D3)               0.0200 &   1.9676 f
  u_ctrl/add_39/U78/ZN (NR2D4)                          0.0281 &   1.9957 r
  u_ctrl/add_39/FE_RC_135_0/ZN (OAI21D2)                0.0210 &   2.0167 f
  u_ctrl/add_39/U128/ZN (AOI21D2)                       0.0380 &   2.0546 r
  u_ctrl/add_39/FE_RC_1817_0/ZN (OAI21D2)               0.0299 &   2.0845 f
  u_ctrl/add_39/U100/Z (CKXOR2D4)                       0.0550 &   2.1396 r
  u_ctrl/add_40/U114/ZN (IND2D4)                        0.0300 &   2.1695 r
  u_ctrl/add_40/U127/ZN (ND2D4)                         0.0177 &   2.1873 f
  u_ctrl/add_40/U125/ZN (INVD2)                         0.0152 &   2.2025 r
  u_ctrl/add_40/U122/ZN (ND2D2)                         0.0154 &   2.2180 f
  u_ctrl/add_40/U123/ZN (CKND2D2)                       0.0145 &   2.2324 r
  u_ctrl/U284/Z (AN2XD1)                                0.0304 &   2.2628 r
  U222/Z (AN2XD1)                                       0.0306 &   2.2934 r
  u_sram/addr_b_q_reg_9_/D (DFND1)                      0.0000 &   2.2934 r
  data arrival time                                                2.2934

  clock clk (fall edge)                                 2.0000     2.0000
  clock network delay (propagated)                      0.1605     2.1605
  clock reconvergence pessimism                         0.0000     2.1605
  clock uncertainty                                    -0.1000     2.0605
  u_sram/addr_b_q_reg_9_/CPN (DFND1)                               2.0605 f
  library setup time                                    0.0097     2.0702
  data required time                                               2.0702
  ------------------------------------------------------------------------------
  data required time                                               2.0702
  data arrival time                                               -2.2934
  ------------------------------------------------------------------------------
  slack (VIOLATED)                                                -0.2232


  Startpoint: u_ctrl/stage_cnt_reg_0_
               (rising edge-triggered flip-flop clocked by clk)
  Endpoint: u_sram/addr_b_q_reg_9_
               (falling edge-triggered flip-flop clocked by clk)
  Last common pin: clk
  Path Group: clk
  Path Type: max

  Point                                                   Incr       Path
  ------------------------------------------------------------------------------
  clock clk (rise edge)                                 0.0000     0.0000
  clock network delay (propagated)                      0.1632     0.1632
  u_ctrl/stage_cnt_reg_0_/CP (DFCND4)                   0.0000     0.1632 r
  u_ctrl/stage_cnt_reg_0_/Q (DFCND4)                    0.1235 &   0.2868 r
  u_ctrl/FE_RC_257_0/Z (BUFFD8)                         0.0338 &   0.3206 r
  u_ctrl/U14/ZN (CKND2D8)                               0.0217 &   0.3423 f
  u_ctrl/U11/ZN (NR3D4)                                 0.0248 &   0.3671 r
  u_ctrl/div_37/U93/ZN (INVD4)                          0.0161 &   0.3832 f
  u_ctrl/div_37/u_div_u_add_B6/U102/ZN (CKND2)          0.0130 &   0.3962 r
  u_ctrl/div_37/u_div_u_add_B6/FE_OCPC1654_n166/Z (CKBD2)
                                                        0.0284 &   0.4246 r
  u_ctrl/div_37/u_div_u_add_B6/U165/Z (CKXOR2D1)        0.0698 &   0.4944 r
  u_ctrl/div_37/u_div_u_add_PartRem_2_6/U106/ZN (CKND2D0)
                                                        0.0371 &   0.5315 f
  u_ctrl/div_37/u_div_u_add_PartRem_2_6/U101/ZN (CKND1)
                                                        0.0252 &   0.5566 r
  u_ctrl/div_37/u_div_u_add_PartRem_2_6/U115/ZN (OAI211D2)
                                                        0.0242 &   0.5808 f
  u_ctrl/div_37/u_div_u_add_PartRem_2_6/U114/ZN (INR2XD1)
                                                        0.0201 &   0.6009 r
  u_ctrl/div_37/u_div_u_add_PartRem_2_6/FE_RC_861_0/ZN (CKND1)
                                                        0.0174 &   0.6183 f
  u_ctrl/div_37/u_div_u_add_PartRem_2_6/FE_RC_860_0/ZN (IND3D4)
                                                        0.0456 &   0.6639 f
  u_ctrl/div_37/u_div_u_add_PartRem_2_6/U93/ZN (NR2XD4)
                                                        0.0217 &   0.6856 r
  u_ctrl/div_37/FE_RC_1289_0/ZN (IND2D4)                0.0220 &   0.7076 f
  u_ctrl/div_37/FE_RC_1287_0/ZN (IND2D4)                0.0221 &   0.7297 r
  u_ctrl/div_37/FE_RC_1097_0/ZN (ND3D8)                 0.0263 &   0.7559 f
  u_ctrl/div_37/U25/ZN (ND2D8)                          0.0205 &   0.7765 r
  u_ctrl/div_37/U336/ZN (ND2D4)                         0.0237 &   0.8001 f
  u_ctrl/div_37/FE_OFC1073_n295/ZN (INVD6)              0.0211 &   0.8212 r
  u_ctrl/div_37/U191/ZN (ND2D2)                         0.0165 &   0.8377 f
  u_ctrl/div_37/U103/ZN (ND2D2)                         0.0174 &   0.8551 r
  u_ctrl/div_37/U125/ZN (NR2D3)                         0.0138 &   0.8690 f
  u_ctrl/div_37/FE_RC_94_0/ZN (ND2D4)                   0.0160 &   0.8849 r
  u_ctrl/div_37/FE_RC_93_0/ZN (ND2D8)                   0.0306 &   0.9155 f
  u_ctrl/div_37/U206/ZN (INVD6)                         0.0176 &   0.9332 r
  u_ctrl/div_37/u_div_u_add_PartRem_1_4/U69/ZN (ND2D2)
                                                        0.0171 &   0.9503 f
  u_ctrl/div_37/u_div_u_add_PartRem_1_4/U67/ZN (INVD2)
                                                        0.0159 &   0.9662 r
  u_ctrl/div_37/u_div_u_add_PartRem_1_4/U74/ZN (ND2D2)
                                                        0.0161 &   0.9822 f
  u_ctrl/div_37/u_div_u_add_PartRem_1_4/U63/ZN (ND2D2)
                                                        0.0187 &   1.0010 r
  u_ctrl/div_37/u_div_u_add_PartRem_1_4/U76/ZN (AOI21D4)
                                                        0.0165 &   1.0174 f
  u_ctrl/div_37/u_div_u_add_PartRem_1_4/U82/ZN (INR2D4)
                                                        0.0415 &   1.0590 r
  u_ctrl/div_37/U33/Z (MUX2D4)                          0.0720 &   1.1310 r
  u_ctrl/div_37/U360/ZN (IND2D4)                        0.0317 &   1.1626 f
  u_ctrl/div_37/U276/ZN (NR2D4)                         0.0369 &   1.1995 r
  u_ctrl/div_37/U432_dup/ZN (NR2D4)                     0.0147 &   1.2143 f
  u_ctrl/div_37/U155/ZN (CKND2D3)                       0.0176 &   1.2318 r
  u_ctrl/div_37/FE_OCPC1814_n157/ZN (CKND4)             0.0170 &   1.2488 f
  u_ctrl/div_37/FE_OCPC1816_n157/Z (BUFFD4)             0.0289 &   1.2778 f
  u_ctrl/div_37/U160/Z (MUX2D4)                         0.0543 &   1.3321 r
  u_ctrl/div_37/U23/ZN (INVD2)                          0.0151 &   1.3471 f
  u_ctrl/div_37/U236/ZN (CKND4)                         0.0123 &   1.3595 r
  u_ctrl/div_37/u_div_u_add_PartRem_0_2/FE_RC_968_0/ZN (ND2D2)
                                                        0.0171 &   1.3765 f
  u_ctrl/div_37/u_div_u_add_PartRem_0_2/FE_RC_967_0/ZN (OAI21D4)
                                                        0.0296 &   1.4061 r
  u_ctrl/div_37/u_div_u_add_PartRem_0_2/FE_RC_3386_0/ZN (NR2D2)
                                                        0.0161 &   1.4222 f
  u_ctrl/div_37/u_div_u_add_PartRem_0_2/FE_RC_3384_0/ZN (INR2XD2)
                                                        0.0169 &   1.4391 r
  u_ctrl/div_37/u_div_u_add_PartRem_0_2/FE_RC_3395_0/ZN (IND3D2)
                                                        0.0305 &   1.4696 f
  u_ctrl/div_37/u_div_u_add_PartRem_0_2/FE_RC_3230_0/ZN (AOI211XD2)
                                                        0.0331 &   1.5026 r
  u_ctrl/div_37/FE_RC_1815_0/ZN (IND2D4)                0.0257 &   1.5284 f
  u_ctrl/div_37/FE_RC_1814_0/ZN (ND2D8)                 0.0229 &   1.5513 r
  u_ctrl/mult_39/U243/ZN (XNR2D2)                       0.0661 &   1.6173 r
  u_ctrl/mult_39/U245/Z (AN2D4)                         0.0383 &   1.6557 r
  u_ctrl/mult_39/U210/ZN (INVD6)                        0.0129 &   1.6686 f
  u_ctrl/mult_39/U236/ZN (OAI22D4)                      0.0269 &   1.6955 r
  u_ctrl/mult_39/U329/S (HA1D2)                         0.0700 &   1.7655 r
  u_ctrl/mult_39/U157/ZN (NR2D4)                        0.0135 &   1.7789 f
  u_ctrl/mult_39/U161/Z (OA21D4)                        0.0497 &   1.8287 f
  u_ctrl/mult_39/U207/ZN (OAI21D4)                      0.0309 &   1.8595 r
  u_ctrl/mult_39/U21/ZN (AOI21D4)                       0.0251 &   1.8846 f
  u_ctrl/mult_39/U176/ZN (INVD1)                        0.0254 &   1.9101 r
  u_ctrl/mult_39/U197/ZN (ND2D2)                        0.0208 &   1.9309 f
  u_ctrl/mult_39/U178/ZN (CKND2D3)                      0.0283 &   1.9592 r
  u_ctrl/add_39/U82/ZN (NR2D4)                          0.0137 &   1.9729 f
  u_ctrl/add_39/U96/ZN (INVD2)                          0.0173 &   1.9902 r
  u_ctrl/add_39/FE_OFC1339_n21/ZN (INVD2)               0.0118 &   2.0020 f
  u_ctrl/add_39/U137/ZN (NR2XD2)                        0.0175 &   2.0194 r
  u_ctrl/add_39/U117/ZN (CKND2D2)                       0.0161 &   2.0356 f
  u_ctrl/add_39/FE_RC_1817_0/ZN (OAI21D2)               0.0287 &   2.0643 r
  u_ctrl/add_39/U100/Z (CKXOR2D4)                       0.0677 &   2.1320 f
  u_ctrl/add_40/U114/ZN (IND2D4)                        0.0377 &   2.1697 f
  u_ctrl/add_40/U127/ZN (ND2D4)                         0.0177 &   2.1873 r
  u_ctrl/add_40/U125/ZN (INVD2)                         0.0120 &   2.1993 f
  u_ctrl/add_40/U122/ZN (ND2D2)                         0.0138 &   2.2132 r
  u_ctrl/add_40/U123/ZN (CKND2D2)                       0.0129 &   2.2261 f
  u_ctrl/U284/Z (AN2XD1)                                0.0240 &   2.2501 f
  U222/Z (AN2XD1)                                       0.0242 &   2.2744 f
  u_sram/addr_b_q_reg_9_/D (DFND1)                      0.0000 &   2.2744 f
  data arrival time                                                2.2744

  clock clk (fall edge)                                 2.0000     2.0000
  clock network delay (propagated)                      0.1605     2.1605
  clock reconvergence pessimism                         0.0000     2.1605
  clock uncertainty                                    -0.1000     2.0605
  u_sram/addr_b_q_reg_9_/CPN (DFND1)                               2.0605 f
  library setup time                                   -0.0092     2.0513
  data required time                                               2.0513
  ------------------------------------------------------------------------------
  data required time                                               2.0513
  data arrival time                                               -2.2744
  ------------------------------------------------------------------------------
  slack (VIOLATED)                                                -0.2231


  Startpoint: u_ctrl/stage_cnt_reg_0_
               (rising edge-triggered flip-flop clocked by clk)
  Endpoint: u_sram/addr_b_q_reg_9_
               (falling edge-triggered flip-flop clocked by clk)
  Last common pin: clk
  Path Group: clk
  Path Type: max

  Point                                                   Incr       Path
  ------------------------------------------------------------------------------
  clock clk (rise edge)                                 0.0000     0.0000
  clock network delay (propagated)                      0.1632     0.1632
  u_ctrl/stage_cnt_reg_0_/CP (DFCND4)                   0.0000     0.1632 r
  u_ctrl/stage_cnt_reg_0_/Q (DFCND4)                    0.1235 &   0.2868 r
  u_ctrl/FE_RC_257_0/Z (BUFFD8)                         0.0338 &   0.3206 r
  u_ctrl/U14/ZN (CKND2D8)                               0.0217 &   0.3423 f
  u_ctrl/U11/ZN (NR3D4)                                 0.0248 &   0.3671 r
  u_ctrl/div_37/U93/ZN (INVD4)                          0.0161 &   0.3832 f
  u_ctrl/div_37/u_div_u_add_B6/U102/ZN (CKND2)          0.0130 &   0.3962 r
  u_ctrl/div_37/u_div_u_add_B6/FE_OCPC1654_n166/Z (CKBD2)
                                                        0.0284 &   0.4246 r
  u_ctrl/div_37/u_div_u_add_B6/U165/Z (CKXOR2D1)        0.0698 &   0.4944 r
  u_ctrl/div_37/u_div_u_add_PartRem_2_6/U106/ZN (CKND2D0)
                                                        0.0371 &   0.5315 f
  u_ctrl/div_37/u_div_u_add_PartRem_2_6/U101/ZN (CKND1)
                                                        0.0252 &   0.5566 r
  u_ctrl/div_37/u_div_u_add_PartRem_2_6/U115/ZN (OAI211D2)
                                                        0.0242 &   0.5808 f
  u_ctrl/div_37/u_div_u_add_PartRem_2_6/U114/ZN (INR2XD1)
                                                        0.0201 &   0.6009 r
  u_ctrl/div_37/u_div_u_add_PartRem_2_6/FE_RC_861_0/ZN (CKND1)
                                                        0.0174 &   0.6183 f
  u_ctrl/div_37/u_div_u_add_PartRem_2_6/FE_RC_860_0/ZN (IND3D4)
                                                        0.0456 &   0.6639 f
  u_ctrl/div_37/u_div_u_add_PartRem_2_6/U93/ZN (NR2XD4)
                                                        0.0217 &   0.6856 r
  u_ctrl/div_37/FE_RC_1289_0/ZN (IND2D4)                0.0220 &   0.7076 f
  u_ctrl/div_37/FE_RC_1287_0/ZN (IND2D4)                0.0221 &   0.7297 r
  u_ctrl/div_37/FE_RC_1097_0/ZN (ND3D8)                 0.0263 &   0.7559 f
  u_ctrl/div_37/U25/ZN (ND2D8)                          0.0205 &   0.7765 r
  u_ctrl/div_37/U336/ZN (ND2D4)                         0.0237 &   0.8001 f
  u_ctrl/div_37/FE_OFC1073_n295/ZN (INVD6)              0.0211 &   0.8212 r
  u_ctrl/div_37/U191/ZN (ND2D2)                         0.0165 &   0.8377 f
  u_ctrl/div_37/U103/ZN (ND2D2)                         0.0174 &   0.8551 r
  u_ctrl/div_37/U125/ZN (NR2D3)                         0.0138 &   0.8690 f
  u_ctrl/div_37/FE_RC_94_0/ZN (ND2D4)                   0.0160 &   0.8849 r
  u_ctrl/div_37/FE_RC_93_0/ZN (ND2D8)                   0.0306 &   0.9155 f
  u_ctrl/div_37/U206/ZN (INVD6)                         0.0176 &   0.9332 r
  u_ctrl/div_37/u_div_u_add_PartRem_1_4/U69/ZN (ND2D2)
                                                        0.0171 &   0.9503 f
  u_ctrl/div_37/u_div_u_add_PartRem_1_4/U67/ZN (INVD2)
                                                        0.0159 &   0.9662 r
  u_ctrl/div_37/u_div_u_add_PartRem_1_4/U74/ZN (ND2D2)
                                                        0.0161 &   0.9822 f
  u_ctrl/div_37/u_div_u_add_PartRem_1_4/U63/ZN (ND2D2)
                                                        0.0187 &   1.0010 r
  u_ctrl/div_37/u_div_u_add_PartRem_1_4/U76/ZN (AOI21D4)
                                                        0.0165 &   1.0174 f
  u_ctrl/div_37/u_div_u_add_PartRem_1_4/U82/ZN (INR2D4)
                                                        0.0415 &   1.0590 r
  u_ctrl/div_37/U33/Z (MUX2D4)                          0.0720 &   1.1310 r
  u_ctrl/div_37/U360/ZN (IND2D4)                        0.0317 &   1.1626 f
  u_ctrl/div_37/U276/ZN (NR2D4)                         0.0369 &   1.1995 r
  u_ctrl/div_37/U432_dup/ZN (NR2D4)                     0.0147 &   1.2143 f
  u_ctrl/div_37/U155/ZN (CKND2D3)                       0.0176 &   1.2318 r
  u_ctrl/div_37/FE_OCPC1814_n157/ZN (CKND4)             0.0170 &   1.2488 f
  u_ctrl/div_37/FE_OCPC1816_n157/Z (BUFFD4)             0.0289 &   1.2778 f
  u_ctrl/div_37/U160/Z (MUX2D4)                         0.0543 &   1.3321 r
  u_ctrl/div_37/U23/ZN (INVD2)                          0.0151 &   1.3471 f
  u_ctrl/div_37/U236/ZN (CKND4)                         0.0123 &   1.3595 r
  u_ctrl/div_37/u_div_u_add_PartRem_0_2/FE_RC_968_0/ZN (ND2D2)
                                                        0.0171 &   1.3765 f
  u_ctrl/div_37/u_div_u_add_PartRem_0_2/FE_RC_967_0/ZN (OAI21D4)
                                                        0.0296 &   1.4061 r
  u_ctrl/div_37/u_div_u_add_PartRem_0_2/FE_RC_3386_0/ZN (NR2D2)
                                                        0.0161 &   1.4222 f
  u_ctrl/div_37/u_div_u_add_PartRem_0_2/FE_RC_3384_0/ZN (INR2XD2)
                                                        0.0169 &   1.4391 r
  u_ctrl/div_37/u_div_u_add_PartRem_0_2/FE_RC_3395_0/ZN (IND3D2)
                                                        0.0305 &   1.4696 f
  u_ctrl/div_37/u_div_u_add_PartRem_0_2/FE_RC_3230_0/ZN (AOI211XD2)
                                                        0.0331 &   1.5026 r
  u_ctrl/div_37/FE_RC_1815_0/ZN (IND2D4)                0.0257 &   1.5284 f
  u_ctrl/div_37/FE_RC_1814_0/ZN (ND2D8)                 0.0229 &   1.5513 r
  u_ctrl/mult_39/U243/ZN (XNR2D2)                       0.0661 &   1.6173 r
  u_ctrl/mult_39/U245/Z (AN2D4)                         0.0383 &   1.6557 r
  u_ctrl/mult_39/U210/ZN (INVD6)                        0.0129 &   1.6686 f
  u_ctrl/mult_39/U236/ZN (OAI22D4)                      0.0269 &   1.6955 r
  u_ctrl/mult_39/U329/S (HA1D2)                         0.0700 &   1.7655 r
  u_ctrl/mult_39/U253/ZN (ND2D2)                        0.0238 &   1.7893 f
  u_ctrl/mult_39/U161/Z (OA21D4)                        0.0406 &   1.8299 f
  u_ctrl/mult_39/U207/ZN (OAI21D4)                      0.0309 &   1.8607 r
  u_ctrl/mult_39/U21/ZN (AOI21D4)                       0.0251 &   1.8858 f
  u_ctrl/mult_39/U170/ZN (OAI21D2)                      0.0296 &   1.9155 r
  u_ctrl/mult_39/FE_RC_292_0/ZN (IND2D2)                0.0319 &   1.9474 r
  u_ctrl/mult_39/FE_RC_291_0/ZN (CKND2D3)               0.0200 &   1.9674 f
  u_ctrl/add_39/U78/ZN (NR2D4)                          0.0281 &   1.9955 r
  u_ctrl/add_39/FE_RC_135_0/ZN (OAI21D2)                0.0210 &   2.0165 f
  u_ctrl/add_39/U128/ZN (AOI21D2)                       0.0380 &   2.0545 r
  u_ctrl/add_39/FE_RC_1817_0/ZN (OAI21D2)               0.0299 &   2.0844 f
  u_ctrl/add_39/U100/Z (CKXOR2D4)                       0.0550 &   2.1394 r
  u_ctrl/add_40/U114/ZN (IND2D4)                        0.0300 &   2.1694 r
  u_ctrl/add_40/U127/ZN (ND2D4)                         0.0177 &   2.1871 f
  u_ctrl/add_40/U125/ZN (INVD2)                         0.0152 &   2.2023 r
  u_ctrl/add_40/U122/ZN (ND2D2)                         0.0154 &   2.2178 f
  u_ctrl/add_40/U123/ZN (CKND2D2)                       0.0145 &   2.2323 r
  u_ctrl/U284/Z (AN2XD1)                                0.0304 &   2.2627 r
  U222/Z (AN2XD1)                                       0.0306 &   2.2932 r
  u_sram/addr_b_q_reg_9_/D (DFND1)                      0.0000 &   2.2932 r
  data arrival time                                                2.2932

  clock clk (fall edge)                                 2.0000     2.0000
  clock network delay (propagated)                      0.1605     2.1605
  clock reconvergence pessimism                         0.0000     2.1605
  clock uncertainty                                    -0.1000     2.0605
  u_sram/addr_b_q_reg_9_/CPN (DFND1)                               2.0605 f
  library setup time                                    0.0097     2.0702
  data required time                                               2.0702
  ------------------------------------------------------------------------------
  data required time                                               2.0702
  data arrival time                                               -2.2932
  ------------------------------------------------------------------------------
  slack (VIOLATED)                                                -0.2230


  Startpoint: u_ctrl/stage_cnt_reg_0_
               (rising edge-triggered flip-flop clocked by clk)
  Endpoint: u_sram/addr_b_q_reg_9_
               (falling edge-triggered flip-flop clocked by clk)
  Last common pin: clk
  Path Group: clk
  Path Type: max

  Point                                                   Incr       Path
  ------------------------------------------------------------------------------
  clock clk (rise edge)                                 0.0000     0.0000
  clock network delay (propagated)                      0.1632     0.1632
  u_ctrl/stage_cnt_reg_0_/CP (DFCND4)                   0.0000     0.1632 r
  u_ctrl/stage_cnt_reg_0_/Q (DFCND4)                    0.1235 &   0.2868 r
  u_ctrl/FE_RC_257_0/Z (BUFFD8)                         0.0338 &   0.3206 r
  u_ctrl/U14/ZN (CKND2D8)                               0.0217 &   0.3423 f
  u_ctrl/U11/ZN (NR3D4)                                 0.0248 &   0.3671 r
  u_ctrl/div_37/U93/ZN (INVD4)                          0.0161 &   0.3832 f
  u_ctrl/div_37/u_div_u_add_B6/U102/ZN (CKND2)          0.0130 &   0.3962 r
  u_ctrl/div_37/u_div_u_add_B6/FE_OCPC1654_n166/Z (CKBD2)
                                                        0.0284 &   0.4246 r
  u_ctrl/div_37/u_div_u_add_B6/U165/Z (CKXOR2D1)        0.0698 &   0.4944 r
  u_ctrl/div_37/u_div_u_add_PartRem_2_6/U106/ZN (CKND2D0)
                                                        0.0371 &   0.5315 f
  u_ctrl/div_37/u_div_u_add_PartRem_2_6/U101/ZN (CKND1)
                                                        0.0252 &   0.5566 r
  u_ctrl/div_37/u_div_u_add_PartRem_2_6/U115/ZN (OAI211D2)
                                                        0.0242 &   0.5808 f
  u_ctrl/div_37/u_div_u_add_PartRem_2_6/U114/ZN (INR2XD1)
                                                        0.0201 &   0.6009 r
  u_ctrl/div_37/u_div_u_add_PartRem_2_6/FE_RC_861_0/ZN (CKND1)
                                                        0.0174 &   0.6183 f
  u_ctrl/div_37/u_div_u_add_PartRem_2_6/FE_RC_860_0/ZN (IND3D4)
                                                        0.0456 &   0.6639 f
  u_ctrl/div_37/u_div_u_add_PartRem_2_6/U93/ZN (NR2XD4)
                                                        0.0217 &   0.6856 r
  u_ctrl/div_37/FE_RC_1289_0/ZN (IND2D4)                0.0220 &   0.7076 f
  u_ctrl/div_37/FE_RC_1287_0/ZN (IND2D4)                0.0221 &   0.7297 r
  u_ctrl/div_37/FE_RC_1097_0/ZN (ND3D8)                 0.0263 &   0.7559 f
  u_ctrl/div_37/U25/ZN (ND2D8)                          0.0205 &   0.7765 r
  u_ctrl/div_37/U336/ZN (ND2D4)                         0.0237 &   0.8001 f
  u_ctrl/div_37/U204/ZN (NR2XD1)                        0.0220 &   0.8221 r
  u_ctrl/div_37/FE_RC_119_0/ZN (CKND2)                  0.0139 &   0.8359 f
  u_ctrl/div_37/FE_RC_117_0/ZN (ND2D2)                  0.0169 &   0.8528 r
  u_ctrl/div_37/FE_RC_116_0/ZN (NR2D3)                  0.0128 &   0.8656 f
  u_ctrl/div_37/FE_RC_344_0/ZN (AOI22D4)                0.0593 &   0.9249 r
  u_ctrl/div_37/FE_OFC513_n118/ZN (INVD8)               0.0234 &   0.9483 f
  u_ctrl/div_37/u_div_u_add_PartRem_1_4/FE_RC_1301_0/ZN (ND2D2)
                                                        0.0175 &   0.9658 r
  u_ctrl/div_37/u_div_u_add_PartRem_1_4/U74/ZN (ND2D2)
                                                        0.0161 &   0.9819 f
  u_ctrl/div_37/u_div_u_add_PartRem_1_4/U63/ZN (ND2D2)
                                                        0.0187 &   1.0006 r
  u_ctrl/div_37/u_div_u_add_PartRem_1_4/U76/ZN (AOI21D4)
                                                        0.0165 &   1.0171 f
  u_ctrl/div_37/u_div_u_add_PartRem_1_4/U82/ZN (INR2D4)
                                                        0.0415 &   1.0586 r
  u_ctrl/div_37/U33/Z (MUX2D4)                          0.0720 &   1.1307 r
  u_ctrl/div_37/U360/ZN (IND2D4)                        0.0317 &   1.1623 f
  u_ctrl/div_37/U276/ZN (NR2D4)                         0.0369 &   1.1992 r
  u_ctrl/div_37/U432_dup/ZN (NR2D4)                     0.0147 &   1.2139 f
  u_ctrl/div_37/U155/ZN (CKND2D3)                       0.0176 &   1.2315 r
  u_ctrl/div_37/FE_OCPC1814_n157/ZN (CKND4)             0.0170 &   1.2485 f
  u_ctrl/div_37/FE_OCPC1816_n157/Z (BUFFD4)             0.0289 &   1.2774 f
  u_ctrl/div_37/U160/Z (MUX2D4)                         0.0543 &   1.3318 r
  u_ctrl/div_37/U23/ZN (INVD2)                          0.0151 &   1.3468 f
  u_ctrl/div_37/U236/ZN (CKND4)                         0.0123 &   1.3591 r
  u_ctrl/div_37/u_div_u_add_PartRem_0_2/FE_RC_489_0/ZN (INR2XD1)
                                                        0.0122 &   1.3713 f
  u_ctrl/div_37/u_div_u_add_PartRem_0_2/FE_RC_1339_0/ZN (IAO21D2)
                                                        0.0495 &   1.4208 f
  u_ctrl/div_37/u_div_u_add_PartRem_0_2/FE_RC_1338_0/ZN (NR2XD1)
                                                        0.0198 &   1.4406 r
  u_ctrl/div_37/u_div_u_add_PartRem_0_2/FE_RC_3395_0/ZN (IND3D2)
                                                        0.0276 &   1.4683 f
  u_ctrl/div_37/u_div_u_add_PartRem_0_2/FE_RC_3230_0/ZN (AOI211XD2)
                                                        0.0331 &   1.5013 r
  u_ctrl/div_37/FE_RC_1815_0/ZN (IND2D4)                0.0257 &   1.5270 f
  u_ctrl/div_37/FE_RC_1814_0/ZN (ND2D8)                 0.0229 &   1.5500 r
  u_ctrl/mult_39/U243/ZN (XNR2D2)                       0.0661 &   1.6160 r
  u_ctrl/mult_39/U245/Z (AN2D4)                         0.0383 &   1.6544 r
  u_ctrl/mult_39/U210/ZN (INVD6)                        0.0129 &   1.6672 f
  u_ctrl/mult_39/U236/ZN (OAI22D4)                      0.0269 &   1.6942 r
  u_ctrl/mult_39/U329/S (HA1D2)                         0.0700 &   1.7641 r
  u_ctrl/mult_39/U253/ZN (ND2D2)                        0.0238 &   1.7880 f
  u_ctrl/mult_39/U161/Z (OA21D4)                        0.0406 &   1.8286 f
  u_ctrl/mult_39/U207/ZN (OAI21D4)                      0.0309 &   1.8594 r
  u_ctrl/mult_39/U21/ZN (AOI21D4)                       0.0251 &   1.8845 f
  u_ctrl/mult_39/U176/ZN (INVD1)                        0.0254 &   1.9100 r
  u_ctrl/mult_39/U197/ZN (ND2D2)                        0.0208 &   1.9308 f
  u_ctrl/mult_39/U178/ZN (CKND2D3)                      0.0283 &   1.9590 r
  u_ctrl/add_39/U82/ZN (NR2D4)                          0.0137 &   1.9728 f
  u_ctrl/add_39/U96/ZN (INVD2)                          0.0173 &   1.9901 r
  u_ctrl/add_39/FE_OFC1339_n21/ZN (INVD2)               0.0118 &   2.0019 f
  u_ctrl/add_39/U137/ZN (NR2XD2)                        0.0175 &   2.0193 r
  u_ctrl/add_39/U117/ZN (CKND2D2)                       0.0161 &   2.0355 f
  u_ctrl/add_39/FE_RC_1817_0/ZN (OAI21D2)               0.0287 &   2.0642 r
  u_ctrl/add_39/U100/Z (CKXOR2D4)                       0.0677 &   2.1319 f
  u_ctrl/add_40/U114/ZN (IND2D4)                        0.0377 &   2.1696 f
  u_ctrl/add_40/U127/ZN (ND2D4)                         0.0177 &   2.1872 r
  u_ctrl/add_40/U125/ZN (INVD2)                         0.0120 &   2.1992 f
  u_ctrl/add_40/U122/ZN (ND2D2)                         0.0138 &   2.2131 r
  u_ctrl/add_40/U123/ZN (CKND2D2)                       0.0129 &   2.2260 f
  u_ctrl/U284/Z (AN2XD1)                                0.0240 &   2.2500 f
  U222/Z (AN2XD1)                                       0.0242 &   2.2742 f
  u_sram/addr_b_q_reg_9_/D (DFND1)                      0.0000 &   2.2742 f
  data arrival time                                                2.2742

  clock clk (fall edge)                                 2.0000     2.0000
  clock network delay (propagated)                      0.1605     2.1605
  clock reconvergence pessimism                         0.0000     2.1605
  clock uncertainty                                    -0.1000     2.0605
  u_sram/addr_b_q_reg_9_/CPN (DFND1)                               2.0605 f
  library setup time                                   -0.0092     2.0513
  data required time                                               2.0513
  ------------------------------------------------------------------------------
  data required time                                               2.0513
  data arrival time                                               -2.2742
  ------------------------------------------------------------------------------
  slack (VIOLATED)                                                -0.2230


  Startpoint: u_ctrl/stage_cnt_reg_0_
               (rising edge-triggered flip-flop clocked by clk)
  Endpoint: u_sram/addr_b_q_reg_9_
               (falling edge-triggered flip-flop clocked by clk)
  Last common pin: clk
  Path Group: clk
  Path Type: max

  Point                                                   Incr       Path
  ------------------------------------------------------------------------------
  clock clk (rise edge)                                 0.0000     0.0000
  clock network delay (propagated)                      0.1632     0.1632
  u_ctrl/stage_cnt_reg_0_/CP (DFCND4)                   0.0000     0.1632 r
  u_ctrl/stage_cnt_reg_0_/Q (DFCND4)                    0.1235 &   0.2868 r
  u_ctrl/FE_RC_257_0/Z (BUFFD8)                         0.0338 &   0.3206 r
  u_ctrl/U14/ZN (CKND2D8)                               0.0217 &   0.3423 f
  u_ctrl/U11/ZN (NR3D4)                                 0.0248 &   0.3671 r
  u_ctrl/div_37/U93/ZN (INVD4)                          0.0161 &   0.3832 f
  u_ctrl/div_37/u_div_u_add_B6/U102/ZN (CKND2)          0.0130 &   0.3962 r
  u_ctrl/div_37/u_div_u_add_B6/FE_OCPC1654_n166/Z (CKBD2)
                                                        0.0284 &   0.4246 r
  u_ctrl/div_37/u_div_u_add_B6/U165/Z (CKXOR2D1)        0.0698 &   0.4944 r
  u_ctrl/div_37/u_div_u_add_PartRem_2_6/U106/ZN (CKND2D0)
                                                        0.0371 &   0.5315 f
  u_ctrl/div_37/u_div_u_add_PartRem_2_6/U101/ZN (CKND1)
                                                        0.0252 &   0.5566 r
  u_ctrl/div_37/u_div_u_add_PartRem_2_6/U115/ZN (OAI211D2)
                                                        0.0242 &   0.5808 f
  u_ctrl/div_37/u_div_u_add_PartRem_2_6/U114/ZN (INR2XD1)
                                                        0.0201 &   0.6009 r
  u_ctrl/div_37/u_div_u_add_PartRem_2_6/FE_RC_861_0/ZN (CKND1)
                                                        0.0174 &   0.6183 f
  u_ctrl/div_37/u_div_u_add_PartRem_2_6/FE_RC_860_0/ZN (IND3D4)
                                                        0.0456 &   0.6639 f
  u_ctrl/div_37/u_div_u_add_PartRem_2_6/U93/ZN (NR2XD4)
                                                        0.0217 &   0.6856 r
  u_ctrl/div_37/FE_RC_1289_0/ZN (IND2D4)                0.0220 &   0.7076 f
  u_ctrl/div_37/FE_RC_1287_0/ZN (IND2D4)                0.0221 &   0.7297 r
  u_ctrl/div_37/FE_RC_1097_0/ZN (ND3D8)                 0.0263 &   0.7559 f
  u_ctrl/div_37/U25/ZN (ND2D8)                          0.0205 &   0.7765 r
  u_ctrl/div_37/U336/ZN (ND2D4)                         0.0237 &   0.8001 f
  u_ctrl/div_37/FE_OFC1073_n295/ZN (INVD6)              0.0211 &   0.8212 r
  u_ctrl/div_37/U118/ZN (IND2D4)                        0.0143 &   0.8354 f
  u_ctrl/div_37/U293/ZN (ND2D2)                         0.0157 &   0.8511 r
  u_ctrl/div_37/FE_RC_3085_0/ZN (NR2D2)                 0.0127 &   0.8638 f
  u_ctrl/div_37/FE_RC_3084_0/ZN (ND2D3)                 0.0220 &   0.8858 r
  u_ctrl/div_37/FE_RC_93_0/ZN (ND2D8)                   0.0299 &   0.9157 f
  u_ctrl/div_37/U206/ZN (INVD6)                         0.0176 &   0.9333 r
  u_ctrl/div_37/u_div_u_add_PartRem_1_4/U69/ZN (ND2D2)
                                                        0.0171 &   0.9504 f
  u_ctrl/div_37/u_div_u_add_PartRem_1_4/U67/ZN (INVD2)
                                                        0.0159 &   0.9663 r
  u_ctrl/div_37/u_div_u_add_PartRem_1_4/U74/ZN (ND2D2)
                                                        0.0161 &   0.9824 f
  u_ctrl/div_37/u_div_u_add_PartRem_1_4/U63/ZN (ND2D2)
                                                        0.0187 &   1.0011 r
  u_ctrl/div_37/u_div_u_add_PartRem_1_4/U76/ZN (AOI21D4)
                                                        0.0165 &   1.0176 f
  u_ctrl/div_37/u_div_u_add_PartRem_1_4/U82/ZN (INR2D4)
                                                        0.0415 &   1.0591 r
  u_ctrl/div_37/U33/Z (MUX2D4)                          0.0720 &   1.1311 r
  u_ctrl/div_37/U360/ZN (IND2D4)                        0.0317 &   1.1628 f
  u_ctrl/div_37/U276/ZN (NR2D4)                         0.0369 &   1.1997 r
  u_ctrl/div_37/U432_dup/ZN (NR2D4)                     0.0147 &   1.2144 f
  u_ctrl/div_37/U155/ZN (CKND2D3)                       0.0176 &   1.2320 r
  u_ctrl/div_37/FE_OCPC1814_n157/ZN (CKND4)             0.0170 &   1.2490 f
  u_ctrl/div_37/FE_OCPC1816_n157/Z (BUFFD4)             0.0289 &   1.2779 f
  u_ctrl/div_37/U160/Z (MUX2D4)                         0.0543 &   1.3322 r
  u_ctrl/div_37/U23/ZN (INVD2)                          0.0151 &   1.3473 f
  u_ctrl/div_37/U236/ZN (CKND4)                         0.0123 &   1.3596 r
  u_ctrl/div_37/u_div_u_add_PartRem_0_2/FE_RC_968_0/ZN (ND2D2)
                                                        0.0171 &   1.3767 f
  u_ctrl/div_37/u_div_u_add_PartRem_0_2/FE_RC_967_0/ZN (OAI21D4)
                                                        0.0296 &   1.4063 r
  u_ctrl/div_37/u_div_u_add_PartRem_0_2/FE_RC_1339_0/ZN (IAO21D2)
                                                        0.0144 &   1.4207 f
  u_ctrl/div_37/u_div_u_add_PartRem_0_2/FE_RC_1338_0/ZN (NR2XD1)
                                                        0.0198 &   1.4405 r
  u_ctrl/div_37/u_div_u_add_PartRem_0_2/FE_RC_3395_0/ZN (IND3D2)
                                                        0.0276 &   1.4681 f
  u_ctrl/div_37/u_div_u_add_PartRem_0_2/FE_RC_3230_0/ZN (AOI211XD2)
                                                        0.0331 &   1.5012 r
  u_ctrl/div_37/FE_RC_1815_0/ZN (IND2D4)                0.0257 &   1.5269 f
  u_ctrl/div_37/FE_RC_1814_0/ZN (ND2D8)                 0.0229 &   1.5498 r
  u_ctrl/mult_39/U243/ZN (XNR2D2)                       0.0661 &   1.6159 r
  u_ctrl/mult_39/U245/Z (AN2D4)                         0.0383 &   1.6542 r
  u_ctrl/mult_39/U210/ZN (INVD6)                        0.0129 &   1.6671 f
  u_ctrl/mult_39/U236/ZN (OAI22D4)                      0.0269 &   1.6940 r
  u_ctrl/mult_39/U329/S (HA1D2)                         0.0700 &   1.7640 r
  u_ctrl/mult_39/U253/ZN (ND2D2)                        0.0238 &   1.7878 f
  u_ctrl/mult_39/U161/Z (OA21D4)                        0.0406 &   1.8284 f
  u_ctrl/mult_39/U207/ZN (OAI21D4)                      0.0309 &   1.8593 r
  u_ctrl/mult_39/U21/ZN (AOI21D4)                       0.0251 &   1.8844 f
  u_ctrl/mult_39/U176/ZN (INVD1)                        0.0254 &   1.9098 r
  u_ctrl/mult_39/U197/ZN (ND2D2)                        0.0208 &   1.9306 f
  u_ctrl/mult_39/U178/ZN (CKND2D3)                      0.0283 &   1.9589 r
  u_ctrl/add_39/U82/ZN (NR2D4)                          0.0137 &   1.9726 f
  u_ctrl/add_39/U96/ZN (INVD2)                          0.0173 &   1.9899 r
  u_ctrl/add_39/FE_OFC1339_n21/ZN (INVD2)               0.0118 &   2.0017 f
  u_ctrl/add_39/U137/ZN (NR2XD2)                        0.0175 &   2.0192 r
  u_ctrl/add_39/U117/ZN (CKND2D2)                       0.0161 &   2.0353 f
  u_ctrl/add_39/FE_RC_1817_0/ZN (OAI21D2)               0.0287 &   2.0640 r
  u_ctrl/add_39/U100/Z (CKXOR2D4)                       0.0677 &   2.1317 f
  u_ctrl/add_40/U114/ZN (IND2D4)                        0.0377 &   2.1694 f
  u_ctrl/add_40/U127/ZN (ND2D4)                         0.0177 &   2.1871 r
  u_ctrl/add_40/U125/ZN (INVD2)                         0.0120 &   2.1991 f
  u_ctrl/add_40/U122/ZN (ND2D2)                         0.0138 &   2.2129 r
  u_ctrl/add_40/U123/ZN (CKND2D2)                       0.0129 &   2.2258 f
  u_ctrl/U284/Z (AN2XD1)                                0.0240 &   2.2499 f
  U222/Z (AN2XD1)                                       0.0242 &   2.2741 f
  u_sram/addr_b_q_reg_9_/D (DFND1)                      0.0000 &   2.2741 f
  data arrival time                                                2.2741

  clock clk (fall edge)                                 2.0000     2.0000
  clock network delay (propagated)                      0.1605     2.1605
  clock reconvergence pessimism                         0.0000     2.1605
  clock uncertainty                                    -0.1000     2.0605
  u_sram/addr_b_q_reg_9_/CPN (DFND1)                               2.0605 f
  library setup time                                   -0.0092     2.0513
  data required time                                               2.0513
  ------------------------------------------------------------------------------
  data required time                                               2.0513
  data arrival time                                               -2.2741
  ------------------------------------------------------------------------------
  slack (VIOLATED)                                                -0.2228


  Startpoint: u_ctrl/stage_cnt_reg_0_
               (rising edge-triggered flip-flop clocked by clk)
  Endpoint: u_sram/addr_b_q_reg_9_
               (falling edge-triggered flip-flop clocked by clk)
  Last common pin: clk
  Path Group: clk
  Path Type: max

  Point                                                   Incr       Path
  ------------------------------------------------------------------------------
  clock clk (rise edge)                                 0.0000     0.0000
  clock network delay (propagated)                      0.1632     0.1632
  u_ctrl/stage_cnt_reg_0_/CP (DFCND4)                   0.0000     0.1632 r
  u_ctrl/stage_cnt_reg_0_/Q (DFCND4)                    0.1235 &   0.2868 r
  u_ctrl/FE_RC_257_0/Z (BUFFD8)                         0.0338 &   0.3206 r
  u_ctrl/U14/ZN (CKND2D8)                               0.0217 &   0.3423 f
  u_ctrl/U11/ZN (NR3D4)                                 0.0248 &   0.3671 r
  u_ctrl/div_37/U93/ZN (INVD4)                          0.0161 &   0.3832 f
  u_ctrl/div_37/u_div_u_add_B6/U102/ZN (CKND2)          0.0130 &   0.3962 r
  u_ctrl/div_37/u_div_u_add_B6/FE_OCPC1654_n166/Z (CKBD2)
                                                        0.0284 &   0.4246 r
  u_ctrl/div_37/u_div_u_add_B6/U165/Z (CKXOR2D1)        0.0698 &   0.4944 r
  u_ctrl/div_37/u_div_u_add_PartRem_2_6/U106/ZN (CKND2D0)
                                                        0.0371 &   0.5315 f
  u_ctrl/div_37/u_div_u_add_PartRem_2_6/U101/ZN (CKND1)
                                                        0.0252 &   0.5566 r
  u_ctrl/div_37/u_div_u_add_PartRem_2_6/U115/ZN (OAI211D2)
                                                        0.0242 &   0.5808 f
  u_ctrl/div_37/u_div_u_add_PartRem_2_6/U114/ZN (INR2XD1)
                                                        0.0201 &   0.6009 r
  u_ctrl/div_37/u_div_u_add_PartRem_2_6/FE_RC_861_0/ZN (CKND1)
                                                        0.0174 &   0.6183 f
  u_ctrl/div_37/u_div_u_add_PartRem_2_6/FE_RC_860_0/ZN (IND3D4)
                                                        0.0456 &   0.6639 f
  u_ctrl/div_37/u_div_u_add_PartRem_2_6/U93/ZN (NR2XD4)
                                                        0.0217 &   0.6856 r
  u_ctrl/div_37/FE_RC_1289_0/ZN (IND2D4)                0.0220 &   0.7076 f
  u_ctrl/div_37/FE_RC_1287_0/ZN (IND2D4)                0.0221 &   0.7297 r
  u_ctrl/div_37/FE_RC_1097_0/ZN (ND3D8)                 0.0263 &   0.7559 f
  u_ctrl/div_37/U25/ZN (ND2D8)                          0.0205 &   0.7765 r
  u_ctrl/div_37/U336/ZN (ND2D4)                         0.0237 &   0.8001 f
  u_ctrl/div_37/FE_OFC1073_n295/ZN (INVD6)              0.0211 &   0.8212 r
  u_ctrl/div_37/U118/ZN (IND2D4)                        0.0143 &   0.8354 f
  u_ctrl/div_37/U293/ZN (ND2D2)                         0.0157 &   0.8511 r
  u_ctrl/div_37/FE_RC_3085_0/ZN (NR2D2)                 0.0127 &   0.8638 f
  u_ctrl/div_37/FE_RC_3084_0/ZN (ND2D3)                 0.0220 &   0.8858 r
  u_ctrl/div_37/FE_RC_93_0/ZN (ND2D8)                   0.0299 &   0.9157 f
  u_ctrl/div_37/U206/ZN (INVD6)                         0.0176 &   0.9333 r
  u_ctrl/div_37/u_div_u_add_PartRem_1_4/U69/ZN (ND2D2)
                                                        0.0171 &   0.9504 f
  u_ctrl/div_37/u_div_u_add_PartRem_1_4/U67/ZN (INVD2)
                                                        0.0159 &   0.9663 r
  u_ctrl/div_37/u_div_u_add_PartRem_1_4/U74/ZN (ND2D2)
                                                        0.0161 &   0.9824 f
  u_ctrl/div_37/u_div_u_add_PartRem_1_4/U63/ZN (ND2D2)
                                                        0.0187 &   1.0011 r
  u_ctrl/div_37/u_div_u_add_PartRem_1_4/U76/ZN (AOI21D4)
                                                        0.0165 &   1.0176 f
  u_ctrl/div_37/u_div_u_add_PartRem_1_4/U82/ZN (INR2D4)
                                                        0.0415 &   1.0591 r
  u_ctrl/div_37/U33/Z (MUX2D4)                          0.0720 &   1.1311 r
  u_ctrl/div_37/U360/ZN (IND2D4)                        0.0317 &   1.1628 f
  u_ctrl/div_37/U276/ZN (NR2D4)                         0.0369 &   1.1997 r
  u_ctrl/div_37/U432_dup/ZN (NR2D4)                     0.0147 &   1.2144 f
  u_ctrl/div_37/U155/ZN (CKND2D3)                       0.0176 &   1.2320 r
  u_ctrl/div_37/FE_OCPC1814_n157/ZN (CKND4)             0.0170 &   1.2490 f
  u_ctrl/div_37/FE_OCPC1816_n157/Z (BUFFD4)             0.0289 &   1.2779 f
  u_ctrl/div_37/U160/Z (MUX2D4)                         0.0543 &   1.3322 r
  u_ctrl/div_37/U23/ZN (INVD2)                          0.0151 &   1.3473 f
  u_ctrl/div_37/U236/ZN (CKND4)                         0.0123 &   1.3596 r
  u_ctrl/div_37/u_div_u_add_PartRem_0_2/FE_RC_968_0/ZN (ND2D2)
                                                        0.0171 &   1.3767 f
  u_ctrl/div_37/u_div_u_add_PartRem_0_2/FE_RC_967_0/ZN (OAI21D4)
                                                        0.0296 &   1.4063 r
  u_ctrl/div_37/u_div_u_add_PartRem_0_2/FE_RC_3386_0/ZN (NR2D2)
                                                        0.0161 &   1.4224 f
  u_ctrl/div_37/u_div_u_add_PartRem_0_2/FE_RC_3384_0/ZN (INR2XD2)
                                                        0.0169 &   1.4393 r
  u_ctrl/div_37/u_div_u_add_PartRem_0_2/FE_RC_3395_0/ZN (IND3D2)
                                                        0.0305 &   1.4697 f
  u_ctrl/div_37/u_div_u_add_PartRem_0_2/FE_RC_3230_0/ZN (AOI211XD2)
                                                        0.0331 &   1.5028 r
  u_ctrl/div_37/FE_RC_1815_0/ZN (IND2D4)                0.0257 &   1.5285 f
  u_ctrl/div_37/FE_RC_1814_0/ZN (ND2D8)                 0.0229 &   1.5514 r
  u_ctrl/mult_39/U243/ZN (XNR2D2)                       0.0661 &   1.6175 r
  u_ctrl/mult_39/U245/Z (AN2D4)                         0.0383 &   1.6558 r
  u_ctrl/mult_39/U210/ZN (INVD6)                        0.0129 &   1.6687 f
  u_ctrl/mult_39/U236/ZN (OAI22D4)                      0.0269 &   1.6956 r
  u_ctrl/mult_39/U329/S (HA1D2)                         0.0700 &   1.7656 r
  u_ctrl/mult_39/U253/ZN (ND2D2)                        0.0238 &   1.7894 f
  u_ctrl/mult_39/U161/Z (OA21D4)                        0.0406 &   1.8300 f
  u_ctrl/mult_39/U207/ZN (OAI21D4)                      0.0309 &   1.8609 r
  u_ctrl/mult_39/U225/ZN (INVD1)                        0.0180 &   1.8789 f
  u_ctrl/mult_39/U205/ZN (ND2D2)                        0.0172 &   1.8960 r
  u_ctrl/mult_39/U208/ZN (ND2D3)                        0.0225 &   1.9185 f
  u_ctrl/add_39/U112/ZN (ND2D2)                         0.0254 &   1.9440 r
  u_ctrl/add_39/FE_RC_534_0/ZN (INR2D4)                 0.0381 &   1.9821 r
  u_ctrl/add_39/U119/ZN (OAI21D4)                       0.0243 &   2.0064 f
  u_ctrl/add_39/U111/ZN (CKND2)                         0.0190 &   2.0254 r
  u_ctrl/add_39/U110/ZN (ND2D3)                         0.0168 &   2.0423 f
  u_ctrl/add_39/U80/ZN (ND2D4)                          0.0199 &   2.0622 r
  u_ctrl/add_40/U135/ZN (NR2D4)                         0.0146 &   2.0767 f
  u_ctrl/add_40/U128/ZN (NR2XD2)                        0.0226 &   2.0993 r
  u_ctrl/add_40/FE_RC_104_0/ZN (IOA21D2)                0.0419 &   2.1412 r
  u_ctrl/add_40/U120/ZN (NR2XD2)                        0.0199 &   2.1610 f
  u_ctrl/add_40/U129/ZN (OAI21D4)                       0.0256 &   2.1866 r
  u_ctrl/add_40/U124/ZN (CKND2)                         0.0133 &   2.1999 f
  u_ctrl/add_40/U122/ZN (ND2D2)                         0.0130 &   2.2129 r
  u_ctrl/add_40/U123/ZN (CKND2D2)                       0.0129 &   2.2258 f
  u_ctrl/U284/Z (AN2XD1)                                0.0240 &   2.2498 f
  U222/Z (AN2XD1)                                       0.0242 &   2.2741 f
  u_sram/addr_b_q_reg_9_/D (DFND1)                      0.0000 &   2.2741 f
  data arrival time                                                2.2741

  clock clk (fall edge)                                 2.0000     2.0000
  clock network delay (propagated)                      0.1605     2.1605
  clock reconvergence pessimism                         0.0000     2.1605
  clock uncertainty                                    -0.1000     2.0605
  u_sram/addr_b_q_reg_9_/CPN (DFND1)                               2.0605 f
  library setup time                                   -0.0092     2.0513
  data required time                                               2.0513
  ------------------------------------------------------------------------------
  data required time                                               2.0513
  data arrival time                                               -2.2741
  ------------------------------------------------------------------------------
  slack (VIOLATED)                                                -0.2228


  Startpoint: u_ctrl/stage_cnt_reg_0_
               (rising edge-triggered flip-flop clocked by clk)
  Endpoint: u_sram/addr_b_q_reg_9_
               (falling edge-triggered flip-flop clocked by clk)
  Last common pin: clk
  Path Group: clk
  Path Type: max

  Point                                                   Incr       Path
  ------------------------------------------------------------------------------
  clock clk (rise edge)                                 0.0000     0.0000
  clock network delay (propagated)                      0.1632     0.1632
  u_ctrl/stage_cnt_reg_0_/CP (DFCND4)                   0.0000     0.1632 r
  u_ctrl/stage_cnt_reg_0_/Q (DFCND4)                    0.1235 &   0.2868 r
  u_ctrl/FE_RC_257_0/Z (BUFFD8)                         0.0338 &   0.3206 r
  u_ctrl/U14/ZN (CKND2D8)                               0.0217 &   0.3423 f
  u_ctrl/U11/ZN (NR3D4)                                 0.0248 &   0.3671 r
  u_ctrl/div_37/U93/ZN (INVD4)                          0.0161 &   0.3832 f
  u_ctrl/div_37/u_div_u_add_B6/U102/ZN (CKND2)          0.0130 &   0.3962 r
  u_ctrl/div_37/u_div_u_add_B6/FE_OCPC1654_n166/Z (CKBD2)
                                                        0.0284 &   0.4246 r
  u_ctrl/div_37/u_div_u_add_B6/U165/Z (CKXOR2D1)        0.0698 &   0.4944 r
  u_ctrl/div_37/u_div_u_add_PartRem_2_6/U106/ZN (CKND2D0)
                                                        0.0371 &   0.5315 f
  u_ctrl/div_37/u_div_u_add_PartRem_2_6/U101/ZN (CKND1)
                                                        0.0252 &   0.5566 r
  u_ctrl/div_37/u_div_u_add_PartRem_2_6/U115/ZN (OAI211D2)
                                                        0.0242 &   0.5808 f
  u_ctrl/div_37/u_div_u_add_PartRem_2_6/U114/ZN (INR2XD1)
                                                        0.0201 &   0.6009 r
  u_ctrl/div_37/u_div_u_add_PartRem_2_6/FE_RC_861_0/ZN (CKND1)
                                                        0.0174 &   0.6183 f
  u_ctrl/div_37/u_div_u_add_PartRem_2_6/FE_RC_860_0/ZN (IND3D4)
                                                        0.0456 &   0.6639 f
  u_ctrl/div_37/u_div_u_add_PartRem_2_6/U93/ZN (NR2XD4)
                                                        0.0217 &   0.6856 r
  u_ctrl/div_37/FE_RC_1289_0/ZN (IND2D4)                0.0220 &   0.7076 f
  u_ctrl/div_37/FE_RC_1287_0/ZN (IND2D4)                0.0221 &   0.7297 r
  u_ctrl/div_37/FE_RC_1097_0/ZN (ND3D8)                 0.0263 &   0.7559 f
  u_ctrl/div_37/U25/ZN (ND2D8)                          0.0205 &   0.7765 r
  u_ctrl/div_37/U336/ZN (ND2D4)                         0.0237 &   0.8001 f
  u_ctrl/div_37/FE_OFC1073_n295/ZN (INVD6)              0.0211 &   0.8212 r
  u_ctrl/div_37/U118/ZN (IND2D4)                        0.0143 &   0.8354 f
  u_ctrl/div_37/U293/ZN (ND2D2)                         0.0157 &   0.8511 r
  u_ctrl/div_37/FE_RC_3085_0/ZN (NR2D2)                 0.0127 &   0.8638 f
  u_ctrl/div_37/FE_RC_3084_0/ZN (ND2D3)                 0.0220 &   0.8858 r
  u_ctrl/div_37/FE_RC_93_0/ZN (ND2D8)                   0.0299 &   0.9157 f
  u_ctrl/div_37/U206/ZN (INVD6)                         0.0176 &   0.9333 r
  u_ctrl/div_37/u_div_u_add_PartRem_1_4/U69/ZN (ND2D2)
                                                        0.0171 &   0.9504 f
  u_ctrl/div_37/u_div_u_add_PartRem_1_4/U67/ZN (INVD2)
                                                        0.0159 &   0.9663 r
  u_ctrl/div_37/u_div_u_add_PartRem_1_4/U74/ZN (ND2D2)
                                                        0.0161 &   0.9824 f
  u_ctrl/div_37/u_div_u_add_PartRem_1_4/U63/ZN (ND2D2)
                                                        0.0187 &   1.0011 r
  u_ctrl/div_37/u_div_u_add_PartRem_1_4/U76/ZN (AOI21D4)
                                                        0.0165 &   1.0176 f
  u_ctrl/div_37/u_div_u_add_PartRem_1_4/U82/ZN (INR2D4)
                                                        0.0415 &   1.0591 r
  u_ctrl/div_37/U33/Z (MUX2D4)                          0.0720 &   1.1311 r
  u_ctrl/div_37/U360/ZN (IND2D4)                        0.0317 &   1.1628 f
  u_ctrl/div_37/U276/ZN (NR2D4)                         0.0369 &   1.1997 r
  u_ctrl/div_37/U432_dup/ZN (NR2D4)                     0.0147 &   1.2144 f
  u_ctrl/div_37/U155/ZN (CKND2D3)                       0.0176 &   1.2320 r
  u_ctrl/div_37/FE_OCPC1814_n157/ZN (CKND4)             0.0170 &   1.2490 f
  u_ctrl/div_37/FE_OFC1881_n195/Z (BUFFD4)              0.0307 &   1.2797 f
  u_ctrl/div_37/FE_RC_2594_0/ZN (ND2D2)                 0.0253 &   1.3050 r
  u_ctrl/div_37/FE_RC_2592_0/ZN (ND2D8)                 0.0290 &   1.3341 f
  u_ctrl/div_37/U243/ZN (INVD4)                         0.0240 &   1.3581 r
  u_ctrl/div_37/u_div_u_add_PartRem_0_6/FE_RC_3414_0/Z (OR2XD1)
                                                        0.0285 &   1.3866 r
  u_ctrl/div_37/u_div_u_add_PartRem_0_6/U124/ZN (ND2D2)
                                                        0.0198 &   1.4065 f
  u_ctrl/div_37/u_div_u_add_PartRem_0_6/FE_RC_124_0/ZN (AOI21D2)
                                                        0.0376 &   1.4441 r
  u_ctrl/div_37/u_div_u_add_PartRem_0_6/FE_RC_3420_0/ZN (IND2D2)
                                                        0.0254 &   1.4695 f
  u_ctrl/div_37/u_div_u_add_PartRem_0_6/FE_RC_3419_0/ZN (AOI31D4)
                                                        0.0278 &   1.4973 r
  u_ctrl/div_37/FE_RC_1816_0/ZN (ND2D3)                 0.0288 &   1.5261 f
  u_ctrl/div_37/FE_RC_1814_0/ZN (ND2D8)                 0.0237 &   1.5498 r
  u_ctrl/mult_39/U243/ZN (XNR2D2)                       0.0661 &   1.6158 r
  u_ctrl/mult_39/U245/Z (AN2D4)                         0.0383 &   1.6542 r
  u_ctrl/mult_39/U210/ZN (INVD6)                        0.0129 &   1.6671 f
  u_ctrl/mult_39/U236/ZN (OAI22D4)                      0.0269 &   1.6940 r
  u_ctrl/mult_39/U329/S (HA1D2)                         0.0700 &   1.7639 r
  u_ctrl/mult_39/U253/ZN (ND2D2)                        0.0238 &   1.7878 f
  u_ctrl/mult_39/U161/Z (OA21D4)                        0.0406 &   1.8284 f
  u_ctrl/mult_39/U207/ZN (OAI21D4)                      0.0309 &   1.8592 r
  u_ctrl/mult_39/U21/ZN (AOI21D4)                       0.0251 &   1.8843 f
  u_ctrl/mult_39/U176/ZN (INVD1)                        0.0254 &   1.9098 r
  u_ctrl/mult_39/U197/ZN (ND2D2)                        0.0208 &   1.9306 f
  u_ctrl/mult_39/U178/ZN (CKND2D3)                      0.0283 &   1.9589 r
  u_ctrl/add_39/U82/ZN (NR2D4)                          0.0137 &   1.9726 f
  u_ctrl/add_39/U96/ZN (INVD2)                          0.0173 &   1.9899 r
  u_ctrl/add_39/FE_OFC1339_n21/ZN (INVD2)               0.0118 &   2.0017 f
  u_ctrl/add_39/U137/ZN (NR2XD2)                        0.0175 &   2.0191 r
  u_ctrl/add_39/U117/ZN (CKND2D2)                       0.0161 &   2.0353 f
  u_ctrl/add_39/FE_RC_1817_0/ZN (OAI21D2)               0.0287 &   2.0640 r
  u_ctrl/add_39/U100/Z (CKXOR2D4)                       0.0677 &   2.1317 f
  u_ctrl/add_40/U114/ZN (IND2D4)                        0.0377 &   2.1694 f
  u_ctrl/add_40/U127/ZN (ND2D4)                         0.0177 &   2.1870 r
  u_ctrl/add_40/U125/ZN (INVD2)                         0.0120 &   2.1990 f
  u_ctrl/add_40/U122/ZN (ND2D2)                         0.0138 &   2.2129 r
  u_ctrl/add_40/U123/ZN (CKND2D2)                       0.0129 &   2.2258 f
  u_ctrl/U284/Z (AN2XD1)                                0.0240 &   2.2498 f
  U222/Z (AN2XD1)                                       0.0242 &   2.2741 f
  u_sram/addr_b_q_reg_9_/D (DFND1)                      0.0000 &   2.2741 f
  data arrival time                                                2.2741

  clock clk (fall edge)                                 2.0000     2.0000
  clock network delay (propagated)                      0.1605     2.1605
  clock reconvergence pessimism                         0.0000     2.1605
  clock uncertainty                                    -0.1000     2.0605
  u_sram/addr_b_q_reg_9_/CPN (DFND1)                               2.0605 f
  library setup time                                   -0.0092     2.0513
  data required time                                               2.0513
  ------------------------------------------------------------------------------
  data required time                                               2.0513
  data arrival time                                               -2.2741
  ------------------------------------------------------------------------------
  slack (VIOLATED)                                                -0.2228


  Startpoint: u_ctrl/stage_cnt_reg_0_
               (rising edge-triggered flip-flop clocked by clk)
  Endpoint: u_sram/addr_b_q_reg_9_
               (falling edge-triggered flip-flop clocked by clk)
  Last common pin: clk
  Path Group: clk
  Path Type: max

  Point                                                   Incr       Path
  ------------------------------------------------------------------------------
  clock clk (rise edge)                                 0.0000     0.0000
  clock network delay (propagated)                      0.1632     0.1632
  u_ctrl/stage_cnt_reg_0_/CP (DFCND4)                   0.0000     0.1632 r
  u_ctrl/stage_cnt_reg_0_/Q (DFCND4)                    0.1235 &   0.2868 r
  u_ctrl/FE_RC_257_0/Z (BUFFD8)                         0.0338 &   0.3206 r
  u_ctrl/U14/ZN (CKND2D8)                               0.0217 &   0.3423 f
  u_ctrl/U11/ZN (NR3D4)                                 0.0248 &   0.3671 r
  u_ctrl/div_37/U93/ZN (INVD4)                          0.0161 &   0.3832 f
  u_ctrl/div_37/u_div_u_add_B6/U102/ZN (CKND2)          0.0130 &   0.3962 r
  u_ctrl/div_37/u_div_u_add_B6/FE_OCPC1654_n166/Z (CKBD2)
                                                        0.0284 &   0.4246 r
  u_ctrl/div_37/u_div_u_add_B6/U165/Z (CKXOR2D1)        0.0698 &   0.4944 r
  u_ctrl/div_37/u_div_u_add_PartRem_2_6/U106/ZN (CKND2D0)
                                                        0.0371 &   0.5315 f
  u_ctrl/div_37/u_div_u_add_PartRem_2_6/U101/ZN (CKND1)
                                                        0.0252 &   0.5566 r
  u_ctrl/div_37/u_div_u_add_PartRem_2_6/U115/ZN (OAI211D2)
                                                        0.0242 &   0.5808 f
  u_ctrl/div_37/u_div_u_add_PartRem_2_6/U114/ZN (INR2XD1)
                                                        0.0201 &   0.6009 r
  u_ctrl/div_37/u_div_u_add_PartRem_2_6/FE_RC_861_0/ZN (CKND1)
                                                        0.0174 &   0.6183 f
  u_ctrl/div_37/u_div_u_add_PartRem_2_6/FE_RC_860_0/ZN (IND3D4)
                                                        0.0456 &   0.6639 f
  u_ctrl/div_37/u_div_u_add_PartRem_2_6/U93/ZN (NR2XD4)
                                                        0.0217 &   0.6856 r
  u_ctrl/div_37/FE_RC_1289_0/ZN (IND2D4)                0.0220 &   0.7076 f
  u_ctrl/div_37/FE_RC_1287_0/ZN (IND2D4)                0.0221 &   0.7297 r
  u_ctrl/div_37/FE_RC_1097_0/ZN (ND3D8)                 0.0263 &   0.7559 f
  u_ctrl/div_37/U25/ZN (ND2D8)                          0.0205 &   0.7765 r
  u_ctrl/div_37/U336/ZN (ND2D4)                         0.0237 &   0.8001 f
  u_ctrl/div_37/U204/ZN (NR2XD1)                        0.0220 &   0.8221 r
  u_ctrl/div_37/FE_RC_119_0/ZN (CKND2)                  0.0139 &   0.8359 f
  u_ctrl/div_37/FE_RC_117_0/ZN (ND2D2)                  0.0169 &   0.8528 r
  u_ctrl/div_37/FE_RC_116_0/ZN (NR2D3)                  0.0128 &   0.8656 f
  u_ctrl/div_37/FE_RC_344_0/ZN (AOI22D4)                0.0593 &   0.9249 r
  u_ctrl/div_37/FE_OFC513_n118/ZN (INVD8)               0.0234 &   0.9483 f
  u_ctrl/div_37/u_div_u_add_PartRem_1_4/FE_RC_1301_0/ZN (ND2D2)
                                                        0.0175 &   0.9658 r
  u_ctrl/div_37/u_div_u_add_PartRem_1_4/U74/ZN (ND2D2)
                                                        0.0161 &   0.9819 f
  u_ctrl/div_37/u_div_u_add_PartRem_1_4/U63/ZN (ND2D2)
                                                        0.0187 &   1.0006 r
  u_ctrl/div_37/u_div_u_add_PartRem_1_4/U76/ZN (AOI21D4)
                                                        0.0165 &   1.0171 f
  u_ctrl/div_37/u_div_u_add_PartRem_1_4/U82/ZN (INR2D4)
                                                        0.0415 &   1.0586 r
  u_ctrl/div_37/U33/Z (MUX2D4)                          0.0720 &   1.1307 r
  u_ctrl/div_37/U360/ZN (IND2D4)                        0.0317 &   1.1623 f
  u_ctrl/div_37/U276/ZN (NR2D4)                         0.0369 &   1.1992 r
  u_ctrl/div_37/U432_dup/ZN (NR2D4)                     0.0147 &   1.2139 f
  u_ctrl/div_37/U155/ZN (CKND2D3)                       0.0176 &   1.2315 r
  u_ctrl/div_37/FE_OCPC1814_n157/ZN (CKND4)             0.0170 &   1.2485 f
  u_ctrl/div_37/FE_OCPC1816_n157/Z (BUFFD4)             0.0289 &   1.2774 f
  u_ctrl/div_37/U160/Z (MUX2D4)                         0.0543 &   1.3318 r
  u_ctrl/div_37/U23/ZN (INVD2)                          0.0151 &   1.3468 f
  u_ctrl/div_37/U236/ZN (CKND4)                         0.0123 &   1.3591 r
  u_ctrl/div_37/u_div_u_add_PartRem_0_2/FE_RC_968_0/ZN (ND2D2)
                                                        0.0171 &   1.3762 f
  u_ctrl/div_37/u_div_u_add_PartRem_0_2/FE_RC_967_0/ZN (OAI21D4)
                                                        0.0296 &   1.4058 r
  u_ctrl/div_37/u_div_u_add_PartRem_0_2/FE_RC_3386_0/ZN (NR2D2)
                                                        0.0161 &   1.4219 f
  u_ctrl/div_37/u_div_u_add_PartRem_0_2/FE_RC_3384_0/ZN (INR2XD2)
                                                        0.0169 &   1.4388 r
  u_ctrl/div_37/u_div_u_add_PartRem_0_2/FE_RC_3395_0/ZN (IND3D2)
                                                        0.0305 &   1.4693 f
  u_ctrl/div_37/u_div_u_add_PartRem_0_2/FE_RC_3230_0/ZN (AOI211XD2)
                                                        0.0331 &   1.5023 r
  u_ctrl/div_37/FE_RC_1815_0/ZN (IND2D4)                0.0257 &   1.5280 f
  u_ctrl/div_37/FE_RC_1814_0/ZN (ND2D8)                 0.0229 &   1.5510 r
  u_ctrl/mult_39/U243/ZN (XNR2D2)                       0.0661 &   1.6170 r
  u_ctrl/mult_39/U245/Z (AN2D4)                         0.0383 &   1.6554 r
  u_ctrl/mult_39/U210/ZN (INVD6)                        0.0129 &   1.6682 f
  u_ctrl/mult_39/U236/ZN (OAI22D4)                      0.0269 &   1.6952 r
  u_ctrl/mult_39/U329/S (HA1D2)                         0.0700 &   1.7651 r
  u_ctrl/mult_39/U157/ZN (NR2D4)                        0.0135 &   1.7786 f
  u_ctrl/mult_39/U161/Z (OA21D4)                        0.0497 &   1.8283 f
  u_ctrl/mult_39/U207/ZN (OAI21D4)                      0.0309 &   1.8592 r
  u_ctrl/mult_39/U21/ZN (AOI21D4)                       0.0251 &   1.8843 f
  u_ctrl/mult_39/U176/ZN (INVD1)                        0.0254 &   1.9097 r
  u_ctrl/mult_39/U197/ZN (ND2D2)                        0.0208 &   1.9306 f
  u_ctrl/mult_39/U178/ZN (CKND2D3)                      0.0283 &   1.9588 r
  u_ctrl/add_39/U82/ZN (NR2D4)                          0.0137 &   1.9726 f
  u_ctrl/add_39/U96/ZN (INVD2)                          0.0173 &   1.9898 r
  u_ctrl/add_39/FE_OFC1339_n21/ZN (INVD2)               0.0118 &   2.0017 f
  u_ctrl/add_39/U137/ZN (NR2XD2)                        0.0175 &   2.0191 r
  u_ctrl/add_39/U117/ZN (CKND2D2)                       0.0161 &   2.0352 f
  u_ctrl/add_39/FE_RC_1817_0/ZN (OAI21D2)               0.0287 &   2.0640 r
  u_ctrl/add_39/U100/Z (CKXOR2D4)                       0.0677 &   2.1316 f
  u_ctrl/add_40/U114/ZN (IND2D4)                        0.0377 &   2.1693 f
  u_ctrl/add_40/U127/ZN (ND2D4)                         0.0177 &   2.1870 r
  u_ctrl/add_40/U125/ZN (INVD2)                         0.0120 &   2.1990 f
  u_ctrl/add_40/U122/ZN (ND2D2)                         0.0138 &   2.2129 r
  u_ctrl/add_40/U123/ZN (CKND2D2)                       0.0129 &   2.2258 f
  u_ctrl/U284/Z (AN2XD1)                                0.0240 &   2.2498 f
  U222/Z (AN2XD1)                                       0.0242 &   2.2740 f
  u_sram/addr_b_q_reg_9_/D (DFND1)                      0.0000 &   2.2740 f
  data arrival time                                                2.2740

  clock clk (fall edge)                                 2.0000     2.0000
  clock network delay (propagated)                      0.1605     2.1605
  clock reconvergence pessimism                         0.0000     2.1605
  clock uncertainty                                    -0.1000     2.0605
  u_sram/addr_b_q_reg_9_/CPN (DFND1)                               2.0605 f
  library setup time                                   -0.0092     2.0513
  data required time                                               2.0513
  ------------------------------------------------------------------------------
  data required time                                               2.0513
  data arrival time                                               -2.2740
  ------------------------------------------------------------------------------
  slack (VIOLATED)                                                -0.2228


  Startpoint: u_ctrl/stage_cnt_reg_0_
               (rising edge-triggered flip-flop clocked by clk)
  Endpoint: u_sram/addr_b_q_reg_9_
               (falling edge-triggered flip-flop clocked by clk)
  Last common pin: clk
  Path Group: clk
  Path Type: max

  Point                                                   Incr       Path
  ------------------------------------------------------------------------------
  clock clk (rise edge)                                 0.0000     0.0000
  clock network delay (propagated)                      0.1632     0.1632
  u_ctrl/stage_cnt_reg_0_/CP (DFCND4)                   0.0000     0.1632 r
  u_ctrl/stage_cnt_reg_0_/Q (DFCND4)                    0.1235 &   0.2868 r
  u_ctrl/FE_RC_257_0/Z (BUFFD8)                         0.0338 &   0.3206 r
  u_ctrl/U14/ZN (CKND2D8)                               0.0217 &   0.3423 f
  u_ctrl/U11/ZN (NR3D4)                                 0.0248 &   0.3671 r
  u_ctrl/div_37/U93/ZN (INVD4)                          0.0161 &   0.3832 f
  u_ctrl/div_37/u_div_u_add_B6/U102/ZN (CKND2)          0.0130 &   0.3962 r
  u_ctrl/div_37/u_div_u_add_B6/FE_OCPC1654_n166/Z (CKBD2)
                                                        0.0284 &   0.4246 r
  u_ctrl/div_37/u_div_u_add_B6/U165/Z (CKXOR2D1)        0.0698 &   0.4944 r
  u_ctrl/div_37/u_div_u_add_PartRem_2_6/U106/ZN (CKND2D0)
                                                        0.0371 &   0.5315 f
  u_ctrl/div_37/u_div_u_add_PartRem_2_6/U101/ZN (CKND1)
                                                        0.0252 &   0.5566 r
  u_ctrl/div_37/u_div_u_add_PartRem_2_6/U115/ZN (OAI211D2)
                                                        0.0242 &   0.5808 f
  u_ctrl/div_37/u_div_u_add_PartRem_2_6/U114/ZN (INR2XD1)
                                                        0.0201 &   0.6009 r
  u_ctrl/div_37/u_div_u_add_PartRem_2_6/FE_RC_861_0/ZN (CKND1)
                                                        0.0174 &   0.6183 f
  u_ctrl/div_37/u_div_u_add_PartRem_2_6/FE_RC_860_0/ZN (IND3D4)
                                                        0.0456 &   0.6639 f
  u_ctrl/div_37/u_div_u_add_PartRem_2_6/U93/ZN (NR2XD4)
                                                        0.0217 &   0.6856 r
  u_ctrl/div_37/FE_RC_1289_0/ZN (IND2D4)                0.0220 &   0.7076 f
  u_ctrl/div_37/FE_RC_1287_0/ZN (IND2D4)                0.0221 &   0.7297 r
  u_ctrl/div_37/FE_RC_1097_0/ZN (ND3D8)                 0.0263 &   0.7559 f
  u_ctrl/div_37/U25/ZN (ND2D8)                          0.0205 &   0.7765 r
  u_ctrl/div_37/U336/ZN (ND2D4)                         0.0237 &   0.8001 f
  u_ctrl/div_37/FE_OFC1073_n295/ZN (INVD6)              0.0211 &   0.8212 r
  u_ctrl/div_37/U118/ZN (IND2D4)                        0.0143 &   0.8354 f
  u_ctrl/div_37/U293/ZN (ND2D2)                         0.0157 &   0.8511 r
  u_ctrl/div_37/FE_RC_3085_0/ZN (NR2D2)                 0.0127 &   0.8638 f
  u_ctrl/div_37/FE_RC_3084_0/ZN (ND2D3)                 0.0220 &   0.8858 r
  u_ctrl/div_37/FE_RC_93_0/ZN (ND2D8)                   0.0299 &   0.9157 f
  u_ctrl/div_37/U206/ZN (INVD6)                         0.0176 &   0.9333 r
  u_ctrl/div_37/u_div_u_add_PartRem_1_4/U69/ZN (ND2D2)
                                                        0.0171 &   0.9504 f
  u_ctrl/div_37/u_div_u_add_PartRem_1_4/U67/ZN (INVD2)
                                                        0.0159 &   0.9663 r
  u_ctrl/div_37/u_div_u_add_PartRem_1_4/U74/ZN (ND2D2)
                                                        0.0161 &   0.9824 f
  u_ctrl/div_37/u_div_u_add_PartRem_1_4/U63/ZN (ND2D2)
                                                        0.0187 &   1.0011 r
  u_ctrl/div_37/u_div_u_add_PartRem_1_4/U76/ZN (AOI21D4)
                                                        0.0165 &   1.0176 f
  u_ctrl/div_37/u_div_u_add_PartRem_1_4/U82/ZN (INR2D4)
                                                        0.0415 &   1.0591 r
  u_ctrl/div_37/U33/Z (MUX2D4)                          0.0720 &   1.1311 r
  u_ctrl/div_37/U360/ZN (IND2D4)                        0.0317 &   1.1628 f
  u_ctrl/div_37/U276/ZN (NR2D4)                         0.0369 &   1.1997 r
  u_ctrl/div_37/U432_dup/ZN (NR2D4)                     0.0147 &   1.2144 f
  u_ctrl/div_37/U155/ZN (CKND2D3)                       0.0176 &   1.2320 r
  u_ctrl/div_37/FE_OCPC1814_n157/ZN (CKND4)             0.0170 &   1.2490 f
  u_ctrl/div_37/FE_OCPC1816_n157/Z (BUFFD4)             0.0289 &   1.2779 f
  u_ctrl/div_37/U160/Z (MUX2D4)                         0.0543 &   1.3322 r
  u_ctrl/div_37/U23/ZN (INVD2)                          0.0151 &   1.3473 f
  u_ctrl/div_37/U236/ZN (CKND4)                         0.0123 &   1.3596 r
  u_ctrl/div_37/u_div_u_add_PartRem_0_2/FE_RC_968_0/ZN (ND2D2)
                                                        0.0171 &   1.3767 f
  u_ctrl/div_37/u_div_u_add_PartRem_0_2/FE_RC_967_0/ZN (OAI21D4)
                                                        0.0296 &   1.4063 r
  u_ctrl/div_37/u_div_u_add_PartRem_0_2/FE_RC_3386_0/ZN (NR2D2)
                                                        0.0161 &   1.4224 f
  u_ctrl/div_37/u_div_u_add_PartRem_0_2/FE_RC_3384_0/ZN (INR2XD2)
                                                        0.0169 &   1.4393 r
  u_ctrl/div_37/u_div_u_add_PartRem_0_2/FE_RC_3395_0/ZN (IND3D2)
                                                        0.0305 &   1.4697 f
  u_ctrl/div_37/u_div_u_add_PartRem_0_2/FE_RC_3230_0/ZN (AOI211XD2)
                                                        0.0331 &   1.5028 r
  u_ctrl/div_37/FE_RC_1815_0/ZN (IND2D4)                0.0257 &   1.5285 f
  u_ctrl/div_37/FE_RC_1814_0/ZN (ND2D8)                 0.0229 &   1.5514 r
  u_ctrl/mult_39/U243/ZN (XNR2D2)                       0.0661 &   1.6175 r
  u_ctrl/mult_39/U245/Z (AN2D4)                         0.0383 &   1.6558 r
  u_ctrl/mult_39/U210/ZN (INVD6)                        0.0129 &   1.6687 f
  u_ctrl/mult_39/U236/ZN (OAI22D4)                      0.0269 &   1.6956 r
  u_ctrl/mult_39/U329/S (HA1D2)                         0.0700 &   1.7656 r
  u_ctrl/mult_39/U253/ZN (ND2D2)                        0.0238 &   1.7894 f
  u_ctrl/mult_39/U161/Z (OA21D4)                        0.0406 &   1.8300 f
  u_ctrl/mult_39/U207/ZN (OAI21D4)                      0.0309 &   1.8609 r
  u_ctrl/mult_39/U21/ZN (AOI21D4)                       0.0251 &   1.8860 f
  u_ctrl/mult_39/U176/ZN (INVD1)                        0.0254 &   1.9114 r
  u_ctrl/mult_39/U197/ZN (ND2D2)                        0.0208 &   1.9323 f
  u_ctrl/mult_39/U178/ZN (CKND2D3)                      0.0283 &   1.9605 r
  u_ctrl/add_39/U82/ZN (NR2D4)                          0.0137 &   1.9743 f
  u_ctrl/add_39/U96/ZN (INVD2)                          0.0173 &   1.9915 r
  u_ctrl/add_39/FE_OFC1339_n21/ZN (INVD2)               0.0118 &   2.0034 f
  u_ctrl/add_39/U137/ZN (NR2XD2)                        0.0175 &   2.0208 r
  u_ctrl/add_39/U128/ZN (AOI21D2)                       0.0202 &   2.0410 f
  u_ctrl/add_39/FE_RC_1817_0/ZN (OAI21D2)               0.0230 &   2.0639 r
  u_ctrl/add_39/U100/Z (CKXOR2D4)                       0.0677 &   2.1316 f
  u_ctrl/add_40/U114/ZN (IND2D4)                        0.0377 &   2.1693 f
  u_ctrl/add_40/U127/ZN (ND2D4)                         0.0177 &   2.1870 r
  u_ctrl/add_40/U125/ZN (INVD2)                         0.0120 &   2.1990 f
  u_ctrl/add_40/U122/ZN (ND2D2)                         0.0138 &   2.2128 r
  u_ctrl/add_40/U123/ZN (CKND2D2)                       0.0129 &   2.2257 f
  u_ctrl/U284/Z (AN2XD1)                                0.0240 &   2.2498 f
  U222/Z (AN2XD1)                                       0.0242 &   2.2740 f
  u_sram/addr_b_q_reg_9_/D (DFND1)                      0.0000 &   2.2740 f
  data arrival time                                                2.2740

  clock clk (fall edge)                                 2.0000     2.0000
  clock network delay (propagated)                      0.1605     2.1605
  clock reconvergence pessimism                         0.0000     2.1605
  clock uncertainty                                    -0.1000     2.0605
  u_sram/addr_b_q_reg_9_/CPN (DFND1)                               2.0605 f
  library setup time                                   -0.0092     2.0513
  data required time                                               2.0513
  ------------------------------------------------------------------------------
  data required time                                               2.0513
  data arrival time                                               -2.2740
  ------------------------------------------------------------------------------
  slack (VIOLATED)                                                -0.2227


  Startpoint: u_ctrl/stage_cnt_reg_0_
               (rising edge-triggered flip-flop clocked by clk)
  Endpoint: u_sram/addr_b_q_reg_9_
               (falling edge-triggered flip-flop clocked by clk)
  Last common pin: clk
  Path Group: clk
  Path Type: max

  Point                                                   Incr       Path
  ------------------------------------------------------------------------------
  clock clk (rise edge)                                 0.0000     0.0000
  clock network delay (propagated)                      0.1632     0.1632
  u_ctrl/stage_cnt_reg_0_/CP (DFCND4)                   0.0000     0.1632 r
  u_ctrl/stage_cnt_reg_0_/Q (DFCND4)                    0.1235 &   0.2868 r
  u_ctrl/FE_RC_257_0/Z (BUFFD8)                         0.0338 &   0.3206 r
  u_ctrl/U14/ZN (CKND2D8)                               0.0217 &   0.3423 f
  u_ctrl/U11/ZN (NR3D4)                                 0.0248 &   0.3671 r
  u_ctrl/div_37/U93/ZN (INVD4)                          0.0161 &   0.3832 f
  u_ctrl/div_37/u_div_u_add_B6/U102/ZN (CKND2)          0.0130 &   0.3962 r
  u_ctrl/div_37/u_div_u_add_B6/FE_OCPC1654_n166/Z (CKBD2)
                                                        0.0284 &   0.4246 r
  u_ctrl/div_37/u_div_u_add_B6/U165/Z (CKXOR2D1)        0.0698 &   0.4944 r
  u_ctrl/div_37/u_div_u_add_PartRem_2_6/U106/ZN (CKND2D0)
                                                        0.0371 &   0.5315 f
  u_ctrl/div_37/u_div_u_add_PartRem_2_6/U101/ZN (CKND1)
                                                        0.0252 &   0.5566 r
  u_ctrl/div_37/u_div_u_add_PartRem_2_6/U115/ZN (OAI211D2)
                                                        0.0242 &   0.5808 f
  u_ctrl/div_37/u_div_u_add_PartRem_2_6/U114/ZN (INR2XD1)
                                                        0.0201 &   0.6009 r
  u_ctrl/div_37/u_div_u_add_PartRem_2_6/FE_RC_861_0/ZN (CKND1)
                                                        0.0174 &   0.6183 f
  u_ctrl/div_37/u_div_u_add_PartRem_2_6/FE_RC_860_0/ZN (IND3D4)
                                                        0.0456 &   0.6639 f
  u_ctrl/div_37/u_div_u_add_PartRem_2_6/U93/ZN (NR2XD4)
                                                        0.0217 &   0.6856 r
  u_ctrl/div_37/FE_RC_1289_0/ZN (IND2D4)                0.0220 &   0.7076 f
  u_ctrl/div_37/FE_RC_1287_0/ZN (IND2D4)                0.0221 &   0.7297 r
  u_ctrl/div_37/FE_RC_1097_0/ZN (ND3D8)                 0.0263 &   0.7559 f
  u_ctrl/div_37/U25/ZN (ND2D8)                          0.0205 &   0.7765 r
  u_ctrl/div_37/U336/ZN (ND2D4)                         0.0237 &   0.8001 f
  u_ctrl/div_37/U204/ZN (NR2XD1)                        0.0220 &   0.8221 r
  u_ctrl/div_37/FE_RC_119_0/ZN (CKND2)                  0.0139 &   0.8359 f
  u_ctrl/div_37/FE_RC_117_0/ZN (ND2D2)                  0.0169 &   0.8528 r
  u_ctrl/div_37/FE_RC_116_0/ZN (NR2D3)                  0.0128 &   0.8656 f
  u_ctrl/div_37/FE_RC_344_0/ZN (AOI22D4)                0.0593 &   0.9249 r
  u_ctrl/div_37/FE_OFC513_n118/ZN (INVD8)               0.0234 &   0.9483 f
  u_ctrl/div_37/u_div_u_add_PartRem_1_4/FE_RC_1301_0/ZN (ND2D2)
                                                        0.0175 &   0.9658 r
  u_ctrl/div_37/u_div_u_add_PartRem_1_4/U74/ZN (ND2D2)
                                                        0.0161 &   0.9819 f
  u_ctrl/div_37/u_div_u_add_PartRem_1_4/U63/ZN (ND2D2)
                                                        0.0187 &   1.0006 r
  u_ctrl/div_37/u_div_u_add_PartRem_1_4/U76/ZN (AOI21D4)
                                                        0.0165 &   1.0171 f
  u_ctrl/div_37/u_div_u_add_PartRem_1_4/U82/ZN (INR2D4)
                                                        0.0415 &   1.0586 r
  u_ctrl/div_37/U33/Z (MUX2D4)                          0.0720 &   1.1307 r
  u_ctrl/div_37/U360/ZN (IND2D4)                        0.0317 &   1.1623 f
  u_ctrl/div_37/U276/ZN (NR2D4)                         0.0369 &   1.1992 r
  u_ctrl/div_37/U432_dup/ZN (NR2D4)                     0.0147 &   1.2139 f
  u_ctrl/div_37/U155/ZN (CKND2D3)                       0.0176 &   1.2315 r
  u_ctrl/div_37/FE_OCPC1814_n157/ZN (CKND4)             0.0170 &   1.2485 f
  u_ctrl/div_37/FE_OCPC1816_n157/Z (BUFFD4)             0.0289 &   1.2774 f
  u_ctrl/div_37/U160/Z (MUX2D4)                         0.0543 &   1.3318 r
  u_ctrl/div_37/U23/ZN (INVD2)                          0.0151 &   1.3468 f
  u_ctrl/div_37/U236/ZN (CKND4)                         0.0123 &   1.3591 r
  u_ctrl/div_37/u_div_u_add_PartRem_0_2/FE_RC_968_0/ZN (ND2D2)
                                                        0.0171 &   1.3762 f
  u_ctrl/div_37/u_div_u_add_PartRem_0_2/FE_RC_967_0/ZN (OAI21D4)
                                                        0.0296 &   1.4058 r
  u_ctrl/div_37/u_div_u_add_PartRem_0_2/FE_RC_3386_0/ZN (NR2D2)
                                                        0.0161 &   1.4219 f
  u_ctrl/div_37/u_div_u_add_PartRem_0_2/FE_RC_3384_0/ZN (INR2XD2)
                                                        0.0169 &   1.4388 r
  u_ctrl/div_37/u_div_u_add_PartRem_0_2/FE_RC_3395_0/ZN (IND3D2)
                                                        0.0305 &   1.4693 f
  u_ctrl/div_37/u_div_u_add_PartRem_0_2/FE_RC_3230_0/ZN (AOI211XD2)
                                                        0.0331 &   1.5023 r
  u_ctrl/div_37/FE_RC_1815_0/ZN (IND2D4)                0.0257 &   1.5280 f
  u_ctrl/div_37/FE_RC_1814_0/ZN (ND2D8)                 0.0229 &   1.5510 r
  u_ctrl/mult_39/U243/ZN (XNR2D2)                       0.0661 &   1.6170 r
  u_ctrl/mult_39/U245/Z (AN2D4)                         0.0383 &   1.6554 r
  u_ctrl/mult_39/U210/ZN (INVD6)                        0.0129 &   1.6682 f
  u_ctrl/mult_39/U236/ZN (OAI22D4)                      0.0269 &   1.6952 r
  u_ctrl/mult_39/U329/S (HA1D2)                         0.0700 &   1.7651 r
  u_ctrl/mult_39/U253/ZN (ND2D2)                        0.0238 &   1.7890 f
  u_ctrl/mult_39/U161/Z (OA21D4)                        0.0406 &   1.8296 f
  u_ctrl/mult_39/U207/ZN (OAI21D4)                      0.0309 &   1.8604 r
  u_ctrl/mult_39/U21/ZN (AOI21D4)                       0.0251 &   1.8855 f
  u_ctrl/mult_39/U170/ZN (OAI21D2)                      0.0296 &   1.9152 r
  u_ctrl/mult_39/FE_RC_292_0/ZN (IND2D2)                0.0319 &   1.9470 r
  u_ctrl/mult_39/FE_RC_291_0/ZN (CKND2D3)               0.0200 &   1.9671 f
  u_ctrl/add_39/U78/ZN (NR2D4)                          0.0281 &   1.9952 r
  u_ctrl/add_39/FE_RC_135_0/ZN (OAI21D2)                0.0210 &   2.0162 f
  u_ctrl/add_39/U128/ZN (AOI21D2)                       0.0380 &   2.0542 r
  u_ctrl/add_39/FE_RC_1817_0/ZN (OAI21D2)               0.0299 &   2.0841 f
  u_ctrl/add_39/U100/Z (CKXOR2D4)                       0.0550 &   2.1391 r
  u_ctrl/add_40/U114/ZN (IND2D4)                        0.0300 &   2.1691 r
  u_ctrl/add_40/U127/ZN (ND2D4)                         0.0177 &   2.1868 f
  u_ctrl/add_40/U125/ZN (INVD2)                         0.0152 &   2.2020 r
  u_ctrl/add_40/U122/ZN (ND2D2)                         0.0154 &   2.2175 f
  u_ctrl/add_40/U123/ZN (CKND2D2)                       0.0145 &   2.2319 r
  u_ctrl/U284/Z (AN2XD1)                                0.0304 &   2.2623 r
  U222/Z (AN2XD1)                                       0.0306 &   2.2929 r
  u_sram/addr_b_q_reg_9_/D (DFND1)                      0.0000 &   2.2929 r
  data arrival time                                                2.2929

  clock clk (fall edge)                                 2.0000     2.0000
  clock network delay (propagated)                      0.1605     2.1605
  clock reconvergence pessimism                         0.0000     2.1605
  clock uncertainty                                    -0.1000     2.0605
  u_sram/addr_b_q_reg_9_/CPN (DFND1)                               2.0605 f
  library setup time                                    0.0097     2.0702
  data required time                                               2.0702
  ------------------------------------------------------------------------------
  data required time                                               2.0702
  data arrival time                                               -2.2929
  ------------------------------------------------------------------------------
  slack (VIOLATED)                                                -0.2227


  Startpoint: u_ctrl/stage_cnt_reg_0_
               (rising edge-triggered flip-flop clocked by clk)
  Endpoint: u_sram/addr_b_q_reg_9_
               (falling edge-triggered flip-flop clocked by clk)
  Last common pin: clk
  Path Group: clk
  Path Type: max

  Point                                                   Incr       Path
  ------------------------------------------------------------------------------
  clock clk (rise edge)                                 0.0000     0.0000
  clock network delay (propagated)                      0.1632     0.1632
  u_ctrl/stage_cnt_reg_0_/CP (DFCND4)                   0.0000     0.1632 r
  u_ctrl/stage_cnt_reg_0_/Q (DFCND4)                    0.1235 &   0.2868 r
  u_ctrl/FE_RC_257_0/Z (BUFFD8)                         0.0338 &   0.3206 r
  u_ctrl/U14/ZN (CKND2D8)                               0.0217 &   0.3423 f
  u_ctrl/U11/ZN (NR3D4)                                 0.0248 &   0.3671 r
  u_ctrl/div_37/U93/ZN (INVD4)                          0.0161 &   0.3832 f
  u_ctrl/div_37/u_div_u_add_B6/U102/ZN (CKND2)          0.0130 &   0.3962 r
  u_ctrl/div_37/u_div_u_add_B6/FE_OCPC1654_n166/Z (CKBD2)
                                                        0.0284 &   0.4246 r
  u_ctrl/div_37/u_div_u_add_B6/U165/Z (CKXOR2D1)        0.0698 &   0.4944 r
  u_ctrl/div_37/u_div_u_add_PartRem_2_6/U106/ZN (CKND2D0)
                                                        0.0371 &   0.5315 f
  u_ctrl/div_37/u_div_u_add_PartRem_2_6/U101/ZN (CKND1)
                                                        0.0252 &   0.5566 r
  u_ctrl/div_37/u_div_u_add_PartRem_2_6/U115/ZN (OAI211D2)
                                                        0.0242 &   0.5808 f
  u_ctrl/div_37/u_div_u_add_PartRem_2_6/U114/ZN (INR2XD1)
                                                        0.0201 &   0.6009 r
  u_ctrl/div_37/u_div_u_add_PartRem_2_6/FE_RC_861_0/ZN (CKND1)
                                                        0.0174 &   0.6183 f
  u_ctrl/div_37/u_div_u_add_PartRem_2_6/FE_RC_860_0/ZN (IND3D4)
                                                        0.0456 &   0.6639 f
  u_ctrl/div_37/u_div_u_add_PartRem_2_6/U93/ZN (NR2XD4)
                                                        0.0217 &   0.6856 r
  u_ctrl/div_37/FE_RC_1289_0/ZN (IND2D4)                0.0220 &   0.7076 f
  u_ctrl/div_37/FE_RC_1287_0/ZN (IND2D4)                0.0221 &   0.7297 r
  u_ctrl/div_37/FE_RC_1097_0/ZN (ND3D8)                 0.0263 &   0.7559 f
  u_ctrl/div_37/U25/ZN (ND2D8)                          0.0205 &   0.7765 r
  u_ctrl/div_37/U336/ZN (ND2D4)                         0.0237 &   0.8001 f
  u_ctrl/div_37/FE_OFC1073_n295/ZN (INVD6)              0.0211 &   0.8212 r
  u_ctrl/div_37/U118/ZN (IND2D4)                        0.0143 &   0.8354 f
  u_ctrl/div_37/U293/ZN (ND2D2)                         0.0157 &   0.8511 r
  u_ctrl/div_37/FE_RC_3085_0/ZN (NR2D2)                 0.0127 &   0.8638 f
  u_ctrl/div_37/FE_RC_3084_0/ZN (ND2D3)                 0.0220 &   0.8858 r
  u_ctrl/div_37/FE_RC_93_0/ZN (ND2D8)                   0.0299 &   0.9157 f
  u_ctrl/div_37/U206/ZN (INVD6)                         0.0176 &   0.9333 r
  u_ctrl/div_37/u_div_u_add_PartRem_1_4/U69/ZN (ND2D2)
                                                        0.0171 &   0.9504 f
  u_ctrl/div_37/u_div_u_add_PartRem_1_4/U67/ZN (INVD2)
                                                        0.0159 &   0.9663 r
  u_ctrl/div_37/u_div_u_add_PartRem_1_4/U74/ZN (ND2D2)
                                                        0.0161 &   0.9824 f
  u_ctrl/div_37/u_div_u_add_PartRem_1_4/U63/ZN (ND2D2)
                                                        0.0187 &   1.0011 r
  u_ctrl/div_37/u_div_u_add_PartRem_1_4/U76/ZN (AOI21D4)
                                                        0.0165 &   1.0176 f
  u_ctrl/div_37/u_div_u_add_PartRem_1_4/U82/ZN (INR2D4)
                                                        0.0415 &   1.0591 r
  u_ctrl/div_37/U33/Z (MUX2D4)                          0.0720 &   1.1311 r
  u_ctrl/div_37/U360/ZN (IND2D4)                        0.0317 &   1.1628 f
  u_ctrl/div_37/U276/ZN (NR2D4)                         0.0369 &   1.1997 r
  u_ctrl/div_37/U432_dup/ZN (NR2D4)                     0.0147 &   1.2144 f
  u_ctrl/div_37/U155/ZN (CKND2D3)                       0.0176 &   1.2320 r
  u_ctrl/div_37/FE_OCPC1814_n157/ZN (CKND4)             0.0170 &   1.2490 f
  u_ctrl/div_37/FE_OCPC1816_n157/Z (BUFFD4)             0.0289 &   1.2779 f
  u_ctrl/div_37/U160/Z (MUX2D4)                         0.0543 &   1.3322 r
  u_ctrl/div_37/U23/ZN (INVD2)                          0.0151 &   1.3473 f
  u_ctrl/div_37/U236/ZN (CKND4)                         0.0123 &   1.3596 r
  u_ctrl/div_37/u_div_u_add_PartRem_0_2/FE_RC_968_0/ZN (ND2D2)
                                                        0.0171 &   1.3767 f
  u_ctrl/div_37/u_div_u_add_PartRem_0_2/FE_RC_967_0/ZN (OAI21D4)
                                                        0.0296 &   1.4063 r
  u_ctrl/div_37/u_div_u_add_PartRem_0_2/FE_RC_3386_0/ZN (NR2D2)
                                                        0.0161 &   1.4224 f
  u_ctrl/div_37/u_div_u_add_PartRem_0_2/FE_RC_3384_0/ZN (INR2XD2)
                                                        0.0169 &   1.4393 r
  u_ctrl/div_37/u_div_u_add_PartRem_0_2/FE_RC_3395_0/ZN (IND3D2)
                                                        0.0305 &   1.4697 f
  u_ctrl/div_37/u_div_u_add_PartRem_0_2/FE_RC_3230_0/ZN (AOI211XD2)
                                                        0.0331 &   1.5028 r
  u_ctrl/div_37/FE_RC_1815_0/ZN (IND2D4)                0.0257 &   1.5285 f
  u_ctrl/div_37/FE_RC_1814_0/ZN (ND2D8)                 0.0229 &   1.5514 r
  u_ctrl/mult_39/U243/ZN (XNR2D2)                       0.0661 &   1.6175 r
  u_ctrl/mult_39/U245/Z (AN2D4)                         0.0383 &   1.6558 r
  u_ctrl/mult_39/U210/ZN (INVD6)                        0.0129 &   1.6687 f
  u_ctrl/mult_39/U236/ZN (OAI22D4)                      0.0269 &   1.6956 r
  u_ctrl/mult_39/U329/S (HA1D2)                         0.0700 &   1.7656 r
  u_ctrl/mult_39/U253/ZN (ND2D2)                        0.0238 &   1.7894 f
  u_ctrl/mult_39/U161/Z (OA21D4)                        0.0406 &   1.8300 f
  u_ctrl/mult_39/U207/ZN (OAI21D4)                      0.0309 &   1.8609 r
  u_ctrl/mult_39/U21/ZN (AOI21D4)                       0.0251 &   1.8860 f
  u_ctrl/mult_39/U170/ZN (OAI21D2)                      0.0296 &   1.9156 r
  u_ctrl/mult_39/FE_RC_292_0/ZN (IND2D2)                0.0319 &   1.9475 r
  u_ctrl/mult_39/FE_RC_291_0/ZN (CKND2D3)               0.0200 &   1.9676 f
  u_ctrl/add_39/U78/ZN (NR2D4)                          0.0281 &   1.9957 r
  u_ctrl/add_39/FE_RC_135_0/ZN (OAI21D2)                0.0210 &   2.0167 f
  u_ctrl/add_39/U128/ZN (AOI21D2)                       0.0380 &   2.0546 r
  u_ctrl/add_39/FE_RC_1817_0/ZN (OAI21D2)               0.0299 &   2.0845 f
  u_ctrl/add_39/U100/Z (CKXOR2D4)                       0.0470 &   2.1316 f
  u_ctrl/add_40/U114/ZN (IND2D4)                        0.0377 &   2.1693 f
  u_ctrl/add_40/U127/ZN (ND2D4)                         0.0177 &   2.1869 r
  u_ctrl/add_40/U125/ZN (INVD2)                         0.0120 &   2.1990 f
  u_ctrl/add_40/U122/ZN (ND2D2)                         0.0138 &   2.2128 r
  u_ctrl/add_40/U123/ZN (CKND2D2)                       0.0129 &   2.2257 f
  u_ctrl/U284/Z (AN2XD1)                                0.0240 &   2.2497 f
  U222/Z (AN2XD1)                                       0.0242 &   2.2740 f
  u_sram/addr_b_q_reg_9_/D (DFND1)                      0.0000 &   2.2740 f
  data arrival time                                                2.2740

  clock clk (fall edge)                                 2.0000     2.0000
  clock network delay (propagated)                      0.1605     2.1605
  clock reconvergence pessimism                         0.0000     2.1605
  clock uncertainty                                    -0.1000     2.0605
  u_sram/addr_b_q_reg_9_/CPN (DFND1)                               2.0605 f
  library setup time                                   -0.0092     2.0513
  data required time                                               2.0513
  ------------------------------------------------------------------------------
  data required time                                               2.0513
  data arrival time                                               -2.2740
  ------------------------------------------------------------------------------
  slack (VIOLATED)                                                -0.2227


  Startpoint: u_ctrl/stage_cnt_reg_0_
               (rising edge-triggered flip-flop clocked by clk)
  Endpoint: u_sram/addr_b_q_reg_9_
               (falling edge-triggered flip-flop clocked by clk)
  Last common pin: clk
  Path Group: clk
  Path Type: max

  Point                                                   Incr       Path
  ------------------------------------------------------------------------------
  clock clk (rise edge)                                 0.0000     0.0000
  clock network delay (propagated)                      0.1632     0.1632
  u_ctrl/stage_cnt_reg_0_/CP (DFCND4)                   0.0000     0.1632 r
  u_ctrl/stage_cnt_reg_0_/Q (DFCND4)                    0.1235 &   0.2868 r
  u_ctrl/FE_RC_257_0/Z (BUFFD8)                         0.0338 &   0.3206 r
  u_ctrl/U14/ZN (CKND2D8)                               0.0217 &   0.3423 f
  u_ctrl/U11/ZN (NR3D4)                                 0.0248 &   0.3671 r
  u_ctrl/div_37/U93/ZN (INVD4)                          0.0161 &   0.3832 f
  u_ctrl/div_37/u_div_u_add_B6/U102/ZN (CKND2)          0.0130 &   0.3962 r
  u_ctrl/div_37/u_div_u_add_B6/FE_OCPC1654_n166/Z (CKBD2)
                                                        0.0284 &   0.4246 r
  u_ctrl/div_37/u_div_u_add_B6/U165/Z (CKXOR2D1)        0.0698 &   0.4944 r
  u_ctrl/div_37/u_div_u_add_PartRem_2_6/U106/ZN (CKND2D0)
                                                        0.0371 &   0.5315 f
  u_ctrl/div_37/u_div_u_add_PartRem_2_6/U101/ZN (CKND1)
                                                        0.0252 &   0.5566 r
  u_ctrl/div_37/u_div_u_add_PartRem_2_6/U115/ZN (OAI211D2)
                                                        0.0242 &   0.5808 f
  u_ctrl/div_37/u_div_u_add_PartRem_2_6/U114/ZN (INR2XD1)
                                                        0.0201 &   0.6009 r
  u_ctrl/div_37/u_div_u_add_PartRem_2_6/FE_RC_861_0/ZN (CKND1)
                                                        0.0174 &   0.6183 f
  u_ctrl/div_37/u_div_u_add_PartRem_2_6/FE_RC_860_0/ZN (IND3D4)
                                                        0.0456 &   0.6639 f
  u_ctrl/div_37/u_div_u_add_PartRem_2_6/U93/ZN (NR2XD4)
                                                        0.0217 &   0.6856 r
  u_ctrl/div_37/FE_RC_1289_0/ZN (IND2D4)                0.0220 &   0.7076 f
  u_ctrl/div_37/FE_RC_1287_0/ZN (IND2D4)                0.0221 &   0.7297 r
  u_ctrl/div_37/FE_RC_1097_0/ZN (ND3D8)                 0.0263 &   0.7559 f
  u_ctrl/div_37/U25/ZN (ND2D8)                          0.0205 &   0.7765 r
  u_ctrl/div_37/U336/ZN (ND2D4)                         0.0237 &   0.8001 f
  u_ctrl/div_37/FE_OFC1073_n295/ZN (INVD6)              0.0211 &   0.8212 r
  u_ctrl/div_37/U191/ZN (ND2D2)                         0.0165 &   0.8377 f
  u_ctrl/div_37/U103/ZN (ND2D2)                         0.0174 &   0.8551 r
  u_ctrl/div_37/U125/ZN (NR2D3)                         0.0138 &   0.8690 f
  u_ctrl/div_37/FE_RC_94_0/ZN (ND2D4)                   0.0160 &   0.8849 r
  u_ctrl/div_37/FE_RC_93_0/ZN (ND2D8)                   0.0306 &   0.9155 f
  u_ctrl/div_37/U206/ZN (INVD6)                         0.0176 &   0.9332 r
  u_ctrl/div_37/u_div_u_add_PartRem_1_4/U69/ZN (ND2D2)
                                                        0.0171 &   0.9503 f
  u_ctrl/div_37/u_div_u_add_PartRem_1_4/U67/ZN (INVD2)
                                                        0.0159 &   0.9662 r
  u_ctrl/div_37/u_div_u_add_PartRem_1_4/U74/ZN (ND2D2)
                                                        0.0161 &   0.9822 f
  u_ctrl/div_37/u_div_u_add_PartRem_1_4/U63/ZN (ND2D2)
                                                        0.0187 &   1.0010 r
  u_ctrl/div_37/u_div_u_add_PartRem_1_4/U76/ZN (AOI21D4)
                                                        0.0165 &   1.0174 f
  u_ctrl/div_37/u_div_u_add_PartRem_1_4/U82/ZN (INR2D4)
                                                        0.0415 &   1.0590 r
  u_ctrl/div_37/U33/Z (MUX2D4)                          0.0720 &   1.1310 r
  u_ctrl/div_37/U360/ZN (IND2D4)                        0.0317 &   1.1626 f
  u_ctrl/div_37/U276/ZN (NR2D4)                         0.0369 &   1.1995 r
  u_ctrl/div_37/U432_dup/ZN (NR2D4)                     0.0147 &   1.2143 f
  u_ctrl/div_37/U155/ZN (CKND2D3)                       0.0176 &   1.2318 r
  u_ctrl/div_37/FE_OCPC1814_n157/ZN (CKND4)             0.0170 &   1.2488 f
  u_ctrl/div_37/FE_OCPC1816_n157/Z (BUFFD4)             0.0289 &   1.2778 f
  u_ctrl/div_37/U160/Z (MUX2D4)                         0.0543 &   1.3321 r
  u_ctrl/div_37/U23/ZN (INVD2)                          0.0151 &   1.3471 f
  u_ctrl/div_37/U236/ZN (CKND4)                         0.0123 &   1.3595 r
  u_ctrl/div_37/u_div_u_add_PartRem_0_2/FE_RC_968_0/ZN (ND2D2)
                                                        0.0171 &   1.3765 f
  u_ctrl/div_37/u_div_u_add_PartRem_0_2/FE_RC_967_0/ZN (OAI21D4)
                                                        0.0296 &   1.4061 r
  u_ctrl/div_37/u_div_u_add_PartRem_0_2/FE_RC_1339_0/ZN (IAO21D2)
                                                        0.0144 &   1.4205 f
  u_ctrl/div_37/u_div_u_add_PartRem_0_2/FE_RC_1338_0/ZN (NR2XD1)
                                                        0.0198 &   1.4403 r
  u_ctrl/div_37/u_div_u_add_PartRem_0_2/FE_RC_3395_0/ZN (IND3D2)
                                                        0.0276 &   1.4679 f
  u_ctrl/div_37/u_div_u_add_PartRem_0_2/FE_RC_3230_0/ZN (AOI211XD2)
                                                        0.0331 &   1.5010 r
  u_ctrl/div_37/FE_RC_1815_0/ZN (IND2D4)                0.0257 &   1.5267 f
  u_ctrl/div_37/FE_RC_1814_0/ZN (ND2D8)                 0.0229 &   1.5496 r
  u_ctrl/mult_39/U243/ZN (XNR2D2)                       0.0661 &   1.6157 r
  u_ctrl/mult_39/U245/Z (AN2D4)                         0.0383 &   1.6541 r
  u_ctrl/mult_39/U210/ZN (INVD6)                        0.0129 &   1.6669 f
  u_ctrl/mult_39/U236/ZN (OAI22D4)                      0.0269 &   1.6939 r
  u_ctrl/mult_39/U329/S (HA1D2)                         0.0700 &   1.7638 r
  u_ctrl/mult_39/U253/ZN (ND2D2)                        0.0238 &   1.7876 f
  u_ctrl/mult_39/U161/Z (OA21D4)                        0.0406 &   1.8283 f
  u_ctrl/mult_39/U207/ZN (OAI21D4)                      0.0309 &   1.8591 r
  u_ctrl/mult_39/U21/ZN (AOI21D4)                       0.0251 &   1.8842 f
  u_ctrl/mult_39/U176/ZN (INVD1)                        0.0254 &   1.9096 r
  u_ctrl/mult_39/U197/ZN (ND2D2)                        0.0208 &   1.9305 f
  u_ctrl/mult_39/U178/ZN (CKND2D3)                      0.0283 &   1.9587 r
  u_ctrl/add_39/U82/ZN (NR2D4)                          0.0137 &   1.9725 f
  u_ctrl/add_39/U96/ZN (INVD2)                          0.0173 &   1.9897 r
  u_ctrl/add_39/FE_OFC1339_n21/ZN (INVD2)               0.0118 &   2.0016 f
  u_ctrl/add_39/U137/ZN (NR2XD2)                        0.0175 &   2.0190 r
  u_ctrl/add_39/U117/ZN (CKND2D2)                       0.0161 &   2.0351 f
  u_ctrl/add_39/FE_RC_1817_0/ZN (OAI21D2)               0.0287 &   2.0639 r
  u_ctrl/add_39/U100/Z (CKXOR2D4)                       0.0677 &   2.1316 f
  u_ctrl/add_40/U114/ZN (IND2D4)                        0.0377 &   2.1692 f
  u_ctrl/add_40/U127/ZN (ND2D4)                         0.0177 &   2.1869 r
  u_ctrl/add_40/U125/ZN (INVD2)                         0.0120 &   2.1989 f
  u_ctrl/add_40/U122/ZN (ND2D2)                         0.0138 &   2.2128 r
  u_ctrl/add_40/U123/ZN (CKND2D2)                       0.0129 &   2.2257 f
  u_ctrl/U284/Z (AN2XD1)                                0.0240 &   2.2497 f
  U222/Z (AN2XD1)                                       0.0242 &   2.2739 f
  u_sram/addr_b_q_reg_9_/D (DFND1)                      0.0000 &   2.2739 f
  data arrival time                                                2.2739

  clock clk (fall edge)                                 2.0000     2.0000
  clock network delay (propagated)                      0.1605     2.1605
  clock reconvergence pessimism                         0.0000     2.1605
  clock uncertainty                                    -0.1000     2.0605
  u_sram/addr_b_q_reg_9_/CPN (DFND1)                               2.0605 f
  library setup time                                   -0.0092     2.0513
  data required time                                               2.0513
  ------------------------------------------------------------------------------
  data required time                                               2.0513
  data arrival time                                               -2.2739
  ------------------------------------------------------------------------------
  slack (VIOLATED)                                                -0.2227


  Startpoint: u_ctrl/stage_cnt_reg_0_
               (rising edge-triggered flip-flop clocked by clk)
  Endpoint: u_sram/addr_b_q_reg_9_
               (falling edge-triggered flip-flop clocked by clk)
  Last common pin: clk
  Path Group: clk
  Path Type: max

  Point                                                   Incr       Path
  ------------------------------------------------------------------------------
  clock clk (rise edge)                                 0.0000     0.0000
  clock network delay (propagated)                      0.1632     0.1632
  u_ctrl/stage_cnt_reg_0_/CP (DFCND4)                   0.0000     0.1632 r
  u_ctrl/stage_cnt_reg_0_/Q (DFCND4)                    0.1235 &   0.2868 r
  u_ctrl/FE_RC_257_0/Z (BUFFD8)                         0.0338 &   0.3206 r
  u_ctrl/U14/ZN (CKND2D8)                               0.0217 &   0.3423 f
  u_ctrl/U11/ZN (NR3D4)                                 0.0248 &   0.3671 r
  u_ctrl/div_37/U93/ZN (INVD4)                          0.0161 &   0.3832 f
  u_ctrl/div_37/u_div_u_add_B6/U102/ZN (CKND2)          0.0130 &   0.3962 r
  u_ctrl/div_37/u_div_u_add_B6/FE_OCPC1654_n166/Z (CKBD2)
                                                        0.0284 &   0.4246 r
  u_ctrl/div_37/u_div_u_add_B6/U165/Z (CKXOR2D1)        0.0698 &   0.4944 r
  u_ctrl/div_37/u_div_u_add_PartRem_2_6/U106/ZN (CKND2D0)
                                                        0.0371 &   0.5315 f
  u_ctrl/div_37/u_div_u_add_PartRem_2_6/U101/ZN (CKND1)
                                                        0.0252 &   0.5566 r
  u_ctrl/div_37/u_div_u_add_PartRem_2_6/U115/ZN (OAI211D2)
                                                        0.0242 &   0.5808 f
  u_ctrl/div_37/u_div_u_add_PartRem_2_6/U114/ZN (INR2XD1)
                                                        0.0201 &   0.6009 r
  u_ctrl/div_37/u_div_u_add_PartRem_2_6/FE_RC_861_0/ZN (CKND1)
                                                        0.0174 &   0.6183 f
  u_ctrl/div_37/u_div_u_add_PartRem_2_6/FE_RC_860_0/ZN (IND3D4)
                                                        0.0456 &   0.6639 f
  u_ctrl/div_37/u_div_u_add_PartRem_2_6/U93/ZN (NR2XD4)
                                                        0.0217 &   0.6856 r
  u_ctrl/div_37/FE_RC_1289_0/ZN (IND2D4)                0.0220 &   0.7076 f
  u_ctrl/div_37/FE_RC_1287_0/ZN (IND2D4)                0.0221 &   0.7297 r
  u_ctrl/div_37/FE_RC_1097_0/ZN (ND3D8)                 0.0263 &   0.7559 f
  u_ctrl/div_37/U25/ZN (ND2D8)                          0.0205 &   0.7765 r
  u_ctrl/div_37/U336/ZN (ND2D4)                         0.0237 &   0.8001 f
  u_ctrl/div_37/FE_OFC1073_n295/ZN (INVD6)              0.0211 &   0.8212 r
  u_ctrl/div_37/U118/ZN (IND2D4)                        0.0143 &   0.8354 f
  u_ctrl/div_37/U293/ZN (ND2D2)                         0.0157 &   0.8511 r
  u_ctrl/div_37/FE_RC_3085_0/ZN (NR2D2)                 0.0127 &   0.8638 f
  u_ctrl/div_37/FE_RC_3084_0/ZN (ND2D3)                 0.0220 &   0.8858 r
  u_ctrl/div_37/FE_RC_93_0/ZN (ND2D8)                   0.0299 &   0.9157 f
  u_ctrl/div_37/U206/ZN (INVD6)                         0.0176 &   0.9333 r
  u_ctrl/div_37/u_div_u_add_PartRem_1_4/U69/ZN (ND2D2)
                                                        0.0171 &   0.9504 f
  u_ctrl/div_37/u_div_u_add_PartRem_1_4/U67/ZN (INVD2)
                                                        0.0159 &   0.9663 r
  u_ctrl/div_37/u_div_u_add_PartRem_1_4/U74/ZN (ND2D2)
                                                        0.0161 &   0.9824 f
  u_ctrl/div_37/u_div_u_add_PartRem_1_4/U63/ZN (ND2D2)
                                                        0.0187 &   1.0011 r
  u_ctrl/div_37/u_div_u_add_PartRem_1_4/U76/ZN (AOI21D4)
                                                        0.0165 &   1.0176 f
  u_ctrl/div_37/u_div_u_add_PartRem_1_4/U82/ZN (INR2D4)
                                                        0.0415 &   1.0591 r
  u_ctrl/div_37/U33/Z (MUX2D4)                          0.0720 &   1.1311 r
  u_ctrl/div_37/U360/ZN (IND2D4)                        0.0317 &   1.1628 f
  u_ctrl/div_37/U276/ZN (NR2D4)                         0.0369 &   1.1997 r
  u_ctrl/div_37/U432_dup/ZN (NR2D4)                     0.0147 &   1.2144 f
  u_ctrl/div_37/U155/ZN (CKND2D3)                       0.0176 &   1.2320 r
  u_ctrl/div_37/FE_OCPC1814_n157/ZN (CKND4)             0.0170 &   1.2490 f
  u_ctrl/div_37/FE_OCPC1816_n157/Z (BUFFD4)             0.0289 &   1.2779 f
  u_ctrl/div_37/U160/Z (MUX2D4)                         0.0543 &   1.3322 r
  u_ctrl/div_37/U23/ZN (INVD2)                          0.0151 &   1.3473 f
  u_ctrl/div_37/U236/ZN (CKND4)                         0.0123 &   1.3596 r
  u_ctrl/div_37/u_div_u_add_PartRem_0_2/FE_RC_968_0/ZN (ND2D2)
                                                        0.0171 &   1.3767 f
  u_ctrl/div_37/u_div_u_add_PartRem_0_2/FE_RC_967_0/ZN (OAI21D4)
                                                        0.0296 &   1.4063 r
  u_ctrl/div_37/u_div_u_add_PartRem_0_2/FE_RC_3386_0/ZN (NR2D2)
                                                        0.0161 &   1.4224 f
  u_ctrl/div_37/u_div_u_add_PartRem_0_2/FE_RC_3384_0/ZN (INR2XD2)
                                                        0.0169 &   1.4393 r
  u_ctrl/div_37/u_div_u_add_PartRem_0_2/FE_RC_3395_0/ZN (IND3D2)
                                                        0.0305 &   1.4697 f
  u_ctrl/div_37/u_div_u_add_PartRem_0_2/FE_RC_3230_0/ZN (AOI211XD2)
                                                        0.0331 &   1.5028 r
  u_ctrl/div_37/FE_RC_1815_0/ZN (IND2D4)                0.0257 &   1.5285 f
  u_ctrl/div_37/FE_RC_1814_0/ZN (ND2D8)                 0.0229 &   1.5514 r
  u_ctrl/mult_39/U243/ZN (XNR2D2)                       0.0661 &   1.6175 r
  u_ctrl/mult_39/U245/Z (AN2D4)                         0.0383 &   1.6558 r
  u_ctrl/mult_39/U210/ZN (INVD6)                        0.0129 &   1.6687 f
  u_ctrl/mult_39/U236/ZN (OAI22D4)                      0.0269 &   1.6956 r
  u_ctrl/mult_39/U329/S (HA1D2)                         0.0700 &   1.7656 r
  u_ctrl/mult_39/U253/ZN (ND2D2)                        0.0238 &   1.7894 f
  u_ctrl/mult_39/U161/Z (OA21D4)                        0.0406 &   1.8300 f
  u_ctrl/mult_39/U207/ZN (OAI21D4)                      0.0309 &   1.8609 r
  u_ctrl/mult_39/U21/ZN (AOI21D4)                       0.0251 &   1.8860 f
  u_ctrl/mult_39/U176/ZN (INVD1)                        0.0254 &   1.9114 r
  u_ctrl/mult_39/U197/ZN (ND2D2)                        0.0208 &   1.9323 f
  u_ctrl/mult_39/U178/ZN (CKND2D3)                      0.0283 &   1.9605 r
  u_ctrl/add_39/U82/ZN (NR2D4)                          0.0137 &   1.9743 f
  u_ctrl/add_39/U131/ZN (IND2D4)                        0.0357 &   2.0100 f
  u_ctrl/add_39/U109/ZN (ND2D2)                         0.0228 &   2.0328 r
  u_ctrl/add_39/U80/ZN (ND2D4)                          0.0241 &   2.0569 f
  u_ctrl/add_40/U135/ZN (NR2D4)                         0.0289 &   2.0858 r
  u_ctrl/add_40/U128/ZN (NR2XD2)                        0.0208 &   2.1066 f
  u_ctrl/add_40/FE_RC_104_0/ZN (IOA21D2)                0.0394 &   2.1460 f
  u_ctrl/add_40/U120/ZN (NR2XD2)                        0.0239 &   2.1699 r
  u_ctrl/add_40/U129/ZN (OAI21D4)                       0.0199 &   2.1898 f
  u_ctrl/add_40/U124/ZN (CKND2)                         0.0138 &   2.2036 r
  u_ctrl/add_40/U122/ZN (ND2D2)                         0.0138 &   2.2174 f
  u_ctrl/add_40/U123/ZN (CKND2D2)                       0.0145 &   2.2319 r
  u_ctrl/U284/Z (AN2XD1)                                0.0304 &   2.2623 r
  U222/Z (AN2XD1)                                       0.0306 &   2.2929 r
  u_sram/addr_b_q_reg_9_/D (DFND1)                      0.0000 &   2.2929 r
  data arrival time                                                2.2929

  clock clk (fall edge)                                 2.0000     2.0000
  clock network delay (propagated)                      0.1605     2.1605
  clock reconvergence pessimism                         0.0000     2.1605
  clock uncertainty                                    -0.1000     2.0605
  u_sram/addr_b_q_reg_9_/CPN (DFND1)                               2.0605 f
  library setup time                                    0.0097     2.0702
  data required time                                               2.0702
  ------------------------------------------------------------------------------
  data required time                                               2.0702
  data arrival time                                               -2.2929
  ------------------------------------------------------------------------------
  slack (VIOLATED)                                                -0.2227

Warning: report_timing has satisfied the max_paths criteria. There are 59 further endpoints which have paths of interest with slack less than   0.0000 that were not considered when generating this report. (UITE-502)

1


================ HOLD TIMING ================

****************************************
Report : timing
	-path_type full
	-delay_type min
	-nworst 20
	-slack_lesser_than 0.0000
	-max_paths 20
	-sort_by slack
Design : fft_processor_top
Version: U-2022.12-SP5
Date   : Thu May  7 15:30:21 2026
****************************************

No paths with slack less than 0.0000.

1


================ SWITCHING / POWER ================

****************************************
Report : Switching Activity
	
Design : fft_processor_top
Version: U-2022.12-SP5
Date   : Thu May  7 15:30:23 2026
****************************************

 Switching Activity Overview Statistics for "fft_processor_top"
----------------------------------------------------------------------------------------------------------------------------------------------------------------------------------------------
                  From Activity     From         From         From             From            From                                                            Not
Object Type       File (%)          SSA (%)      SSA Force (%) SSA Force (%)   SCA (%)         Clock (%)       Default (%)     Propagated(%)   Implied(%)      Annotated(%)  Total
                                                 Annotated    Implied                                                                                                        
----------------------------------------------------------------------------------------------------------------------------------------------------------------------------------------------
 Nets             0(0.00%)          105(0.82%)   0(0.00%)     0(0.00%)         0(0.00%)        1(0.01%)        554(4.32%)      11167(87.13%)   989(7.72%)      0(0.00%)      12816
----------------------------------------------------------------------------------------------------------------------------------------------------------------------------------------------
Nets Driven by
----------------------------------------------------------------------------------------------------------------------------------------------------------------------------------------------
Primary Input     0(0.00%)          105(99.06%)  0(0.00%)     0(0.00%)         0(0.00%)        1(0.94%)        0(0.00%)        0(0.00%)        0(0.00%)        0(0.00%)      106
Tri-State         0(0%)             0(0%)        0(0%)        0(0%)            0(0%)           0(0%)           0(0%)           0(0%)           0(0%)           0(0%)         0
Black Box         0(0%)             0(0%)        0(0%)        0(0%)            0(0%)           0(0%)           0(0%)           0(0%)           0(0%)           0(0%)         0
Sequential        0(0.00%)          0(0.00%)     0(0.00%)     0(0.00%)         0(0.00%)        0(0.00%)        0(0.00%)        178(100.00%)    0(0.00%)        0(0.00%)      178
Combinational     0(0.00%)          0(0.00%)     0(0.00%)     0(0.00%)         0(0.00%)        0(0.00%)        458(3.68%)      10989(88.36%)   989(7.95%)      0(0.00%)      12436
Memory            0(0.00%)          0(0.00%)     0(0.00%)     0(0.00%)         0(0.00%)        0(0.00%)        96(100.00%)     0(0.00%)        0(0.00%)        0(0.00%)      96
Clock Gate        0(0%)             0(0%)        0(0%)        0(0%)            0(0%)           0(0%)           0(0%)           0(0%)           0(0%)           0(0%)         0
----------------------------------------------------------------------------------------------------------------------------------------------------------------------------------------------
 Static Probability Overview Statistics for "fft_processor_top"
----------------------------------------------------------------------------------------------------------------------------------------------------------------------------------------------
                  From Activity     From         From         From             From            From                                                            Not
Object Type       File (%)          SSA (%)      SSA Force (%) SSA Force (%)   SCA (%)         Clock (%)       Default (%)     Propagated(%)   Implied(%)      Annotated(%)  Total
                                                 Annotated    Implied                                                                                                        
----------------------------------------------------------------------------------------------------------------------------------------------------------------------------------------------
 Nets             0(0.00%)          105(0.82%)   0(0.00%)     0(0.00%)         0(0.00%)        1(0.01%)        554(4.32%)      11167(87.13%)   989(7.72%)      0(0.00%)      12816
----------------------------------------------------------------------------------------------------------------------------------------------------------------------------------------------
Nets Driven by
----------------------------------------------------------------------------------------------------------------------------------------------------------------------------------------------
Primary Input     0(0.00%)          105(99.06%)  0(0.00%)     0(0.00%)         0(0.00%)        1(0.94%)        0(0.00%)        0(0.00%)        0(0.00%)        0(0.00%)      106
Tri-State         0(0%)             0(0%)        0(0%)        0(0%)            0(0%)           0(0%)           0(0%)           0(0%)           0(0%)           0(0%)         0
Black Box         0(0%)             0(0%)        0(0%)        0(0%)            0(0%)           0(0%)           0(0%)           0(0%)           0(0%)           0(0%)         0
Sequential        0(0.00%)          0(0.00%)     0(0.00%)     0(0.00%)         0(0.00%)        0(0.00%)        0(0.00%)        178(100.00%)    0(0.00%)        0(0.00%)      178
Combinational     0(0.00%)          0(0.00%)     0(0.00%)     0(0.00%)         0(0.00%)        0(0.00%)        458(3.68%)      10989(88.36%)   989(7.95%)      0(0.00%)      12436
Memory            0(0.00%)          0(0.00%)     0(0.00%)     0(0.00%)         0(0.00%)        0(0.00%)        96(100.00%)     0(0.00%)        0(0.00%)        0(0.00%)      96
Clock Gate        0(0%)             0(0%)        0(0%)        0(0%)            0(0%)           0(0%)           0(0%)           0(0%)           0(0%)           0(0%)         0
----------------------------------------------------------------------------------------------------------------------------------------------------------------------------------------------
1
****************************************
Report : Switching Activity
	-list_not_annotated
Design : fft_processor_top
Version: U-2022.12-SP5
Date   : Thu May  7 15:30:23 2026
****************************************

 Switching Activity Overview Statistics for "fft_processor_top"
----------------------------------------------------------------------------------------------------------------------------------------------------------------------------------------------
                  From Activity     From         From         From             From            From                                                            Not
Object Type       File (%)          SSA (%)      SSA Force (%) SSA Force (%)   SCA (%)         Clock (%)       Default (%)     Propagated(%)   Implied(%)      Annotated(%)  Total
                                                 Annotated    Implied                                                                                                        
----------------------------------------------------------------------------------------------------------------------------------------------------------------------------------------------
 Nets             0(0.00%)          105(0.82%)   0(0.00%)     0(0.00%)         0(0.00%)        1(0.01%)        554(4.32%)      11167(87.13%)   989(7.72%)      0(0.00%)      12816
----------------------------------------------------------------------------------------------------------------------------------------------------------------------------------------------
Nets Driven by
----------------------------------------------------------------------------------------------------------------------------------------------------------------------------------------------
Primary Input     0(0.00%)          105(99.06%)  0(0.00%)     0(0.00%)         0(0.00%)        1(0.94%)        0(0.00%)        0(0.00%)        0(0.00%)        0(0.00%)      106
Tri-State         0(0%)             0(0%)        0(0%)        0(0%)            0(0%)           0(0%)           0(0%)           0(0%)           0(0%)           0(0%)         0
Black Box         0(0%)             0(0%)        0(0%)        0(0%)            0(0%)           0(0%)           0(0%)           0(0%)           0(0%)           0(0%)         0
Sequential        0(0.00%)          0(0.00%)     0(0.00%)     0(0.00%)         0(0.00%)        0(0.00%)        0(0.00%)        178(100.00%)    0(0.00%)        0(0.00%)      178
Combinational     0(0.00%)          0(0.00%)     0(0.00%)     0(0.00%)         0(0.00%)        0(0.00%)        458(3.68%)      10989(88.36%)   989(7.95%)      0(0.00%)      12436
Memory            0(0.00%)          0(0.00%)     0(0.00%)     0(0.00%)         0(0.00%)        0(0.00%)        96(100.00%)     0(0.00%)        0(0.00%)        0(0.00%)      96
Clock Gate        0(0%)             0(0%)        0(0%)        0(0%)            0(0%)           0(0%)           0(0%)           0(0%)           0(0%)           0(0%)         0
----------------------------------------------------------------------------------------------------------------------------------------------------------------------------------------------
 Static Probability Overview Statistics for "fft_processor_top"
----------------------------------------------------------------------------------------------------------------------------------------------------------------------------------------------
                  From Activity     From         From         From             From            From                                                            Not
Object Type       File (%)          SSA (%)      SSA Force (%) SSA Force (%)   SCA (%)         Clock (%)       Default (%)     Propagated(%)   Implied(%)      Annotated(%)  Total
                                                 Annotated    Implied                                                                                                        
----------------------------------------------------------------------------------------------------------------------------------------------------------------------------------------------
 Nets             0(0.00%)          105(0.82%)   0(0.00%)     0(0.00%)         0(0.00%)        1(0.01%)        554(4.32%)      11167(87.13%)   989(7.72%)      0(0.00%)      12816
----------------------------------------------------------------------------------------------------------------------------------------------------------------------------------------------
Nets Driven by
----------------------------------------------------------------------------------------------------------------------------------------------------------------------------------------------
Primary Input     0(0.00%)          105(99.06%)  0(0.00%)     0(0.00%)         0(0.00%)        1(0.94%)        0(0.00%)        0(0.00%)        0(0.00%)        0(0.00%)      106
Tri-State         0(0%)             0(0%)        0(0%)        0(0%)            0(0%)           0(0%)           0(0%)           0(0%)           0(0%)           0(0%)         0
Black Box         0(0%)             0(0%)        0(0%)        0(0%)            0(0%)           0(0%)           0(0%)           0(0%)           0(0%)           0(0%)         0
Sequential        0(0.00%)          0(0.00%)     0(0.00%)     0(0.00%)         0(0.00%)        0(0.00%)        0(0.00%)        178(100.00%)    0(0.00%)        0(0.00%)      178
Combinational     0(0.00%)          0(0.00%)     0(0.00%)     0(0.00%)         0(0.00%)        0(0.00%)        458(3.68%)      10989(88.36%)   989(7.95%)      0(0.00%)      12436
Memory            0(0.00%)          0(0.00%)     0(0.00%)     0(0.00%)         0(0.00%)        0(0.00%)        96(100.00%)     0(0.00%)        0(0.00%)        0(0.00%)      96
Clock Gate        0(0%)             0(0%)        0(0%)        0(0%)            0(0%)           0(0%)           0(0%)           0(0%)           0(0%)           0(0%)         0
----------------------------------------------------------------------------------------------------------------------------------------------------------------------------------------------


List of nonannotated nets :
	u_ctrl/div_37/u_div_u_add_B3/n146
	u_bf/mult_32/n241
	u_bf/mult_34/FE_RN_1729_0
	u_ctrl/rem_36/n393
	u_ctrl/div_37/u_div_u_add_B3/n149
	u_bf/mult_32/n58
	u_bf/mult_34/FE_RN_1191_0
	u_ctrl/mult_39/FE_OCPN1619_n225
	u_bf/mult_32/n249
	u_ctrl/mult_39/n69
	u_bf/mult_32/n1076
	u_bf/mult_34/FE_RN_1676_0
	u_ctrl/mult_39/n86
	u_bf/mult_32/FE_RN_1327_0
	u_ctrl/div_37/u_div_u_add_B3/FE_RN_1815_0
	u_bf/mult_34/n489
	u_ctrl/mult_39/n87
	u_bf/mult_32/n299
	u_ctrl/mult_39/n88
	u_bf/mult_32/FE_RN_1181_0
	u_ctrl/div_37/u_div_u_add_B5/n125
	u_bf/mult_34/n490
	u_ctrl/mult_39/n89
	u_ctrl/div_37/u_div_u_add_B5/n128
	u_bf/mult_34/FE_RN_1653_0
	u_ctrl/mult_39/n90
	u_bf/mult_32/n137
	u_bf/mult_34/n712
	u_ctrl/mult_39/n91
	u_bf/mult_32/n138
	u_bf/mult_34/n714
	u_ctrl/mult_39/n92
	u_bf/mult_32/FE_RN_904_0
	u_bf/mult_34/n718
	u_ctrl/mult_39/n93
	u_bf/mult_32/n166
	u_ctrl/div_37/u_div_u_add_B5/n183
	u_ctrl/mult_39/n50
	u_bf/mult_32/n173
	u_bf/mult_34/n726
	u_ctrl/mult_39/n51
	u_bf/mult_32/FE_PSN2046_n340
	u_bf/mult_34/n731
	u_ctrl/N22
	u_bf/mult_32/n410
	u_bf/mult_34/n735
	u_bf/mult_32/n419
	u_ctrl/div_37/u_div_u_add_B5/n154
	u_bf/mult_34/n748
	u_ctrl/rem_36/FE_OCPN1180_n309
	u_bf/mult_32/FE_RN_1188_0
	u_ctrl/div_37/u_div_u_add_B5/n157
	u_bf/mult_34/FE_OFN1894_n995
	u_ctrl/rem_36/n501
	u_bf/mult_32/n420
	u_bf/mult_34/n752
	u_ctrl/rem_36/n503
	u_bf/mult_32/FE_RN_1605_0
	u_bf/mult_34/n762
	u_ctrl/rem_36/n506
	u_bf/mult_32/FE_RN_970_0
	u_ctrl/div_37/u_div_u_add_B6/n181
	u_bf/mult_34/n765
	u_ctrl/rem_36/n508
	u_bf/mult_32/FE_RN_974_0
	u_ctrl/div_37/u_div_u_add_B6/n187
	u_bf/mult_34/FE_OCPN2023_n994
	u_ctrl/rem_36/n116
	u_ctrl/div_37/u_div_u_add_B6/n188
	u_bf/mult_32/FE_OCPN1802_n170
	u_bf/mult_34/n782
	u_ctrl/rem_36/n117
	u_bf/mult_32/FE_RN_1231_0
	u_bf/mult_34/FE_RN_1007_0
	u_ctrl/rem_36/n521
	u_bf/mult_32/FE_RN_902_0
	u_bf/mult_34/FE_RN_7
	u_ctrl/rem_36/n525
	u_bf/mult_32/n371
	u_bf/mult_34/FE_RN_1115_0
	u_ctrl/rem_36/n527
	u_bf/mult_32/n372
	u_bf/mult_34/n799
	u_ctrl/rem_36/n534
	u_bf/mult_32/FE_RN_4
	u_ctrl/div_37/u_div_u_add_B6/FE_OCPN1654_n166
	u_ctrl/rem_36/n168
	u_bf/mult_32/FE_RN_1179_0
	u_ctrl/div_37/u_div_u_add_B6/n152
	u_ctrl/rem_36/n170
	u_bf/mult_32/FE_RN_9
	u_ctrl/div_37/u_div_u_add_B6/FE_OCPN1571_n5
	u_ctrl/rem_36/n171
	u_bf/mult_32/n398
	u_ctrl/rem_36/FE_OCPN1178_FE_RN_3
	u_bf/mult_33/FE_RN_1014_0
	u_ctrl/div_37/u_div_u_add_B6/n162
	u_ctrl/rem_36/n418
	u_bf/mult_33/n220
	u_ctrl/div_37/u_div_u_add_B6/n163
	u_ctrl/rem_36/FE_OCPN1172_n265
	u_bf/mult_33/n221
	u_ctrl/div_37/u_div_u_add_B6/n114
	u_ctrl/rem_36/n443
	u_ctrl/div_37/u_div_u_add_B6/n116
	u_bf/mult_33/n232
	u_ctrl/rem_36/n478
	u_bf/mult_33/n237
	u_ctrl/div_37/u_div_u_add_B7/n171
	u_ctrl/rem_36/FE_OCPN1179_n309
	u_bf/mult_33/FE_PSN2068_n226
	u_ctrl/div_37/u_div_u_add_B7/n176
	u_ctrl/rem_36/n480
	u_bf/mult_33/n242
	u_ctrl/div_37/u_div_u_add_B7/n178
	u_ctrl/rem_36/n486
	u_bf/mult_33/n243
	u_ctrl/rem_36/n488
	u_bf/mult_33/n246
	u_ctrl/rem_36/n492
	u_bf/mult_33/n59
	u_ctrl/div_37/u_div_u_add_B7/n180
	u_ctrl/rem_36/n494
	u_bf/mult_33/n60
	u_ctrl/rem_36/n303
	u_bf/mult_33/n62
	u_ctrl/rem_36/n346
	u_bf/mult_33/n64
	u_ctrl/div_37/u_div_u_add_B7/n146
	u_ctrl/rem_36/FE_RN_1481_0
	u_bf/mult_33/n72
	u_ctrl/rem_36/FE_RN_5
	u_bf/mult_33/n1090
	u_ctrl/rem_36/n391
	u_ctrl/div_37/u_div_u_add_B7/n154
	u_bf/mult_33/n98
	u_ctrl/mult_39/n62
	u_bf/mult_33/n101
	u_ctrl/div_37/u_div_u_add_B7/n213
	u_ctrl/mult_39/n63
	u_bf/mult_33/FE_RN_1073_0
	u_ctrl/div_37/u_div_u_add_B7/n216
	u_ctrl/mult_39/n64
	u_ctrl/mult_39/n65
	u_ctrl/div_37/u_div_u_add_B7/FE_OFN274_n174
	u_bf/mult_33/n114
	u_ctrl/mult_39/n197
	u_bf/mult_33/FE_RN_1013_0
	u_ctrl/mult_39/FE_RN_1834_0
	u_ctrl/mult_39/n33
	u_bf/mult_33/n918
	u_ctrl/mult_39/n34
	u_bf/mult_33/n125
	u_ctrl/mult_39/n36
	u_bf/mult_33/n926
	u_ctrl/mult_39/FE_RN_1596_0
	u_bf/mult_33/FE_OCPN1595_n164
	u_ctrl/mult_39/FE_RN_1833_0
	u_bf/mult_33/n148
	u_bf/mult_33/n151
	u_ctrl/mult_39/FE_RN_1595_0
	u_bf/mult_33/n159
	u_rom/FE_OFN1184_n5
	u_ctrl/mult_39/FE_RN_1594_0
	u_bf/mult_33/n179
	u_ctrl/add_94/carry[7]
	u_rom/FE_OFN1130_n
	u_ctrl/mult_39/FE_RN_1831_0
	u_bf/mult_33/n180
	u_ctrl/mult_39/n203
	u_rom/FE_RN_1520_0
	u_ctrl/mult_39/n52
	u_bf/mult_33/n407
	u_ctrl/n223
	u_ctrl/mult_39/n53
	u_bf/mult_33/n408
	u_ctrl/n64
	u_ctrl/mult_39/n56
	u_bf/mult_33/n424
	u_ctrl/n65
	u_ctrl/mult_39/n57
	u_bf/mult_33/n307
	u_bf/sub_re_full_1_
	u_ctrl/n66
	u_ctrl/rem_36/FE_RN_1869_0
	u_bf/mult_33/n310
	u_ctrl/n67
	u_ctrl/rem_36/n261
	u_bf/mult_33/FE_PSN2073_n222
	u_ctrl/n68
	u_ctrl/rem_36/n507
	u_bf/mult_34/FE_RN_245_0
	u_ctrl/n69
	u_ctrl/rem_36/n519
	u_bf/mult_34/n241
	u_ctrl/n70
	u_ctrl/rem_36/n522
	u_bf/mult_34/n249
	u_ctrl/n71
	u_ctrl/rem_36/n532
	u_bf/mult_34/n1093
	u_bf/sub_re_full_2_
	u_ctrl/n72
	u_ctrl/rem_36/n533
	u_bf/mult_34/FE_RN_26
	u_ctrl/n214
	u_ctrl/rem_36/FE_RN_1113_0
	u_bf/mult_34/n101
	u_ctrl/rem_36/n23
	u_ctrl/rem_36/n401
	u_bf/mult_34/FE_RN_207_0
	u_ctrl/rem_36/u_div_BInv_5__6_
	u_ctrl/rem_36/n419
	u_ctrl/rem_36/n283
	u_ctrl/rem_36/FE_RN_1479_0
	u_bf/mult_34/n170
	u_ctrl/rem_36/n509
	u_ctrl/rem_36/n444
	u_bf/mult_34/n171
	u_bf/FE_OFN428_sub_im_full_1
	u_ctrl/rem_36/n511
	u_ctrl/rem_36/n452
	u_bf/add_im_full[3]
	u_bf/mult_34/n183
	u_ctrl/rem_36/n512
	u_ctrl/rem_36/n487
	u_bf/mult_34/n184
	u_bf/add_im_full[4]
	u_ctrl/rem_36/u_div_CryOut_2__2_
	u_ctrl/rem_36/n493
	u_bf/mult_34/n188
	u_bf/sub_23/FE_OCPN1141_n1
	u_ctrl/rem_36/u_div_BInv_6__5_
	u_ctrl/rem_36/n313
	u_bf/mult_34/n189
	u_bf/sub_23/n78
	u_ctrl/rem_36/u_div_BInv_6__6_
	u_ctrl/rem_36/n314
	u_bf/sub_23/FE_RN_570_0
	u_bf/mult_34/FE_RN_773_0
	u_ctrl/rem_36/u_div_SumTmp_6__1__2_
	u_ctrl/rem_36/FE_RN_1474_0
	u_bf/mult_34/n421
	u_bf/sub_23/FE_RN_572_0
	u_ctrl/rem_36/u_div_BInv_7__4_
	u_ctrl/rem_36/n355
	u_bf/mult_34/n422
	u_bf/sub_23/FE_RN_1307_0
	u_ctrl/rem_36/n410
	u_ctrl/rem_36/n356
	u_bf/mult_34/FE_RN_243_0
	u_bf/sub_23/FE_RN_118_0
	u_ctrl/rem_36/n417
	u_ctrl/rem_36/n392
	u_bf/sub_23/n90
	u_bf/mult_34/n433
	u_ctrl/rem_36/n442
	u_ctrl/mult_39/n60
	u_bf/mult_34/n434
	u_bf/sub_23/n97
	u_ctrl/rem_36/u_div_SumTmp_7__1__2_
	u_ctrl/mult_39/n7
	u_bf/mult_34/n461
	u_bf/sub_23/FE_RN_1132_0
	u_ctrl/rem_36/u_div_BInv_3__3_
	u_ctrl/mult_39/n8
	u_bf/mult_34/n462
	u_bf/sub_23/FE_OCPN1617_n213
	u_ctrl/rem_36/n1
	u_ctrl/mult_39/FE_RN_1811_0
	u_bf/sub_23/FE_RN_941_0
	u_bf/mult_34/FE_RN_1288_0
	u_ctrl/rem_36/n491
	u_ctrl/mult_39/FE_RN_1836_0
	u_bf/mult_34/FE_RN_205_0
	u_bf/sub_23/n21
	u_ctrl/rem_36/n498
	u_ctrl/mult_39/n25
	u_bf/mult_34/FE_RN_1657_0
	u_bf/sub_23/n29
	u_ctrl/rem_36/FE_OFN283_u_div_BInv_5__4
	u_ctrl/mult_39/n26
	u_bf/mult_34/FE_RN_380_0
	u_bf/sub_23/FE_RN_1724_0
	u_ctrl/mult_39/n30
	u_bf/sub_23/n30
	u_bf/mult_34/FE_RN_372_0
	u_ctrl/mult_39/n31
	u_bf/sub_23/n38
	u_ctrl/rem_36/n286
	u_ctrl/rem_36/u_div_u_add_PartRem_2_3/n127
	u_ctrl/mult_39/n46
	u_bf/sub_23/FE_RN_1726_0
	u_ctrl/rem_36/n293
	u_ctrl/rem_36/u_div_u_add_PartRem_2_3/n128
	u_ctrl/mult_39/n48
	u_bf/sub_23/n39
	u_ctrl/rem_36/n153
	u_ctrl/mult_39/n212
	u_ctrl/rem_36/FE_RN_8_0
	u_ctrl/mult_39/n49
	u_bf/sub_23/FE_RN_1256_0
	u_ctrl/rem_36/n4
	u_ctrl/mult_39/n213
	u_bf/sub_23/n47
	u_ctrl/rem_36/n331
	u_ctrl/N23
	u_bf/sub_23/n48
	u_ctrl/rem_36/n378
	u_ctrl/N24
	u_ctrl/div_37/FE_RN_1377_0
	u_ctrl/rem_36/u_div_u_add_B3/n175
	u_bf/sub_23/n54
	u_ctrl/div_37/n296
	u_ctrl/rem_36/u_div_u_add_B3/n186
	u_bf/sub_23/n69
	u_ctrl/div_37/n321
	u_ctrl/rem_36/u_div_u_add_B3/n187
	u_ctrl/rem_36/FE_RN_1477_0
	u_bf/sub_23/n106
	u_ctrl/div_37/n325
	u_ctrl/rem_36/u_div_u_add_B3/n132
	u_ctrl/rem_36/n69
	u_bf/sub_24/FE_RN_1788_0
	u_ctrl/div_37/n354
	u_ctrl/rem_36/u_div_u_add_B3/n135
	u_ctrl/rem_36/n259
	u_bf/sub_24/FE_RN_334_0
	u_ctrl/div_37/n358
	u_ctrl/rem_36/u_div_u_add_B3/n139
	u_ctrl/rem_36/n73
	u_bf/sub_24/FE_RN_1786_0
	u_ctrl/mult_39/n241
	u_ctrl/rem_36/FE_RN_1868_0
	u_bf/sub_24/FE_RN_332_0
	u_ctrl/mult_39/n148
	u_ctrl/rem_36/u_div_u_add_B3/n118
	u_ctrl/rem_36/n513
	u_bf/sub_24/FE_RN_635_0
	u_bf/sub_36/n421
	u_ctrl/rem_36/u_div_u_add_B5/n113
	u_ctrl/rem_36/n515
	u_bf/sub_24/FE_RN_1281_0
	u_bf/sub_36/n263
	u_ctrl/rem_36/n518
	u_bf/sub_24/n91
	u_bf/sub_36/n180
	u_ctrl/rem_36/u_div_u_add_B5/n145
	u_ctrl/rem_36/FE_RN_54_0
	u_bf/sub_24/n92
	u_bf/sub_36/n181
	u_ctrl/rem_36/u_div_u_add_B5/n146
	u_ctrl/rem_36/FE_OCPN1707_n519
	u_bf/sub_24/FE_RN_297_0
	u_bf/add_37/n354
	u_ctrl/rem_36/u_div_u_add_B5/n172
	u_ctrl/rem_36/n479
	u_bf/sub_24/n111
	u_bf/add_37/n177
	u_ctrl/rem_36/u_div_u_add_B5/n122
	u_ctrl/rem_36/n484
	u_bf/sub_24/FE_RN_1717_0
	u_bf/add_37/n182
	u_ctrl/rem_36/u_div_u_add_B5/n128
	u_ctrl/rem_36/n499
	u_bf/sub_24/n223
	u_bf/add_37/FE_RN_786_0
	u_ctrl/rem_36/u_div_u_add_B5/n150
	u_ctrl/rem_36/FE_RN_630_0
	u_bf/add_21/n15
	u_bf/mult_31/n208
	u_ctrl/rem_36/n312
	u_bf/add_21/n16
	u_bf/mult_31/n215
	u_ctrl/rem_36/u_div_u_add_B6/n153
	u_ctrl/rem_36/n353
	u_bf/add_21/n85
	u_bf/mult_31/n219
	u_ctrl/rem_36/n354
	u_bf/add_21/n86
	u_bf/mult_31/n227
	u_ctrl/rem_36/u_div_u_add_B6/FE_RN_1905_0
	u_ctrl/rem_36/n398
	u_bf/add_21/n201
	u_bf/mult_31/n235
	u_ctrl/rem_36/u_div_u_add_B7/n173
	u_ctrl/mult_39/FE_RN_1803_0
	u_bf/add_21/n205
	u_bf/mult_31/n1058
	u_ctrl/rem_36/u_div_u_add_B7/n139
	u_ctrl/mult_39/FE_RN_1828_0
	u_bf/add_21/n101
	u_bf/mult_31/n52
	u_ctrl/rem_36/u_div_u_add_B7/n146
	u_ctrl/mult_39/FE_RN_1832_0
	u_bf/add_21/n102
	u_bf/mult_31/n53
	u_ctrl/rem_36/u_div_u_add_B7/FE_RN_1906_0
	u_ctrl/mult_39/n41
	u_bf/add_21/n113
	u_bf/mult_31/n62
	u_ctrl/rem_36/u_div_u_add_B7/FE_RN_313_0
	u_ctrl/mult_39/n42
	u_bf/mult_31/n64
	u_ctrl/mult_39/n218
	u_bf/add_22/n201
	u_bf/mult_31/n65
	u_ctrl/rem_36/u_div_u_add_PartRem_1_1/n116
	u_bf/add_22/n202
	u_bf/mult_31/n67
	u_ctrl/rem_36/u_div_u_add_PartRem_1_1/n152
	u_ctrl/mult_39/FE_RN_1807_0
	u_bf/add_22/n203
	u_bf/mult_31/n68
	u_ctrl/rem_36/u_div_u_add_PartRem_1_2/n130
	u_ctrl/mult_39/n54
	u_bf/add_22/n204
	u_bf/mult_31/FE_RN_1279_0
	u_ctrl/rem_36/u_div_u_add_PartRem_1_3/n125
	u_ctrl/mult_39/FE_RN_1830_0
	u_bf/add_22/n205
	u_bf/mult_31/FE_RN_1252_0
	u_ctrl/rem_36/u_div_u_add_PartRem_1_3/n128
	u_ctrl/mult_39/n55
	u_bf/add_22/n91
	u_bf/mult_31/n927
	u_bf/mult_31/n932
	u_ctrl/rem_36/u_div_u_add_PartRem_1_4/n90
	u_ctrl/add_39/n105
	u_bf/add_22/n107
	u_bf/mult_31/n159
	u_ctrl/rem_36/n106
	u_bf/add_22/n98
	u_bf/mult_31/n160
	u_ctrl/rem_36/u_div_u_add_PartRem_1_5/n169
	u_ctrl/rem_36/n516
	u_bf/mult_31/n1024
	u_bf/mult_31/n179
	u_ctrl/rem_36/FE_RN_99_0
	u_bf/mult_31/n1037
	u_bf/mult_31/n180
	u_ctrl/rem_36/u_div_u_add_PartRem_1_5/n146
	u_ctrl/rem_36/n169
	u_bf/mult_31/n36
	u_bf/mult_31/n191
	u_ctrl/rem_36/u_div_u_add_PartRem_1_5/n151
	u_ctrl/rem_36/n173
	u_bf/mult_31/n192
	u_ctrl/rem_36/n400
	u_bf/mult_31/n994
	u_ctrl/rem_36/FE_RN_1870_0
	u_bf/mult_31/n1043
	u_bf/mult_31/FE_OCPN1665_n205
	u_ctrl/rem_36/n450
	u_bf/mult_31/n42
	u_bf/mult_31/FE_RN_760_0
	u_ctrl/rem_36/n485
	u_bf/mult_32/FE_OCPN1655_n166
	u_ctrl/mult_39/n14
	u_bf/mult_31/n1057
	u_bf/mult_32/n240
	u_ctrl/rem_36/u_div_u_add_PartRem_1_7/n135
	u_ctrl/mult_39/n15
	u_bf/mult_31/n1060
	u_bf/mult_32/n246
	u_ctrl/rem_36/u_div_u_add_PartRem_0_1/n115
	u_ctrl/mult_39/n238
	u_bf/mult_32/n62
	u_bf/mult_31/n1061
	u_ctrl/rem_36/u_div_u_add_PartRem_0_3/n148
	u_ctrl/mult_39/FE_RN_1837_0
	u_bf/mult_32/n1078
	u_bf/mult_31/n1062
	u_ctrl/mult_39/n5
	u_bf/mult_32/n296
	u_bf/mult_31/n1077
	u_ctrl/mult_39/n6
	u_bf/mult_31/n1078
	u_bf/mult_32/n126
	u_ctrl/rem_36/u_div_u_add_PartRem_0_5/n191
	u_ctrl/mult_39/n27
	u_bf/mult_32/n127
	u_bf/mult_31/n1079
	u_ctrl/mult_39/n58
	u_bf/mult_32/n140
	u_bf/mult_31/n1080
	u_ctrl/rem_36/u_div_u_add_PartRem_0_5/n186
	u_ctrl/mult_39/n59
	u_bf/mult_32/n150
	u_bf/mult_31/n1082
	u_ctrl/rem_36/u_div_u_add_PartRem_0_5/n207
	u_ctrl/N260
	u_bf/mult_31/n1088
	u_bf/mult_32/FE_RN_789_0
	u_ctrl/rem_36/u_div_u_add_PartRem_0_6/n152
	u_bf/mult_32/n155
	u_bf/mult_31/FE_RN_1748_0
	u_ctrl/rem_36/n70
	u_bf/mult_32/FE_OCPN1810_n249
	u_bf/mult_31/n987
	u_ctrl/rem_36/n260
	u_bf/mult_32/n164
	u_bf/mult_31/n996
	u_ctrl/rem_36/u_div_u_add_PartRem_0_7/n187
	u_ctrl/rem_36/n105
	u_bf/mult_31/n998
	u_bf/mult_32/n183
	u_ctrl/rem_36/u_div_u_add_PartRem_0_7/n189
	u_ctrl/rem_36/n502
	u_bf/mult_32/n184
	u_ctrl/div_37/n29
	u_ctrl/rem_36/n122
	u_bf/mult_32/n405
	u_ctrl/div_37/u_div_SumTmp_5__1__2_
	u_ctrl/rem_36/n123
	u_bf/mult_32/n406
	u_ctrl/div_37/n51
	u_ctrl/rem_36/n526
	u_bf/mult_31/n1003
	u_bf/mult_32/FE_RN_1180_0
	u_ctrl/div_37/n58
	u_ctrl/rem_36/n304
	u_bf/mult_32/FE_RN_1184_0
	u_bf/mult_31/n1005
	u_ctrl/div_37/FE_OFN1199_group_idx_8
	u_ctrl/rem_36/n347
	u_bf/mult_32/FE_PSN2062_FE_RN_1231_0
	u_bf/mult_31/n1006
	u_ctrl/div_37/u_div_BInv_6__7_
	u_ctrl/rem_36/n399
	u_bf/mult_32/FE_RN_1661_0
	u_bf/mult_31/n1007
	u_ctrl/div_37/u_div_BInv_6__8_
	u_ctrl/mult_39/FE_OCPN1712_n15
	u_bf/mult_31/n1008
	u_bf/mult_32/n449
	u_ctrl/div_37/FE_OFN1089_u_div_BInv_3__4
	u_ctrl/mult_39/n17
	u_bf/mult_32/FE_OCPN1664_n1076
	u_bf/mult_31/n1009
	u_ctrl/div_37/u_div_CryOut_2__2_
	u_ctrl/mult_39/n18
	u_bf/mult_32/n395
	u_ctrl/div_37/u_div_SumTmp_1__1__1_
	u_ctrl/mult_39/FE_RN_1829_0
	u_bf/mult_32/n396
	u_bf/mult_32/n1012
	u_ctrl/div_37/FE_OFN260_u_div_BInv_5__4
	u_ctrl/mult_39/n22
	u_bf/mult_32/n1013
	u_bf/mult_33/n229
	u_ctrl/div_37/u_div_SumTmp_1__1__2_
	u_ctrl/mult_39/n23
	u_bf/mult_33/FE_RN_383_0
	u_ctrl/div_37/n141
	u_ctrl/mult_39/n24
	u_bf/mult_33/n230
	u_bf/mult_32/n1026
	u_ctrl/div_37/u_div_BInv_5__6_
	u_bf/mult_33/n53
	u_bf/mult_32/FE_RN_771_0
	u_ctrl/div_37/FE_RN_808_0
	u_ctrl/mult_39/n198
	u_bf/mult_32/n1031
	u_bf/mult_33/n241
	u_ctrl/div_37/n163
	u_ctrl/mult_39/n38
	u_bf/mult_33/n70
	u_bf/mult_32/n1032
	u_ctrl/div_37/FE_RN_1378_0
	u_ctrl/mult_39/FE_RN_298_0
	u_bf/mult_33/n71
	u_bf/mult_32/n1033
	u_ctrl/div_37/FE_OFN488_u_div_BInv_7__3
	u_ctrl/mult_39/FE_RN_1539_0
	u_bf/mult_33/n73
	u_bf/mult_32/n1034
	u_ctrl/div_37/u_div_SumTmp_3__2__2_
	u_ctrl/mult_39/FE_RN_1538_0
	u_bf/mult_32/n1039
	u_bf/mult_33/FE_RN_256_0
	u_ctrl/mult_39/n217
	u_bf/mult_33/n1080
	u_bf/mult_32/n30
	u_ctrl/k_offset[5]
	u_bf/mult_33/n1093
	u_bf/mult_32/n1043
	u_ctrl/k_offset[2]
	u_bf/mult_33/n927
	u_bf/mult_32/n1050
	u_ctrl/div_37/u_div_u_add_PartRem_2_5/n121
	u_bf/mult_32/n1053
	u_bf/mult_33/n149
	u_bf/mult_33/n157
	u_bf/mult_32/FE_RN_1163_0
	u_ctrl/rem_36/n258
	u_bf/mult_33/FE_OFN547_n177
	u_ctrl/div_37/u_div_u_add_PartRem_2_6/FE_RN_485_0
	u_ctrl/rem_36/FE_RN_629_0
	u_bf/mult_33/n160
	u_bf/mult_32/n1070
	u_ctrl/rem_36/n500
	u_bf/mult_32/n1075
	u_bf/mult_33/n168
	u_ctrl/div_37/u_div_u_add_PartRem_2_7/n137
	u_ctrl/rem_36/n514
	u_bf/mult_33/n169
	u_ctrl/div_37/u_div_u_add_PartRem_2_7/n125
	u_ctrl/rem_36/FE_RN_1871_0
	u_bf/mult_33/n405
	u_ctrl/div_37/u_div_u_add_B3/n121
	u_ctrl/rem_36/FE_RN_4_0
	u_bf/mult_33/n406
	u_ctrl/div_37/u_div_u_add_B3/n127
	u_ctrl/rem_36/FE_OFN1229_n122
	u_bf/mult_33/FE_RN_1076_0
	u_ctrl/div_37/u_div_u_add_B3/FE_RN_114_0
	u_ctrl/rem_36/n311
	u_bf/mult_33/FE_RN_1012_0
	u_bf/mult_32/n926
	u_ctrl/div_37/u_div_u_add_B3/FE_RN_1368_0
	u_ctrl/rem_36/FE_RN_100_0
	u_bf/mult_33/n419
	u_ctrl/div_37/u_div_u_add_B3/n183
	u_bf/mult_33/n420
	u_ctrl/div_37/u_div_u_add_B3/n184
	u_bf/mult_33/FE_RN_381_0
	u_ctrl/div_37/u_div_u_add_B3/n133
	u_ctrl/mult_39/FE_OCPN1620_n38
	u_bf/mult_33/FE_RN_258_0
	u_bf/mult_32/n994
	u_ctrl/div_37/u_div_u_add_B3/FE_RN_112_0
	u_ctrl/mult_39/n13
	u_bf/mult_33/FE_RN_1068_0
	u_ctrl/mult_39/n2
	u_bf/mult_33/n306
	u_bf/mult_32/n995
	u_ctrl/div_37/u_div_u_add_B5/n188
	u_ctrl/mult_39/n3
	u_bf/mult_32/n996
	u_bf/mult_33/FE_OFN585_n166
	u_ctrl/div_37/u_div_u_add_B5/n189
	u_ctrl/mult_39/n20
	u_bf/mult_33/FE_RN_1597_0
	u_bf/mult_32/n997
	u_ctrl/div_37/u_div_u_add_B5/FE_RN_1399_0
	u_ctrl/mult_39/n21
	u_bf/mult_33/n393
	u_bf/mult_32/n820
	u_ctrl/div_37/u_div_u_add_B5/n145
	u_ctrl/mult_39/FE_RN_1540_0
	u_bf/mult_33/n394
	u_bf/mult_32/n821
	u_ctrl/div_37/u_div_u_add_B5/n164
	u_ctrl/mult_39/FE_RN_1
	u_bf/mult_34/FE_RN_775_0
	u_ctrl/div_37/u_div_u_add_B5/n119
	u_ctrl/mult_39/n205
	u_bf/mult_34/n240
	u_ctrl/mult_39/n40
	u_bf/mult_34/n246
	u_ctrl/div_37/u_div_u_add_B6/n191
	u_ctrl/mult_39/n45
	u_bf/mult_34/FE_OCPN1824_n170
	u_ctrl/k_offset[8]
	u_bf/mult_34/n1080
	u_ctrl/div_37/u_div_u_add_B6/n157
	u_ctrl/N25
	u_bf/mult_34/n299
	u_ctrl/div_37/u_div_u_add_B6/n167
	u_ctrl/FE_OCPN1139_k_offset_2
	u_bf/mult_34/FE_RN_588_0
	u_ctrl/div_37/u_div_u_add_B7/FE_RN_1411_0
	u_ctrl/k_offset[3]
	u_bf/mult_34/FE_PSN2066_n171
	u_ctrl/div_37/u_div_u_add_B7/n133
	u_ctrl/k_offset[4]
	u_bf/mult_34/n148
	u_ctrl/div_37/u_div_u_add_B7/n135
	u_bf/mult_34/n149
	u_ctrl/div_37/u_div_u_add_B7/FE_RN_1410_0
	u_ctrl/add_39/n45
	u_bf/mult_34/n173
	u_ctrl/div_37/u_div_u_add_B7/n219
	u_ctrl/add_39/n46
	u_bf/mult_34/n177
	u_ctrl/div_37/u_div_u_add_B7/FE_RN_1385_0
	u_bf/mult_34/n178
	u_ctrl/add_39/n33
	u_bf/mult_34/n423
	u_ctrl/add_39/n34
	u_bf/mult_34/n447
	u_bf/mult_33/n12
	u_ctrl/div_37/u_div_u_add_PartRem_1_1/n139
	u_bf/mult_34/n448
	u_bf/mult_33/FE_OFN1113_n1086
	u_bf/mult_33/n1073
	u_bf/mult_34/n459
	u_bf/mult_34/n460
	u_bf/mult_33/n1083
	u_ctrl/div_37/u_div_u_add_PartRem_1_3/n150
	u_ctrl/rem_36/FE_OFN1230_n122
	u_bf/mult_34/FE_RN_373_0
	u_ctrl/div_37/u_div_u_add_PartRem_1_3/n152
	u_ctrl/rem_36/FE_RN_101_0
	u_bf/mult_34/n300
	u_ctrl/div_37/u_div_u_add_PartRem_1_4/n94
	u_bf/mult_33/n983
	u_bf/mult_34/n301
	u_bf/mult_34/FE_OCPN1594_n249
	u_bf/mult_33/n991
	u_bf/mult_33/n820
	u_ctrl/rem_36/FE_RN_1525_0
	u_ctrl/div_37/u_div_u_add_PartRem_1_5/n145
	u_ctrl/mult_39/n19
	u_ctrl/rem_36/n336
	u_ctrl/mult_39/n4
	u_ctrl/rem_36/n376
	u_ctrl/mult_39/n9
	u_bf/mult_33/n6
	u_ctrl/div_37/n292
	u_ctrl/div_37/u_div_u_add_PartRem_1_6/n149
	u_ctrl/mult_39/n240
	u_ctrl/div_37/n294
	u_ctrl/mult_39/n193
	u_ctrl/div_37/n295
	u_ctrl/div_37/u_div_u_add_PartRem_1_7/n168
	u_ctrl/mult_39/n209
	u_ctrl/div_37/n172
	u_ctrl/div_37/u_div_u_add_PartRem_1_7/n145
	u_ctrl/k_offset[6]
	u_ctrl/div_37/n209
	u_ctrl/div_37/u_div_u_add_PartRem_1_7/n150
	u_ctrl/k_offset[7]
	u_ctrl/mult_39/n70
	u_ctrl/n243
	u_ctrl/mult_39/FE_OFN276_n148
	u_ctrl/FE_RN_1457_0
	u_ctrl/mult_39/n95
	u_ctrl/div_37/u_div_u_add_PartRem_0_3/FE_RN_1823_0
	u_ctrl/n253
	u_bf/mult_ri_11_
	u_ctrl/FE_RN_1895_0
	u_bf/mult_rr_12_
	u_ctrl/div_37/u_div_u_add_PartRem_0_3/FE_RN_1414_0
	u_ctrl/k_offset[1]
	u_ctrl/FE_RN_554_0
	u_bf/sub_36/FE_RN_964_0
	u_ctrl/div_37/u_div_u_add_PartRem_0_6/FE_OFN1228_FE_OFN257_u_div_BInv_6__5
	u_ctrl/n2501
	u_bf/sub_36/n177
	u_ctrl/div_37/u_div_u_add_PartRem_0_6/FE_RN_1861_0
	u_bf/mult_33/n1007
	u_bf/sub_36/n389
	u_ctrl/add_39/n93
	u_bf/mult_34/n1010
	u_ctrl/add_39/n41
	u_bf/mult_34/n1015
	u_bf/add_37/FE_RN_787_0
	u_bf/FE_PSBN1329_sub_im_full_13
	u_ctrl/add_39/n42
	u_bf/mult_34/n12
	u_bf/mult_31/n218
	u_bf/FE_OCPN1283_FE_OFN526_sub_im_full_11
	u_ctrl/add_39/n55
	u_bf/mult_34/n1021
	u_bf/mult_31/FE_RN_741_0
	u_bf/mult_31/n600
	u_ctrl/add_39/n104
	u_bf/mult_34/n1025
	u_bf/mult_31/n224
	u_bf/mult_31/n607
	u_ctrl/add_39/n38
	u_bf/mult_34/n30
	u_bf/mult_31/FE_RN_387_0
	u_bf/mult_31/n608
	u_ctrl/add_39/n39
	u_bf/mult_34/n42
	u_bf/mult_31/n1066
	u_bf/mult_31/FE_RN_420_0
	u_bf/mult_34/n1059
	u_bf/mult_31/n66
	u_bf/mult_31/FE_OFN1987_n947
	u_bf/mult_34/n1065
	u_bf/mult_31/n97
	u_bf/mult_31/n658
	u_ctrl/rem_36/FE_OCPN1492_n122
	u_bf/mult_34/n1066
	u_bf/mult_31/n112
	u_bf/mult_31/n659
	u_bf/mult_31/n122
	u_bf/mult_31/n660
	u_ctrl/mult_39/n16
	u_bf/mult_34/n1078
	u_bf/mult_31/n123
	u_bf/mult_31/n661
	u_ctrl/mult_39/n1
	u_bf/mult_34/n1081
	u_bf/mult_31/n667
	u_ctrl/mult_39/n204
	u_bf/mult_34/FE_RN_625_0
	u_bf/mult_31/n134
	u_bf/mult_31/n668
	u_ctrl/mult_39/n206
	u_bf/mult_31/n934
	u_bf/mult_31/n82
	u_ctrl/mult_39/n208
	u_bf/mult_31/n145
	u_bf/mult_31/n671
	u_ctrl/mult_39/FE_OCPN1493_n19
	u_bf/mult_31/n157
	u_bf/mult_31/n673
	u_ctrl/FE_OCPN2017_n2501
	u_bf/mult_34/FE_RN_1005_0
	u_bf/mult_31/n158
	u_bf/mult_31/n674
	u_ctrl/FE_RN_1390_0
	u_bf/mult_31/FE_RN_721_0
	u_bf/mult_31/n285
	u_ctrl/FE_OFN247_n150
	u_bf/mult_31/FE_RN_1102_0
	u_bf/mult_31/n289
	u_ctrl/n255
	u_bf/mult_34/FE_OFN434_n1086
	u_bf/mult_31/n168
	u_bf/mult_31/n684
	u_ctrl/n261
	u_bf/mult_31/n169
	u_bf/mult_31/n685
	u_ctrl/FE_RN_1510_0
	u_bf/mult_31/n198
	u_bf/mult_31/n688
	u_ctrl/FE_RN_1897_0
	u_bf/mult_31/n199
	u_bf/mult_31/n290
	u_ctrl/FE_OCPN1672_k_offset_1
	u_bf/mult_31/FE_RN_743_0
	u_bf/mult_31/FE_RN_1114_0
	u_ctrl/k_offset[0]
	u_bf/mult_31/FE_RN_389_0
	u_bf/mult_31/FE_RN_1681_0
	u_ctrl/FE_RN_1536_0
	u_bf/mult_31/FE_OCPN1742_n227
	u_bf/mult_31/n505
	u_ctrl/FE_PSN2077_n253
	u_bf/mult_31/FE_RN_1254_0
	u_bf/mult_31/n506
	u_ctrl/FE_RN_1898_0
	u_bf/mult_31/FE_RN_847_0
	u_bf/mult_31/n517
	u_bf/mult_31/FE_RN_895_0
	u_bf/mult_31/n518
	u_ctrl/add_39/n47
	u_bf/mult_34/n1007
	u_bf/mult_32/n211
	u_bf/mult_31/n525
	u_ctrl/add_39/n48
	u_bf/mult_34/n1008
	u_bf/mult_32/n212
	u_bf/mult_31/n526
	u_bf/mult_34/n1009
	u_bf/mult_32/n235
	u_bf/mult_31/n529
	u_ctrl/add_39/n53
	u_bf/mult_32/n59
	u_bf/mult_31/n530
	u_ctrl/add_39/n54
	u_bf/mult_32/n61
	u_bf/mult_31/n548
	u_bf/mult_32/n1077
	u_bf/mult_31/FE_RN_430_0
	u_ctrl/add_39/n109
	u_bf/mult_32/n71
	u_bf/mult_31/n557
	u_ctrl/add_39/n36
	u_bf/mult_32/n98
	u_bf/mult_31/n558
	u_ctrl/add_39/n37
	u_bf/mult_32/n101
	FE_RN_1371_0
	u_bf/mult_31/n559
	u_ctrl/add_39/FE_OCPN1566_n41
	u_bf/mult_32/n113
	u_bf/mult_31/n560
	u_ctrl/add_39/n5
	u_bf/mult_32/n114
	u_bf/mult_31/n561
	u_ctrl/add_39/n8
	u_bf/mult_32/n124
	u_bf/mult_31/n969
	u_bf/mult_32/n125
	u_bf/mult_31/n573
	u_ctrl/mult_39/FE_RN_154_0
	u_bf/mult_32/n148
	u_bf/mult_31/n579
	u_ctrl/mult_39/n195
	u_bf/mult_32/n151
	bf_y0_re[1]
	u_bf/mult_31/n970
	u_ctrl/mult_39/n199
	bf_y0_re[0]
	u_bf/mult_32/n159
	u_bf/mult_31/n971
	u_ctrl/mult_39/n207
	u_bf/mult_32/FE_OCPN1607_n164
	u_bf/mult_31/n584
	u_ctrl/mult_39/n210
	u_bf/mult_32/n433
	u_bf/mult_31/n593
	u_ctrl/mult_39/n211
	u_bf/mult_32/n434
	u_rom/FE_OFN1132_n
	u_bf/mult_31/n594
	u_ctrl/n234
	u_ctrl/n790
	u_bf/mult_32/FE_RN_933_0
	u_bf/mult_31/FE_RN_1721_0
	u_ctrl/n247
	u_bf/mult_32/FE_RN_1310_0
	u_ctrl/FE_RN_1523_0
	u_bf/mult_31/FE_RN_344_0
	u_ctrl/N28
	u_bf/mult_32/n450
	u_ctrl/FE_OFN416_n990
	u_bf/mult_31/FE_RN_1292_0
	u_ctrl/FE_RN_1379_0
	u_bf/mult_32/FE_RN_791_0
	u_ctrl/n800
	u_bf/mult_31/FE_RN_889_0
	u_ctrl/FE_RN_1442_0
	u_ctrl/n238
	u_bf/mult_32/n300
	u_bf/mult_31/n445
	u_ctrl/N270
	u_bf/mult_32/FE_OCPN1736_n240
	u_ctrl/n810
	u_bf/mult_31/n446
	u_ctrl/n9
	u_bf/mult_32/FE_RN_1709_0
	u_ctrl/n820
	u_bf/mult_31/FE_RN_1023_0
	u_ctrl/FE_OCPN2011_n2501
	u_bf/mult_32/FE_RN_790_0
	u_ctrl/FE_OFN441_n111
	u_bf/mult_31/FE_RN_788_0
	u_ctrl/N290
	u_ctrl/FE_RN_551_0
	u_bf/mult_32/n381
	u_bf/mult_31/n469
	u_ctrl/FE_OFN468_k_offset_7
	u_bf/mult_32/n382
	u_ctrl/n83
	u_bf/mult_31/n470
	u_ctrl/read_addr_a[0]
	u_bf/mult_32/n393
	u_ctrl/n105
	u_bf/mult_31/n489
	u_ctrl/read_addr_a[2]
	u_bf/mult_32/n394
	u_ctrl/n114
	u_bf/mult_31/FE_RN_1750_0
	u_ctrl/add_39/n44
	u_ctrl/N61
	u_bf/mult_33/n200
	u_bf/mult_31/FE_OCPN1625_n592
	u_ctrl/add_39/FE_OFN469_k_offset_7
	u_bf/mult_33/n203
	u_ctrl/n132
	u_bf/mult_31/n490
	u_bf/mult_33/n211
	u_ctrl/N79
	u_bf/mult_31/n701
	u_ctrl/add_39/FE_RN_259_0
	u_bf/mult_33/n212
	u_ctrl/N101
	u_bf/mult_31/n702
	u_ctrl/add_39/n56
	u_ctrl/FE_OFN413_n960
	u_bf/mult_33/n216
	u_bf/mult_31/n705
	u_bf/mult_33/n217
	u_ctrl/FE_RN_1532_0
	u_bf/mult_31/n708
	u_bf/mult_33/n228
	u_ctrl/n570
	u_bf/mult_31/FE_RN_1079_0
	u_ctrl/add_39/n6
	u_bf/mult_33/n1058
	u_ctrl/FE_OFN414_n980
	u_bf/mult_31/n709
	u_ctrl/add_39/n7
	u_ctrl/n770
	u_bf/mult_33/n52
	u_bf/mult_31/n711
	u_bf/mult_33/n240
	u_ctrl/FE_OCPN1631_n157
	u_bf/mult_31/FE_RN_880_0
	u_bf/mult_33/FE_RN_1089_0
	u_ctrl/n780
	u_bf/mult_31/n722
	u_bf/mult_33/n1066
	u_ctrl/FE_OFN415_n990
	u_bf/mult_31/n723
	u_ctrl/add_103/carry[6]
	u_bf/mult_33/n61
	u_bf/mult_31/n724
	u_ctrl/mult_39/n216
	u_bf/mult_33/n69
	u_bf/mult_31/n736
	u_ctrl/add_108/carry[8]
	u_bf/mult_31/n739
	twiddle_addr_int[1]
	u_bf/mult_33/FE_RN_1304_0
	u_bf/mult_31/n745
	u_bf/mult_33/n122
	u_bf/mult_31/n746
	u_ctrl/n10
	u_bf/mult_33/n928
	u_bf/mult_31/n752
	u_ctrl/read_addr_a[3]
	u_bf/mult_33/n133
	u_bf/mult_31/n753
	u_ctrl/FE_RN_1455_0
	u_bf/mult_33/n934
	u_ctrl/rem_36/n200
	u_bf/mult_31/n756
	u_ctrl/n256
	u_ctrl/rem_36/n202
	u_bf/mult_33/n158
	u_bf/mult_31/n757
	u_ctrl/n257
	u_bf/mult_33/FE_RN_1091_0
	u_ctrl/rem_36/n204
	u_bf/mult_31/FE_RN_578_0
	u_ctrl/n271
	u_bf/mult_33/n195
	u_ctrl/rem_36/n205
	u_bf/mult_31/n369
	u_ctrl/FE_RN_1440_0
	u_bf/mult_33/n196
	u_ctrl/rem_36/n209
	u_bf/mult_31/n761
	u_ctrl/n2401
	u_ctrl/rem_36/n210
	u_bf/mult_33/FE_OCPN1767_n53
	u_bf/mult_31/n770
	u_ctrl/FE_RN_1380_0
	u_bf/mult_33/FE_RN_1302_0
	u_ctrl/rem_36/n213
	u_bf/mult_31/n773
	u_ctrl/FE_RN_552_0
	u_bf/mult_33/FE_OCPN1547_n405
	u_ctrl/rem_36/n25
	u_bf/mult_31/n774
	u_ctrl/FE_OCPN1874_n234
	u_bf/mult_34/FE_OCPN1815_n178
	u_ctrl/rem_36/n215
	u_bf/mult_31/n776
	u_ctrl/rem_36/n216
	u_bf/mult_34/n222
	u_bf/mult_31/FE_RN_1328_0
	u_ctrl/read_addr_a[1]
	u_bf/mult_34/n223
	u_ctrl/rem_36/n38
	u_bf/mult_31/n391
	u_ctrl/add_39/n16
	u_bf/mult_34/n225
	u_ctrl/rem_36/n39
	u_bf/mult_31/n790
	u_ctrl/add_39/n17
	u_bf/mult_34/n226
	u_ctrl/rem_36/u_div_SumTmp_5__1__0_
	u_bf/mult_31/n791
	u_ctrl/rem_36/n40
	u_bf/mult_34/n52
	u_bf/mult_32/FE_RN_1070_0
	u_ctrl/add_39/n43
	u_bf/mult_34/n53
	u_ctrl/rem_36/n41
	u_bf/mult_32/FE_RN_454_0
	u_bf/mult_34/n1063
	u_ctrl/rem_36/n79
	u_bf/mult_32/n613
	u_ctrl/add_39/n23
	u_bf/mult_34/n62
	u_ctrl/rem_36/FE_OCPN1618_u_div_BInv_6__1
	u_bf/mult_32/n614
	u_ctrl/add_39/n24
	u_ctrl/rem_36/n81
	u_bf/mult_34/n63
	u_bf/mult_32/n615
	u_ctrl/add_39/n106
	u_bf/mult_34/n64
	u_ctrl/rem_36/u_div_BInv_6__2_
	u_bf/mult_32/n627
	u_ctrl/add_39/n30
	u_bf/mult_34/FE_RN_1401_0
	u_ctrl/rem_36/u_div_SumTmp_5__2__0_
	u_ctrl/add_39/n31
	u_bf/mult_34/FE_RN_1659_0
	u_ctrl/rem_36/n528
	u_bf/mult_32/FE_RN_857_0
	u_ctrl/add_39/n35
	u_ctrl/rem_36/u_div_BInv_1__6_
	u_bf/mult_34/n159
	u_bf/mult_32/n630
	u_ctrl/add_40/n53
	u_bf/mult_34/n160
	u_ctrl/rem_36/u_div_BInv_7__1_
	u_bf/mult_32/n631
	u_ctrl/add_40/n54
	u_bf/mult_34/n179
	u_ctrl/rem_36/u_div_BInv_1__9_
	u_bf/mult_32/n647
	u_bf/mult_34/n180
	u_ctrl/rem_36/n187
	u_bf/mult_32/n648
	u_ctrl/rem_36/n193
	u_bf/mult_34/n407
	u_bf/mult_32/n651
	u_ctrl/mult_39/n11
	u_bf/mult_34/n408
	u_ctrl/rem_36/n198
	u_bf/mult_32/n664
	sram_addr_a_int[2]
	u_bf/mult_34/FE_RN_1658_0
	u_ctrl/rem_36/FE_OFN289_n66
	u_bf/mult_32/n665
	twiddle_addr_int[0]
	u_bf/mult_34/n424
	u_ctrl/rem_36/u_div_BInv_3__1_
	u_bf/mult_32/n676
	u_rom/FE_RN_1527_0
	u_ctrl/rem_36/u_div_SumTmp_5__0__0_
	u_bf/mult_34/n476
	u_bf/mult_32/n288
	u_ctrl/group_idx[6]
	u_bf/mult_32/FE_RN_12
	u_ctrl/rem_36/n282
	u_bf/mult_32/n692
	u_ctrl/FE_RN_1432_0
	u_ctrl/rem_36/n284
	u_bf/mult_32/n694
	u_ctrl/n251
	u_ctrl/rem_36/u_div_u_add_PartRem_2_2/n88
	u_ctrl/rem_36/n287
	u_bf/mult_32/n695
	u_ctrl/n254
	u_ctrl/rem_36/n141
	u_bf/mult_32/FE_OCPN1826_n971
	u_ctrl/n265
	u_ctrl/rem_36/n372
	u_bf/mult_32/FE_RN_1763_0
	u_ctrl/n268
	u_ctrl/div_37/n24
	u_bf/mult_32/FE_RN_886_0
	u_ctrl/FE_RN_1535_0
	u_ctrl/div_37/n25
	u_bf/mult_32/FE_RN_934_0
	u_ctrl/FE_RN_1900_0
	u_ctrl/div_37/n27
	u_bf/mult_32/n549
	u_ctrl/FE_OCPN1709_read_addr_a_3
	u_ctrl/div_37/n50
	u_bf/mult_32/n942
	u_ctrl/FE_RN_1511_0
	u_ctrl/rem_36/u_div_u_add_PartRem_2_4/FE_OCPN1153_n169
	u_bf/mult_32/n943
	u_ctrl/FE_RN_1441_0
	u_ctrl/div_37/n300
	u_bf/mult_32/n944
	u_ctrl/rem_36/u_div_u_add_PartRem_2_5/n132
	u_ctrl/div_37/n111
	u_bf/mult_32/FE_RN_1315_0
	u_ctrl/add_39/n15
	u_ctrl/rem_36/u_div_u_add_PartRem_2_5/n133
	u_ctrl/div_37/n352
	u_bf/mult_32/n564
	u_ctrl/add_39/n110
	u_ctrl/rem_36/u_div_u_add_PartRem_2_5/n134
	u_ctrl/div_37/n353
	u_bf/mult_32/n565
	u_ctrl/add_39/n40
	u_ctrl/mult_39/n144
	u_bf/mult_32/n965
	u_ctrl/add_39/FE_RN_260_0
	u_ctrl/mult_39/n94
	u_bf/mult_32/n975
	u_ctrl/add_39/n49
	u_ctrl/mult_39/n96
	u_bf/mult_32/n977
	u_ctrl/add_39/n21
	u_ctrl/rem_36/u_div_u_add_B3/n181
	u_ctrl/mult_39/n97
	u_bf/mult_32/n581
	u_ctrl/add_39/n22
	u_bf/mult_32/FE_OCPN1677_n956
	u_ctrl/add_39/FE_RN_300_0
	u_bf/mult_rr_16_
	u_bf/mult_32/n597
	u_ctrl/add_39/n103
	u_ctrl/rem_36/u_div_u_add_B3/n193
	u_bf/mult_ir_11_
	u_bf/mult_32/FE_OCPN1299_sub_im_full_5
	u_ctrl/add_39/n107
	u_ctrl/rem_36/u_div_u_add_B3/n145
	u_bf/mult_ii_10_
	u_bf/mult_32/FE_RN_1546_0
	u_ctrl/add_39/n32
	u_ctrl/rem_36/u_div_u_add_B3/n146
	u_bf/mult_rr_11_
	u_bf/mult_32/FE_OFN1962_n965
	u_ctrl/add_39/n3
	u_ctrl/rem_36/u_div_u_add_B3/n148
	u_bf/mult_ii_11_
	u_bf/mult_32/n417
	u_ctrl/add_39/n4
	u_ctrl/rem_36/u_div_u_add_B3/n149
	u_bf/mult_rr_13_
	u_bf/mult_32/FE_OCPN1790_n971
	u_ctrl/add_39/FE_OCPN1866_n31
	u_bf/mult_ii_13_
	u_bf/mult_32/FE_OCPN1758_n972
	u_ctrl/add_40/n68
	u_bf/mult_32/FE_OFN1963_n966
	u_ctrl/add_40/n50
	u_bf/mult_32/FE_OFN583_n945
	u_ctrl/add_40/n127
	u_ctrl/rem_36/u_div_u_add_B5/n167
	u_bf/mult_32/FE_RN_892_0
	u_ctrl/add_40/n51
	u_bf/mult_32/FE_OCPN1313_sub_im_full_9
	u_ctrl/add_40/n60
	u_bf/mult_32/FE_OFN1958_n942
	u_ctrl/rem_36/u_div_u_add_B5/n170
	u_bf/mult_32/FE_OCPN1298_sub_im_full_5
	u_ctrl/mult_39/FE_RN_1827_0
	u_ctrl/rem_36/u_div_u_add_B5/n171
	u_bf/sub_36/FE_RN_750_0
	u_bf/mult_32/FE_OFN475_sub_im_full_14
	u_ctrl/mult_39/FE_RN_1825_0
	u_ctrl/rem_36/u_div_u_add_B5/n120
	u_bf/sub_36/n182
	u_bf/mult_32/n701
	sram_addr_a_int[0]
	u_ctrl/rem_36/u_div_u_add_B5/n159
	u_bf/mult_32/n710
	twiddle_addr_int[5]
	u_ctrl/rem_36/u_div_u_add_B5/n134
	u_bf/add_37/n383
	u_bf/mult_32/n711
	twiddle_addr_int[4]
	u_ctrl/rem_36/u_div_u_add_B5/n138
	u_bf/mult_31/n204
	u_bf/mult_32/FE_OCPN1700_n761
	sram_addr_a_mux[2]
	u_ctrl/rem_36/u_div_u_add_B6/n175
	u_bf/mult_31/n213
	u_bf/mult_32/n718
	u_bf/mult_31/FE_RN_1342_0
	u_bf/mult_32/FE_PSBN1332_sub_im_full_10
	u_ctrl/rem_36/u_div_u_add_B6/n133
	u_bf/mult_31/n1067
	u_bf/mult_32/n320
	u_rom/N6
	u_ctrl/rem_36/u_div_u_add_B6/n136
	u_bf/mult_31/FE_RN_1286_0
	u_bf/mult_32/n725
	u_rom/N7
	u_ctrl/rem_36/u_div_u_add_B6/n137
	u_bf/mult_32/n727
	u_bf/mult_31/n918
	u_bf/mult_32/n729
	u_ctrl/rem_36/u_div_u_add_B6/FE_OCPN1576_n166
	u_bf/mult_32/FE_OCPN1829_n714
	u_ctrl/n235
	u_bf/mult_31/n935
	u_bf/mult_32/FE_OFN519_sub_im_full_8
	u_ctrl/read_addr_b[0]
	u_bf/mult_32/n735
	u_bf/mult_31/FE_RN_1285_0
	u_bf/mult_32/FE_RN_757_0
	u_ctrl/n252
	u_bf/mult_31/FE_RN_1262_0
	u_bf/mult_32/FE_RN_1317_0
	u_ctrl/FE_RN_1459_0
	u_ctrl/rem_36/u_div_u_add_B7/n193
	u_bf/mult_31/FE_OCPN1753_n218
	u_bf/mult_32/n752
	u_ctrl/n274
	u_ctrl/rem_36/u_div_u_add_B7/n194
	u_bf/mult_31/FE_RN_492_0
	u_bf/mult_32/n778
	u_ctrl/FE_OFN543_n9
	u_bf/mult_31/FE_RN_861_0
	u_bf/mult_32/FE_RN_122_0
	u_ctrl/FE_RN_1896_0
	u_ctrl/rem_36/u_div_u_add_B7/FE_RN_2
	u_bf/mult_32/n200
	u_bf/mult_32/n796
	u_ctrl/add_39/n111
	u_bf/mult_32/n203
	u_bf/mult_33/n1018
	u_ctrl/add_39/n112
	u_ctrl/rem_36/u_div_u_add_B7/n157
	u_bf/mult_32/n216
	u_bf/mult_33/n1019
	u_ctrl/add_39/n114
	u_bf/mult_32/n217
	u_bf/mult_33/FE_OCPN1825_n30
	u_ctrl/add_39/n95
	u_ctrl/rem_36/u_div_u_add_B7/n161
	u_bf/mult_32/FE_RN_745_0
	u_bf/mult_33/n1021
	u_ctrl/add_39/FE_RN_1462_0
	u_bf/mult_32/n228
	u_bf/mult_33/n608
	u_ctrl/add_39/n98
	u_bf/mult_32/n1068
	u_ctrl/rem_36/u_div_u_add_PartRem_1_1/n120
	u_bf/mult_33/FE_RN_1048_0
	u_ctrl/add_39/n99
	u_bf/mult_32/n60
	u_bf/mult_33/n610
	u_ctrl/add_39/FE_RN_1667_0
	u_bf/mult_32/n1081
	u_ctrl/rem_36/u_div_u_add_PartRem_1_2/n104
	u_bf/mult_33/FE_RN_1298_0
	u_ctrl/add_39/n26
	u_bf/mult_33/n1056
	u_ctrl/add_39/n29
	u_bf/mult_33/n1057
	u_ctrl/add_39/n102
	u_bf/mult_32/n928
	u_bf/mult_33/n640
	u_ctrl/add_39/FE_OCPN1515_n21
	u_bf/mult_33/n641
	u_ctrl/add_40/n48
	u_bf/mult_32/n149
	u_bf/mult_33/n642
	u_ctrl/add_40/n49
	u_bf/mult_32/n160
	u_ctrl/rem_36/u_div_u_add_PartRem_1_5/n129
	u_bf/mult_33/FE_RN_469_0
	u_ctrl/add_40/n57
	u_ctrl/rem_36/u_div_u_add_PartRem_1_5/n153
	u_bf/mult_32/n188
	u_bf/mult_33/n664
	u_ctrl/add_40/n58
	u_bf/mult_32/n189
	u_bf/mult_33/n668
	u_ctrl/add_40/n8
	u_bf/mult_32/FE_RN_1613_0
	u_bf/mult_33/n82
	u_bf/mult_32/FE_RN_1785_0
	u_bf/mult_33/FE_OCPN1610_n963
	u_ctrl/add_40/n67
	u_bf/mult_32/n195
	u_bf/mult_33/n671
	u_ctrl/mult_39/FE_RN_1826_0
	u_bf/mult_32/n196
	u_bf/mult_33/FE_RN_1640_0
	u_bf/mult_32/n447
	u_bf/mult_33/n285
	sram_addr_a_int[3]
	u_bf/mult_32/n448
	u_bf/mult_33/n289
	sram_addr_a_int[1]
	u_bf/mult_32/FE_OFN1956_n195
	u_bf/mult_33/n684
	sram_addr_b_int[0]
	u_bf/mult_32/FE_RN_1220_0
	u_bf/mult_33/n685
	twiddle_addr_int[7]
	u_bf/mult_32/FE_RN_1224_0
	u_bf/mult_33/n686
	twiddle_addr_int[3]
	u_bf/mult_32/n304
	u_ctrl/rem_36/u_div_u_add_PartRem_0_4/n120
	u_bf/mult_33/n688
	sram_addr_a_mux[0]
	u_bf/mult_33/n205
	u_bf/mult_33/n290
	u_rom/FE_OFN447_N7
	u_bf/mult_33/n206
	u_bf/mult_33/FE_OFN1950_n963
	u_bf/mult_33/FE_RN_954_0
	u_ctrl/rem_36/u_div_u_add_PartRem_0_5/n192
	u_bf/mult_33/n517
	u_rom/FE_RN_1420_0
	u_bf/mult_33/n219
	u_bf/mult_33/n518
	u_rom/FE_OFN452_n
	u_bf/mult_33/n227
	u_bf/mult_33/n525
	u_bf/mult_33/n235
	u_bf/mult_33/n526
	u_rom/FE_RN_1500_0
	u_bf/mult_33/FE_OCPN1583_n1058
	u_bf/mult_33/n529
	u_bf/mult_33/n1067
	u_bf/mult_33/FE_RN_1129_0
	u_ctrl/div_37/u_div_BInv_6__1_
	u_bf/mult_33/n97
	u_bf/mult_33/FE_RN_386_0
	u_ctrl/read_addr_a[4]
	u_bf/mult_33/FE_RN_308_0
	u_ctrl/div_37/u_div_BInv_6__2_
	u_bf/mult_33/n530
	u_ctrl/read_addr_a[5]
	u_bf/mult_33/n112
	u_ctrl/div_37/n237
	u_bf/mult_33/FE_OFN1945_n920
	u_ctrl/n244
	u_bf/mult_33/n123
	u_ctrl/div_37/n245
	u_bf/mult_33/n544
	u_ctrl/div_37/n246
	u_bf/mult_33/n929
	u_bf/mult_33/n545
	u_ctrl/n259
	u_bf/mult_33/n134
	u_ctrl/div_37/n40
	u_bf/mult_33/n546
	u_bf/mult_33/n935
	u_ctrl/div_37/n56
	u_bf/mult_33/n557
	u_bf/mult_33/FE_RN_1244_0
	u_ctrl/div_37/u_div_BInv_3__0_
	u_bf/mult_33/n559
	u_ctrl/N30
	u_ctrl/div_37/u_div_BInv_3__1_
	u_bf/mult_33/n193
	u_bf/mult_33/FE_RN_897_0
	u_bf/mult_33/n194
	u_ctrl/div_37/n76
	u_bf/mult_33/n560
	u_ctrl/add_39/n20
	u_bf/mult_33/FE_RN_952_0
	u_ctrl/div_37/n78
	u_bf/mult_33/n561
	u_ctrl/add_39/FE_RN_1847_0
	u_bf/mult_33/FE_RN_310_0
	u_ctrl/div_37/n79
	u_bf/mult_33/n966
	u_ctrl/add_39/n25
	u_ctrl/div_37/u_div_BInv_5__0_
	u_bf/mult_33/FE_OCPN1814_n217
	u_bf/mult_33/n967
	u_bf/mult_33/FE_OCPN1639_n216
	u_ctrl/div_37/n91
	u_bf/mult_33/n968
	u_ctrl/add_39/n101
	u_bf/mult_33/n302
	u_ctrl/div_37/n93
	u_bf/mult_33/n573
	u_ctrl/add_39/n108
	u_bf/mult_33/n304
	u_ctrl/div_37/n96
	u_bf/mult_33/FE_RN_1322_0
	u_ctrl/div_37/n109
	u_bf/mult_33/FE_OCPN1611_n203
	u_bf/mult_33/FE_RN_266_0
	u_ctrl/add_39/n14
	u_bf/mult_34/FE_RN_1622_0
	u_ctrl/div_37/u_div_BInv_1__9_
	u_bf/mult_33/FE_OCPN1823_n754
	u_ctrl/add_40/n69
	u_bf/mult_34/FE_RN_73_0
	u_ctrl/div_37/n134
	u_bf/mult_33/FE_RN_195_0
	u_bf/mult_34/FE_RN_12
	u_ctrl/div_37/n139
	u_bf/mult_33/FE_RN_1333_0
	u_ctrl/div_37/u_div_BInv_7__1_
	u_bf/mult_34/FE_RN_23
	u_bf/mult_33/FE_RN_926_0
	u_ctrl/add_40/n56
	u_ctrl/div_37/n142
	u_bf/mult_33/n418
	u_ctrl/add_40/n7
	u_bf/mult_34/n122
	u_ctrl/div_37/FE_OFN265_n101
	u_bf/mult_33/FE_RN_1706_0
	u_bf/mult_34/n123
	u_ctrl/div_37/FE_OFN264_n92
	u_bf/mult_33/n445
	u_ctrl/div_37/n180
	u_bf/mult_34/n144
	u_bf/mult_33/n446
	twiddle_addr_int[8]
	u_bf/mult_34/n145
	u_ctrl/div_37/FE_OCPN1867_FE_OFN584_n31
	u_bf/mult_33/n469
	twiddle_addr_int[2]
	u_bf/mult_34/n157
	u_ctrl/div_37/u_div_u_add_PartRem_2_1/n100
	u_bf/mult_33/FE_RN_549_0
	sram_addr_a_mux[3]
	u_bf/mult_34/n158
	u_ctrl/div_37/u_div_u_add_PartRem_2_1/n101
	u_bf/mult_33/n470
	sram_addr_a_mux[1]
	u_bf/mult_34/n168
	u_bf/mult_33/FE_RN_948_0
	sram_addr_b_mux[0]
	u_bf/mult_34/n169
	u_ctrl/div_37/u_div_u_add_PartRem_2_2/n100
	u_bf/mult_33/n489
	u_bf/mult_34/FE_OCPN1795_n53
	u_bf/mult_33/FE_RN_582_0
	u_rom/N10
	u_bf/mult_34/FE_RN_1673_0
	u_bf/mult_33/n490
	FE_OCPN1722_tb_sram_dout_31
	u_rom/N11
	u_bf/mult_34/n405
	u_bf/mult_33/FE_RN_1075_0
	FE_OCPN1136_tb_sram_dout_25
	u_rom/N13
	u_bf/mult_34/n406
	FE_OFN941_tb_sram_dout_13
	u_bf/mult_33/n701
	u_rom/N9
	u_bf/mult_34/n419
	u_ctrl/div_37/u_div_u_add_PartRem_2_4/FE_RN_737_0
	u_bf/mult_33/n702
	FE_OFN940_tb_sram_dout_14
	u_bf/mult_34/n420
	u_bf/mult_33/n710
	FE_OFN937_tb_sram_dout_30
	u_ctrl/n245
	u_ctrl/div_37/u_div_u_add_PartRem_2_4/FE_RN_736_0
	u_bf/mult_34/FE_RN_109_0
	u_bf/mult_33/n718
	FE_OFN931_tb_sram_dout_22
	u_ctrl/read_addr_a[6]
	u_bf/mult_34/FE_RN_1702_0
	u_ctrl/div_37/u_div_u_add_PartRem_2_4/n82
	FE_OFN580_tb_sram_dout_9
	u_bf/mult_33/n720
	u_bf/mult_34/FE_PSN2049_n1063
	u_ctrl/div_37/u_div_u_add_PartRem_2_5/FE_OFN949_n154
	u_bf/mult_33/n722
	FE_OFN579_tb_sram_dout_16
	u_ctrl/n277
	u_bf/mult_34/FE_RN_802_0
	u_bf/mult_33/n724
	FE_OFN574_tb_sram_dout_29
	u_ctrl/n2801
	u_bf/mult_34/n471
	u_bf/mult_33/FE_RN_496_0
	FE_OFN563_tb_sram_dout_27
	u_bf/mult_34/n472
	FE_OFN558_tb_sram_dout_21
	u_bf/mult_33/FE_RN_1664_0
	u_ctrl/add_39/n19
	u_bf/mult_34/FE_PSN2052_n52
	u_bf/mult_33/n746
	FE_OFN546_tb_sram_dout_15
	u_ctrl/add_39/n94
	u_bf/mult_34/n306
	u_bf/mult_33/FE_OCPN2042_FE_OFN1952_n978
	FE_OFN537_tb_sram_dout_28
	u_ctrl/add_39/n96
	u_ctrl/div_37/u_div_u_add_B3/n170
	u_bf/mult_34/n307
	u_bf/mult_33/n752
	FE_OFN512_tb_sram_dout_8
	u_bf/mult_34/FE_RN_1660_0
	u_ctrl/div_37/u_div_u_add_B3/n174
	FE_OFN508_tb_sram_dout_24
	u_bf/mult_33/n753
	u_ctrl/add_39/n12
	u_bf/mult_34/FE_RN_111_0
	u_ctrl/div_37/u_div_u_add_B3/n176
	u_bf/mult_33/n756
	FE_OFN507_tb_sram_dout_23
	u_ctrl/add_39/n13
	u_bf/mult_34/FE_RN_801_0
	u_ctrl/div_37/u_div_u_add_B3/n177
	u_bf/mult_33/n760
	FE_OFN506_tb_sram_dout_26
	u_ctrl/add_40/n40
	u_ctrl/div_37/u_div_u_add_B3/n179
	u_bf/mult_34/FE_OCPN1819_n226
	u_bf/mult_33/n370
	FE_OFN505_tb_sram_dout_0
	u_ctrl/add_40/n44
	u_bf/mult_34/n393
	FE_OFN240_twiddle_data_2
	u_bf/mult_33/n770
	u_ctrl/add_40/n45
	u_bf/mult_34/n394
	u_bf/mult_33/n771
	FE_OFN210_dbg_stage_done
	u_ctrl/add_40/n47
	u_ctrl/rem_36/n280
	u_bf/mult_33/n778
	FE_OFN209_dbg_stage_0
	u_ctrl/add_40/n55
	u_ctrl/div_37/u_div_u_add_B3/n145
	u_ctrl/rem_36/n290
	u_bf/mult_33/FE_RN_1033_0
	FE_OFN208_dbg_stage_1
	u_ctrl/add_40/n39
	u_ctrl/rem_36/n131
	FE_OFN207_dbg_stage_2
	u_bf/mult_33/n787
	u_ctrl/add_40/n9
	u_ctrl/div_37/u_div_u_add_B3/FE_RN_1816_0
	u_ctrl/rem_36/n142
	u_bf/mult_33/n1002
	FE_OFN205_dbg_stage_3
	u_ctrl/rem_36/FE_OCPN1484_n282
	u_bf/mult_33/n790
	FE_OFN204_done
	u_ctrl/add_40/FE_RN_1
	u_ctrl/div_37/u_div_u_add_B3/n167
	u_ctrl/rem_36/n328
	u_bf/mult_33/n791
	FE_OFN203_data_out_valid
	u_ctrl/div_37/u_div_u_add_B3/n168
	u_ctrl/rem_36/n333
	FE_OFN200_tb_sram_dout_1
	u_bf/mult_33/n793
	u_ctrl/rem_36/n368
	u_bf/mult_33/n795
	FE_OFN199_tb_sram_dout_2
	u_ctrl/rem_36/n369
	u_bf/mult_34/FE_RN_697_0
	FE_OFN198_tb_sram_dout_3
	sram_addr_a_int[5]
	u_ctrl/div_37/u_div_u_add_B5/n172
	u_ctrl/rem_36/n370
	u_bf/mult_34/n600
	FE_OFN197_tb_sram_dout_4
	sram_addr_a_int[4]
	u_ctrl/div_37/u_div_u_add_B5/n179
	u_ctrl/rem_36/n373
	FE_OFN196_tb_sram_dout_5
	u_rom/FE_OFN425_N11
	u_ctrl/div_37/u_div_u_add_B5/n184
	u_ctrl/rem_36/n374
	u_bf/mult_34/n613
	FE_OFN195_tb_sram_dout_6
	u_rom/FE_OFN450_n
	u_ctrl/div_37/u_div_u_add_B5/n134
	u_ctrl/rem_36/n375
	u_bf/mult_34/n614
	FE_OFN194_tb_sram_dout_7
	u_rom/FE_RN_1393_0
	u_ctrl/div_37/u_div_u_add_B5/n194
	u_ctrl/div_37/n11
	u_bf/mult_34/n617
	FE_OFN191_tb_sram_dout_10
	u_rom/FE_RN_1522_0
	u_ctrl/div_37/u_div_u_add_B5/n148
	u_ctrl/div_37/FE_RN_208_0
	FE_OFN190_tb_sram_dout_11
	u_bf/mult_34/FE_RN_596_0
	u_ctrl/n249
	u_ctrl/div_37/u_div_u_add_B5/FE_OFN553_n1010
	u_ctrl/div_37/FE_RN_56_0
	u_bf/mult_34/FE_RN_1730_0
	FE_OFN189_tb_sram_dout_12
	u_ctrl/read_addr_b[1]
	u_ctrl/div_37/FE_RN_165_0
	u_bf/mult_34/FE_RN_1264_0
	FE_OFN186_tb_sram_dout_17
	u_ctrl/div_37/n293
	u_bf/mult_34/FE_RN_991_0
	FE_OFN185_tb_sram_dout_18
	u_ctrl/read_addr_b[2]
	u_ctrl/div_37/u_div_u_add_B5/n153
	u_ctrl/div_37/n298
	FE_OFN184_tb_sram_dout_19
	u_bf/mult_34/n630
	u_ctrl/div_37/u_div_u_add_B5/n156
	u_ctrl/div_37/n299
	u_bf/mult_34/n631
	FE_OFN183_tb_sram_dout_20
	u_ctrl/FE_OCPN1495_read_addr_a_6
	u_ctrl/div_37/n323
	u_bf/mult_34/FE_OFN1932_n961
	is_loading
	u_ctrl/add_39/n113
	u_ctrl/div_37/n324
	u_bf/mult_34/FE_RN_1208_0
	is_unloading
	u_ctrl/add_39/n97
	u_ctrl/div_37/u_div_u_add_B6/n122
	u_ctrl/div_37/n327
	sram_dout_b[31]
	u_bf/mult_34/n647
	u_ctrl/add_39/FE_RN_1848_0
	u_ctrl/div_37/n328
	u_bf/mult_34/n648
	sram_dout_b[30]
	u_ctrl/add_39/FE_RN_21_0
	u_ctrl/div_37/u_div_u_add_B6/n183
	u_ctrl/div_37/FE_RN_55_0
	u_bf/mult_34/FE_RN_1741_0
	sram_dout_b[29]
	u_ctrl/add_40/n115
	u_ctrl/div_37/u_div_u_add_B6/n186
	u_ctrl/div_37/n350
	u_bf/mult_34/n664
	sram_dout_b[28]
	u_ctrl/add_40/n41
	u_ctrl/div_37/u_div_u_add_B6/n132
	u_ctrl/div_37/n351
	sram_dout_b[27]
	u_bf/mult_34/n665
	u_ctrl/add_40/n46
	u_ctrl/div_37/u_div_u_add_B6/n138
	u_ctrl/div_37/n356
	u_bf/mult_34/FE_OCPN1157_sub_im_full_12
	sram_dout_b[26]
	u_ctrl/div_37/n357
	u_bf/mult_34/n673
	sram_dout_b[25]
	u_ctrl/add_40/n52
	u_ctrl/div_37/u_div_u_add_B6/n190
	u_ctrl/div_37/n173
	u_bf/mult_34/FE_RN_1353_0
	sram_dout_b[24]
	u_ctrl/div_37/u_div_u_add_B6/n193
	u_ctrl/div_37/FE_OCPN1661_n27
	sram_dout_b[23]
	u_bf/mult_34/n289
	u_ctrl/add_40/n30
	u_ctrl/div_37/u_div_u_add_B6/n143
	u_ctrl/mult_39/n131
	u_bf/mult_34/n680
	sram_dout_b[22]
	u_ctrl/add_40/n31
	u_ctrl/div_37/u_div_u_add_B6/n148
	u_bf/mult_rr_15_
	u_bf/mult_34/n684
	sram_dout_b[21]
	u_ctrl/add_40/n37
	u_ctrl/div_37/u_div_u_add_B6/FE_OCPN1649_n162
	u_bf/mult_ir_10_
	u_bf/mult_34/FE_RN_11
	sram_dout_b[20]
	u_ctrl/add_40/n38
	u_ctrl/div_37/u_div_u_add_B6/n200
	u_bf/mult_ri_12_
	sram_dout_b[19]
	u_bf/mult_34/n693
	u_ctrl/add_40/n65
	u_ctrl/div_37/u_div_u_add_B6/n204
	u_bf/mult_ii_12_
	u_bf/mult_34/n694
	sram_dout_b[18]
	u_ctrl/add_40/n66
	u_bf/mult_rr_14_
	u_bf/mult_34/n695
	sram_dout_b[17]
	FE_RN_1537_0
	u_bf/mult_34/FE_OCPN1809_n993
	sram_dout_b[16]
	sram_addr_b_int[2]
	u_ctrl/div_37/u_div_u_add_B6/n155
	u_bf/sub_36/n259
	sram_dout_b[15]
	u_bf/mult_34/n505
	sram_addr_b_int[1]
	u_ctrl/div_37/u_div_u_add_B6/n160
	u_bf/mult_34/FE_OFN1934_n972
	sram_dout_b[14]
	twiddle_addr_int[6]
	u_ctrl/div_37/u_div_u_add_B6/n169
	u_bf/mult_34/n506
	sram_dout_b[13]
	sram_addr_a_mux[4]
	u_ctrl/div_37/u_div_u_add_B7/n179
	u_bf/sub_36/n261
	u_bf/mult_34/FE_RN_1621_0
	sram_dout_b[12]
	u_rom/N14
	u_ctrl/div_37/u_div_u_add_B7/n189
	u_bf/sub_36/n262
	sram_dout_b[11]
	u_bf/mult_34/n517
	u_ctrl/div_37/u_div_u_add_B7/n132
	u_bf/sub_36/FE_RN_1274_0
	u_bf/mult_34/n518
	sram_dout_b[10]
	u_rom/N8
	u_ctrl/div_37/u_div_u_add_B7/n137
	u_bf/mult_34/n919
	sram_dout_b[9]
	u_ctrl/FE_RN_1451_0
	u_ctrl/div_37/u_div_u_add_B7/n138
	u_bf/mult_34/FE_RN_714_0
	sram_dout_b[8]
	u_ctrl/div_37/u_div_u_add_B7/n139
	u_bf/add_37/n167
	sram_dout_b[7]
	u_bf/mult_34/n948
	u_ctrl/read_addr_a[7]
	u_bf/add_37/FE_RN_624_0
	u_bf/mult_34/FE_OCPN1316_FE_OFN1931_n950
	sram_dout_b[6]
	u_ctrl/read_addr_b[3]
	u_ctrl/div_37/u_div_u_add_B7/n195
	u_bf/add_37/n382
	u_bf/mult_34/n550
	sram_dout_b[5]
	u_ctrl/div_37/u_div_u_add_B7/n143
	u_bf/mult_31/FE_RN_1305_0
	u_bf/mult_34/n958
	sram_dout_b[4]
	u_ctrl/div_37/u_div_u_add_B7/n149
	u_bf/mult_31/FE_RN_491_0
	sram_dout_b[3]
	u_bf/mult_34/n564
	u_ctrl/read_addr_a[9]
	u_bf/mult_31/n1068
	u_bf/mult_34/n565
	sram_dout_b[2]
	u_ctrl/div_37/u_div_u_add_B7/FE_RN_1
	u_bf/mult_31/n1069
	u_bf/mult_34/n961
	sram_dout_b[1]
	u_ctrl/div_37/u_div_u_add_B7/n200
	u_bf/mult_31/n1070
	u_bf/mult_34/n578
	sram_dout_b[0]
	u_ctrl/add_39/FE_RN_19_0
	u_ctrl/div_37/u_div_u_add_B7/n205
	u_bf/mult_31/n87
	twiddle_data[31]
	u_bf/mult_34/FE_OCPN1684_n971
	u_ctrl/add_40/FE_OCPN1586_n31
	u_ctrl/div_37/u_div_u_add_B7/n211
	u_bf/mult_31/n88
	u_bf/mult_34/n580
	twiddle_data[30]
	u_ctrl/div_37/u_div_u_add_B7/n212
	u_bf/mult_31/n96
	u_bf/mult_34/n581
	twiddle_data[29]
	u_ctrl/div_37/u_div_u_add_B7/n218
	u_bf/mult_31/n111
	u_bf/mult_34/FE_RN_1781_0
	twiddle_data[28]
	u_bf/mult_31/n928
	twiddle_data[27]
	u_bf/mult_34/n584
	u_ctrl/add_40/n34
	u_bf/mult_31/n133
	u_bf/mult_34/n984
	twiddle_data[26]
	u_ctrl/add_40/n35
	u_ctrl/div_37/u_div_u_add_PartRem_1_1/n121
	u_bf/mult_34/n985
	twiddle_data[25]
	u_ctrl/add_40/n5
	u_bf/mult_34/FE_RN_702_0
	twiddle_data[24]
	u_ctrl/add_40/n6
	u_bf/mult_31/n197
	twiddle_data[23]
	u_bf/mult_34/FE_PSBN1330_sub_im_full_13
	u_ctrl/add_40/n64
	u_bf/mult_31/FE_RN_720_0
	u_bf/mult_34/n596
	twiddle_data[22]
	u_bf/mult_31/FE_RN_739_0
	u_bf/mult_34/n597
	twiddle_data[21]
	sram_addr_a_int[6]
	u_bf/mult_32/n205
	u_bf/mult_34/n993
	twiddle_data[20]
	sram_addr_b_int[3]
	u_bf/mult_32/n206
	twiddle_data[19]
	u_bf/mult_34/FE_RN_695_0
	sram_addr_a_mux[5]
	u_bf/mult_32/n222
	twiddle_data[18]
	sram_addr_b_mux[2]
	u_bf/mult_32/n223
	u_bf/mult_34/FE_RN_1911_0
	twiddle_data[17]
	sram_addr_b_mux[1]
	u_bf/mult_32/n225
	u_bf/mult_34/FE_RN_717_0
	twiddle_data[16]
	u_rom/FE_OFN445_N14
	u_bf/mult_32/n226
	twiddle_data[3]
	u_bf/mult_34/FE_OCPN1863_n961
	u_rom/FE_RN_1519_0
	u_bf/mult_32/n227
	u_bf/mult_34/FE_OCPN1636_n666
	twiddle_data[1]
	u_rom/FE_OFN448_N8
	u_bf/mult_32/FE_RN_999_0
	u_bf/mult_34/FE_OFN1891_n975
	u_rom/ext_din_q[31]
	u_ctrl/read_addr_a[8]
	u_bf/mult_32/n67
	u_bf/mult_34/FE_RN_724_0
	u_bf/mult_32/FE_OCPN1783_n216
	u_bf/mult_34/n469
	u_ctrl/read_addr_b[4]
	u_bf/mult_32/FE_RN_10
	u_bf/mult_34/FE_RN_1885_0
	u_rom/ext_din_q[7]
	u_bf/mult_32/FE_RN_15
	u_bf/mult_34/FE_RN_1094_0
	u_rom/FE_OFN230_twiddle_data_9
	u_ctrl/n293
	u_bf/mult_34/n470
	u_rom/ext_din_q[12]
	u_ctrl/FE_OCPN1482_read_addr_a_7
	u_bf/mult_32/FE_RN_1550_0
	u_rom/ext_din_q[22]
	u_bf/mult_34/FE_RN_1008_0
	u_bf/mult_32/n934
	u_bf/mult_34/n701
	u_ctrl/add_40/n113
	u_bf/mult_32/n177
	u_bf/mult_34/n707
	u_ctrl/add_40/FE_RN_474_0
	u_bf/mult_32/n178
	u_bf/mult_34/n711
	u_rom/ram_addr_q[0]
	u_ctrl/add_40/FE_RN_475_0
	u_bf/mult_32/FE_OCPN1716_n203
	u_ctrl/add_94/carry[8]
	u_bf/mult_34/n725
	u_ctrl/add_40/n23
	u_bf/mult_32/FE_RN_1001_0
	u_bf/mult_34/n729
	u_ctrl/add_40/n24
	u_bf/mult_32/n193
	u_bf/mult_34/FE_RN_996_0
	u_ctrl/add_40/n26
	u_bf/mult_32/n194
	u_bf/mult_34/FE_RN_1201_0
	u_ctrl/add_40/n28
	u_bf/mult_32/FE_RN_1557_0
	u_rom/FE_OFN231_twiddle_data_8
	u_bf/mult_34/FE_PSN2076_FE_OCPN1297_sub_im_full_5
	u_bf/mult_32/FE_OCPN1559_n200
	u_bf/mult_34/FE_OCPN1731_n995
	u_rom/ext_din_q[8]
	u_ctrl/add_40/n125
	u_bf/mult_32/n302
	u_bf/mult_34/n741
	u_rom/ext_din_q[13]
	u_ctrl/add_40/FE_RN_1886_0
	u_bf/mult_32/n303
	u_bf/mult_34/n742
	u_rom/ext_din_q[23]
	u_bf/mult_32/FE_OCPN1745_n217
	u_bf/mult_34/n743
	u_ctrl/add_40/n33
	u_bf/mult_32/FE_RN_1552_0
	u_bf/mult_34/n745
	u_rom/ram_addr_q[1]
	u_ctrl/add_40/n12
	u_bf/mult_32/FE_OFN1247_n189
	u_bf/mult_34/n763
	u_bf/mult_32/FE_OCPN1812_n188
	u_bf/mult_34/FE_RN_1212_0
	u_bf/mult_32/FE_RN_5
	u_bf/mult_34/n778
	u_bf/mult_33/n215
	u_bf/mult_34/n779
	FE_RN_1492_0
	u_bf/mult_33/n218
	u_bf/sub_re_full_3_
	u_bf/mult_34/n780
	u_rom/ext_din_q[9]
	sram_addr_a_int[9]
	u_bf/sub_re_full_4_
	u_bf/mult_33/n224
	u_bf/mult_34/FE_PSBN1333_sub_im_full_10
	u_rom/FE_OFN224_twiddle_data_13
	sram_addr_b_int[4]
	u_bf/mult_33/FE_OCPN1542_n206
	u_bf/add_im_full[5]
	u_rom/ext_din_q[14]
	u_bf/mult_34/n796
	sram_addr_b_mux[3]
	u_bf/mult_33/n65
	u_bf/add_im_full[6]
	u_bf/mult_34/n797
	u_rom/N12
	u_bf/mult_33/n67
	u_bf/mult_34/FE_OCPN1312_sub_im_full_9
	u_rom/FE_OFN225_twiddle_data_12
	u_ctrl/n289
	u_bf/add_im_full[7]
	u_bf/mult_33/n88
	u_rom/ext_din_q[24]
	u_rom/FE_RN_1498_0
	u_ctrl/read_addr_b[5]
	u_bf/mult_33/n96
	u_rom/FE_OFN453_n
	u_bf/mult_33/n111
	u_bf/add_im_full[8]
	u_rom/ram_addr_q[2]
	u_rom/FE_RN_1391_0
	u_bf/sub_im_full_2_
	u_ctrl/n224
	u_ctrl/FE_RN_1530_0
	u_bf/FE_OFN525_sub_re_full_1
	u_bf/mult_33/n191
	u_rom/FE_OFN236_twiddle_data_5
	u_ctrl/n144
	u_ctrl/add_40/n16
	u_bf/mult_33/n192
	u_bf/add_re_full[3]
	u_rom/FE_OFN233_twiddle_data_7
	u_ctrl/n148
	u_ctrl/add_40/n17
	u_bf/mult_33/n989
	u_bf/sub_im_full_4_
	u_ctrl/group_idx[8]
	u_ctrl/add_40/FE_RN_1394_0
	u_bf/mult_33/FE_OCPN1780_n1067
	u_bf/sub_23/FE_RN_404_0
	u_ctrl/rem_36/n57
	u_ctrl/add_40/n21
	u_bf/sub_23/FE_RN_157_0
	u_bf/mult_33/FE_OCPN1652_n227
	u_ctrl/rem_36/u_div_SumTmp_5__1__2_
	u_ctrl/add_40/n22
	u_bf/mult_33/FE_RN_1090_0
	u_bf/sub_23/FE_RN_592_0
	u_rom/ext_din_q[0]
	u_ctrl/rem_36/u_div_BInv_5__5_
	u_ctrl/add_40/n27
	u_bf/mult_33/n305
	u_bf/sub_23/FE_RN_158_0
	u_rom/ext_din_q[15]
	u_ctrl/rem_36/FE_OFN1258_n23
	u_ctrl/add_40/FE_RN_89_0
	u_bf/mult_33/FE_OCPN1524_n205
	u_bf/sub_23/FE_RN_137_0
	u_ctrl/rem_36/u_div_BInv_5__7_
	u_ctrl/add_40/n1
	u_bf/sub_23/FE_RN_1004_0
	u_bf/mult_34/n200
	u_rom/ext_din_q[25]
	u_ctrl/rem_36/u_div_BInv_5__8_
	u_bf/mult_34/n203
	u_bf/sub_23/FE_RN_573_0
	u_ctrl/rem_36/n408
	u_ctrl/add_40/n63
	u_bf/mult_34/n211
	u_bf/sub_23/n224
	u_rom/ram_addr_q[3]
	u_ctrl/rem_36/u_div_BInv_7__5_
	u_bf/mult_34/n212
	u_bf/sub_23/FE_RN_1308_0
	u_ctrl/rem_36/n414
	FE_RN_1373_0
	u_bf/sub_23/FE_RN_866_0
	u_bf/mult_34/n216
	u_rom/FE_OFN237_twiddle_data_4
	u_ctrl/rem_36/FE_RN_30_0
	sram_addr_a_int[8]
	u_bf/mult_34/n217
	u_bf/sub_23/FE_RN_545_0
	u_rom/FE_OFN234_twiddle_data_6
	u_ctrl/rem_36/u_div_BInv_3__6_
	sram_addr_a_int[7]
	u_bf/mult_34/n234
	u_bf/sub_23/FE_RN_391_0
	u_ctrl/rem_36/u_div_SumTmp_5__0__2_
	sram_addr_b_int[5]
	u_bf/mult_34/FE_RN_1704_0
	u_bf/sub_23/FE_RN_965_0
	sram_addr_a_mux[6]
	u_bf/sub_23/n28
	u_bf/mult_34/n239
	u_ctrl/rem_36/u_div_u_add_PartRem_2_3/n134
	sram_addr_b_mux[4]
	u_bf/mult_34/n69
	u_bf/sub_23/n37
	u_rom/ext_din_q[1]
	u_ctrl/rem_36/u_div_u_add_PartRem_2_3/n135
	u_bf/mult_34/n1070
	u_rom/ext_din_q[16]
	u_ctrl/rem_36/u_div_u_add_PartRem_2_3/n121
	u_bf/mult_34/n70
	u_bf/sub_23/n62
	u_bf/mult_34/FE_OCPN1799_n52
	u_rom/ext_din_q[26]
	u_ctrl/add_40/FE_RN_52_0
	u_bf/mult_34/n1090
	u_bf/sub_24/n1
	u_ctrl/add_40/n19
	u_bf/mult_34/n1091
	u_bf/sub_24/FE_RN_1795_0
	u_rom/ram_addr_q[4]
	u_ctrl/rem_36/u_div_u_add_PartRem_2_6/n122
	u_ctrl/add_40/n119
	u_bf/mult_34/n97
	u_bf/sub_24/FE_RN_1055_0
	u_ctrl/add_40/n25
	u_bf/sub_24/FE_RN_1054_0
	u_bf/mult_34/FE_RN_24
	u_ctrl/add_40/n108
	u_ctrl/rem_36/u_div_u_add_B3/FE_RN_510_0
	u_ctrl/add_40/n3
	u_bf/mult_34/n926
	u_bf/sub_24/FE_RN_4
	u_rom/ext_din_q[2]
	u_ctrl/rem_36/u_div_u_add_B3/n155
	u_ctrl/add_40/n62
	u_bf/mult_34/FE_RN_1778_0
	u_bf/sub_24/n90
	u_rom/ext_din_q[17]
	u_ctrl/rem_36/u_div_u_add_B3/n158
	u_bf/sub_24/n106
	u_bf/mult_34/n195
	u_ctrl/rem_36/u_div_u_add_B3/n117
	u_bf/mult_34/n196
	u_bf/sub_24/n97
	u_rom/ext_din_q[27]
	u_ctrl/rem_36/u_div_u_add_B3/n119
	FE_RN_1508_0
	u_bf/mult_34/FE_RN_1695_0
	u_rom/ram_addr_q[5]
	u_ctrl/rem_36/u_div_u_add_B3/FE_RN_509_0
	FE_RN_1425_0
	u_bf/mult_34/FE_RN_1777_0
	u_bf/add_21/n1
	sram_addr_a_mux[9]
	u_bf/add_21/n22
	u_bf/mult_34/FE_RN_1645_0
	u_ctrl/rem_36/u_div_u_add_B5/n111
	sram_addr_b_mux[5]
	u_ctrl/rem_36/FE_RN_1529_0
	u_ctrl/rem_36/u_div_u_add_B5/n114
	u_ctrl/add_40/n114
	u_bf/add_21/n92
	u_ctrl/rem_36/n281
	u_ctrl/add_40/FE_RN_62_0
	u_bf/add_21/n93
	u_ctrl/rem_36/n291
	u_ctrl/add_40/n117
	u_bf/add_21/n48
	u_ctrl/rem_36/n132
	u_rom/ext_din_q[3]
	u_ctrl/rem_36/u_div_u_add_B6/n177
	u_ctrl/add_40/FE_RN_64_0
	u_bf/add_21/n112
	u_ctrl/rem_36/FE_RN_38_0
	u_rom/ext_din_q[18]
	u_ctrl/rem_36/u_div_u_add_B6/n124
	u_ctrl/add_40/FE_RN_1395_0
	u_ctrl/rem_36/FE_RN_1493_0
	u_ctrl/rem_36/u_div_u_add_B6/n128
	u_ctrl/add_40/n2
	u_bf/add_22/n63
	u_ctrl/rem_36/n329
	u_rom/ext_din_q[28]
	u_ctrl/rem_36/u_div_u_add_B6/n142
	u_ctrl/rem_36/n334
	u_rom/ram_addr_q[6]
	u_bf/add_22/n70
	u_ctrl/rem_36/FE_RN_1533_0
	u_rom/FE_OFN221_twiddle_data_15
	u_ctrl/rem_36/u_div_u_add_B7/FE_RN_327_0
	sram_addr_a_mux[8]
	u_bf/add_22/n79
	u_ctrl/rem_36/FE_RN_1503_0
	u_ctrl/rem_36/u_div_u_add_B7/FE_RN_434_0
	sram_addr_a_mux[7]
	u_bf/add_22/n22
	u_ctrl/rem_36/FE_RN_1496_0
	u_ctrl/rem_36/u_div_u_add_B7/FE_OFN296_n173
	u_ctrl/read_addr_b[6]
	u_bf/add_22/n29
	u_ctrl/rem_36/FE_RN_40_0
	u_ctrl/rem_36/u_div_u_add_PartRem_1_3/n129
	u_ctrl/add_40/n110
	u_ctrl/div_37/FE_RN_27_0
	u_rom/FE_OFN222_twiddle_data_14
	u_ctrl/rem_36/u_div_u_add_PartRem_1_3/FE_OFN458_u_div_BInv_3__3
	u_bf/add_22/n38
	u_ctrl/div_37/FE_RN_353_0
	u_ctrl/add_40/FE_RN_63_0
	u_bf/add_22/n48
	u_ctrl/div_37/n297
	u_ctrl/rem_36/u_div_u_add_PartRem_1_5/n128
	u_ctrl/add_40/n122
	u_ctrl/div_37/n112
	u_rom/ext_din_q[4]
	u_ctrl/rem_36/u_div_u_add_PartRem_1_5/FE_OFN477_u_div_BInv_5__4
	u_bf/add_22/n54
	u_ctrl/div_37/n322
	u_bf/mult_31/n1010
	u_ctrl/div_37/n326
	u_rom/ext_din_q[19]
	sram_addr_b_int[6]
	u_bf/mult_31/n1011
	u_ctrl/div_37/FE_RN_1374_0
	u_ctrl/read_addr_b[7]
	u_bf/mult_31/n1012
	u_ctrl/div_37/FE_RN_57_0
	u_rom/ext_din_q[29]
	u_ctrl/rem_36/u_div_u_add_PartRem_1_7/n125
	u_bf/mult_31/n1013
	u_ctrl/div_37/n174
	u_rom/ram_addr_q[7]
	u_ctrl/add_40/n123
	u_bf/mult_31/n1015
	u_bf/mult_rr_17_
	u_rom/FE_OFN227_twiddle_data_11
	u_ctrl/rem_36/u_div_u_add_PartRem_0_3/n149
	u_ctrl/add_40/n124
	u_bf/mult_31/n1025
	u_bf/mult_rr_20_
	u_ctrl/rem_36/u_div_u_add_PartRem_0_5/FE_OFN478_u_div_BInv_5__4
	u_bf/mult_31/n1030
	u_bf/mult_ri_13_
	sram_addr_b_int[7]
	u_bf/mult_31/n1036
	u_ctrl/rem_36/u_div_u_add_PartRem_0_5/n152
	sram_addr_b_mux[6]
	u_bf/mult_31/n1038
	u_bf/sub_36/n413
	u_bf/mult_31/n1039
	u_bf/sub_36/n414
	u_rom/FE_OFN228_twiddle_data_10
	u_ctrl/add_40/n111
	u_bf/mult_31/n30
	u_bf/sub_36/n419
	u_ctrl/add_40/n118
	u_bf/mult_31/n1040
	u_bf/sub_36/n420
	u_ctrl/add_40/n120
	u_bf/mult_31/n48
	u_bf/sub_36/n155
	u_rom/ext_din_q[5]
	u_ctrl/rem_36/u_div_u_add_PartRem_0_6/FE_OFN565_u_div_BInv_6__5
	u_ctrl/add_40/n109
	u_bf/mult_31/n1054
	u_bf/sub_36/n156
	u_ctrl/rem_36/u_div_u_add_PartRem_0_7/n190
	u_bf/mult_31/n1063
	u_bf/sub_36/n260
	u_rom/ext_din_q[10]
	sram_addr_b_mux[7]
	u_bf/mult_31/n1064
	u_rom/FE_OFN241_twiddle_data_0
	u_ctrl/rem_36/u_div_u_add_PartRem_0_7/n185
	u_ctrl/add_40/n112
	u_bf/sub_36/n386
	u_rom/ram_addr_q[8]
	u_ctrl/rem_36/u_div_u_add_PartRem_0_7/n207
	u_ctrl/add_40/n121
	u_bf/mult_31/n945
	u_rom/ext_din_q[20]
	u_ctrl/div_37/FE_OFN1200_group_idx_8
	u_bf/mult_31/n946
	u_bf/add_37/n165
	u_ctrl/div_37/n410
	u_ctrl/read_addr_b[8]
	u_bf/mult_31/n988
	u_bf/add_37/n174
	u_ctrl/div_37/FE_OFN1267_n29
	u_ctrl/read_addr_b[9]
	u_bf/mult_31/n989
	u_bf/add_37/n377
	u_ctrl/div_37/u_div_SumTmp_7__1__2_
	u_bf/mult_31/n990
	u_bf/add_37/n378
	u_bf/mult_31/n991
	u_rom/ext_din_q[30]
	u_ctrl/div_37/n114
	sram_addr_b_int[9]
	u_bf/mult_31/FE_RN_594_0
	u_bf/mult_31/n86
	u_rom/n1
	u_ctrl/div_37/n135
	sram_addr_b_int[8]
	u_bf/mult_31/n95
	u_ctrl/div_37/FE_RN_394_0
	u_bf/mult_31/n110
	u_rom/n3
	u_ctrl/div_37/FE_OFN1880_n29
	u_bf/mult_31/FE_RN_429_0
	u_bf/mult_31/n132
	u_ctrl/div_37/FE_RN_567_0
	sram_addr_b_mux[9]
	u_bf/mult_31/n1001
	u_bf/mult_31/n143
	u_rom/ext_din_q[6]
	u_ctrl/div_37/u_div_SumTmp_7__2__2_
	sram_addr_b_mux[8]
	u_bf/mult_32/n1017
	u_bf/mult_31/n156
	u_rom/ext_din_q[11]
	u_ctrl/div_37/u_div_BInv_5__7_
	u_bf/mult_32/n1019
	u_bf/mult_31/n167
	u_rom/ext_din_q[21]
	u_ctrl/div_37/n177
	u_bf/mult_32/n18
	u_bf/mult_31/n176
	u_ctrl/div_37/n379
	u_bf/mult_32/n1027
	u_ctrl/div_37/n381
	u_bf/mult_32/n1028
	u_bf/mult_31/n185
	u_ctrl/div_37/u_div_BInv_6__10_
	u_bf/mult_32/n1029
	u_bf/mult_31/FE_RN_862_0
	u_ctrl/unload_cnt[9]
	u_ctrl/div_37/n394
	u_bf/mult_32/n1030
	u_bf/mult_31/FE_RN_1306_0
	u_ctrl/bf_cnt[7]
	u_ctrl/div_37/u_div_BInv_6__12_
	u_bf/mult_32/n36
	u_bf/mult_31/FE_RN_388_0
	u_ctrl/bf_cnt[8]
	u_bf/mult_32/n1040
	u_bf/mult_31/FE_OCPN1743_n1069
	u_ctrl/div_37/u_div_u_add_PartRem_2_5/n140
	u_bf/mult_32/n1041
	u_bf/mult_32/n208
	u_bf/mult_32/n1042
	u_bf/mult_32/n215
	u_ctrl/div_37/u_div_u_add_PartRem_2_6/n135
	u_bf/mult_32/n1049
	u_bf/mult_32/n220
	u_bf/mult_32/n1051
	u_bf/mult_32/n221
	u_ctrl/div_37/u_div_u_add_PartRem_2_7/n136
	u_bf/mult_32/n1060
	u_bf/mult_32/FE_OCPN1861_n225
	u_ctrl/n106
	u_bf/mult_32/n1061
	u_bf/mult_32/n52
	u_ctrl/n109
	u_ctrl/div_37/u_div_u_add_B3/FE_RN_335_0
	u_bf/mult_32/n1062
	u_bf/mult_32/n53
	u_ctrl/div_37/u_div_u_add_B3/FE_RN_113_0
	u_bf/mult_32/FE_OCPN1164_n
	u_ctrl/n118
	u_ctrl/div_37/u_div_u_add_B3/n150
	u_bf/mult_32/n1091
	u_bf/mult_32/n65
	u_ctrl/n119
	u_ctrl/div_37/u_div_u_add_B3/FE_RN_355_0
	u_bf/mult_32/n1092
	u_bf/mult_32/n66
	u_ctrl/n3
	u_ctrl/div_37/u_div_u_add_B3/n153
	u_bf/mult_32/FE_RN_20
	u_bf/mult_32/n1098
	u_ctrl/n5
	u_ctrl/div_37/u_div_u_add_B3/FE_RN_1370_0
	u_bf/mult_32/n933
	u_bf/mult_32/FE_OFN402_n995
	u_ctrl/load_cnt[0]
	u_ctrl/div_37/u_div_u_add_B3/FE_RN_336_0
	u_bf/mult_32/FE_RN_968_0
	u_bf/mult_32/FE_RN_677_0
	u_ctrl/n120
	u_ctrl/div_37/u_div_u_add_B5/n120
	u_bf/mult_32/FE_OFN403_n996
	u_bf/mult_32/n158
	u_ctrl/n121
	u_ctrl/div_37/u_div_u_add_B5/n185
	u_bf/mult_32/FE_OFN404_n997
	u_bf/mult_32/n169
	u_ctrl/state[0]
	u_bf/mult_32/n989
	u_bf/mult_32/n179
	u_ctrl/unload_cnt[0]
	u_ctrl/div_37/u_div_u_add_B5/FE_RN_537_0
	u_bf/mult_32/n990
	u_bf/mult_32/FE_OCPN1483_n205
	u_ctrl/load_cnt[1]
	u_ctrl/div_37/u_div_u_add_B5/FE_RN_1400_0
	u_bf/mult_32/n991
	u_bf/mult_32/n191
	u_ctrl/state[1]
	u_bf/mult_32/n998
	u_bf/mult_32/n192
	u_ctrl/unload_cnt[1]
	u_ctrl/div_37/u_div_u_add_B6/n121
	u_bf/mult_32/FE_RN_1098_0
	u_bf/mult_32/n823
	u_ctrl/load_cnt[2]
	u_ctrl/div_37/u_div_u_add_B6/n140
	u_bf/mult_32/FE_OCPN1561_n178
	u_bf/mult_32/FE_RN_907_0
	u_ctrl/bf_cnt[0]
	u_bf/mult_32/FE_OCPN1719_n223
	u_ctrl/unload_cnt[2]
	u_ctrl/div_37/u_div_u_add_B6/FE_RN_542_0
	u_bf/mult_32/FE_OFN435_n926
	u_bf/mult_32/n301
	u_ctrl/load_cnt[3]
	u_ctrl/div_37/u_div_u_add_B7/FE_RN_1412_0
	u_bf/mult_32/n305
	u_ctrl/bf_cnt[1]
	u_ctrl/div_37/u_div_u_add_B7/n184
	u_bf/mult_32/n306
	u_ctrl/unload_cnt[3]
	u_ctrl/div_37/u_div_u_add_B7/n136
	u_bf/mult_32/n307
	u_ctrl/load_cnt[4]
	u_ctrl/div_37/u_div_u_add_B7/n148
	u_bf/mult_32/FE_RN_966_0
	u_ctrl/bf_cnt[2]
	u_ctrl/div_37/u_div_u_add_B7/FE_RN_1386_0
	u_bf/mult_32/n1005
	u_bf/mult_32/FE_OFN1248_n189
	u_ctrl/unload_cnt[4]
	u_ctrl/div_37/u_div_u_add_PartRem_1_1/n118
	u_bf/mult_32/n1006
	u_bf/mult_32/FE_RN_3
	u_ctrl/load_cnt[5]
	u_ctrl/div_37/u_div_u_add_PartRem_1_3/n166
	u_bf/mult_32/FE_RN_8
	u_ctrl/div_37/u_div_u_add_PartRem_1_3/n148
	u_bf/mult_33/n204
	u_bf/mult_33/n1016
	u_ctrl/compute_phase
	u_ctrl/div_37/u_div_u_add_PartRem_1_3/n131
	u_bf/mult_33/n1029
	u_bf/mult_33/n208
	u_ctrl/unload_cnt[5]
	u_bf/mult_33/n1034
	u_bf/mult_33/n213
	u_ctrl/bf_cnt[3]
	u_ctrl/div_37/u_div_u_add_PartRem_1_7/n131
	u_bf/mult_33/n1042
	u_bf/mult_33/n51
	u_ctrl/load_cnt[6]
	u_bf/mult_33/n66
	u_bf/mult_33/n1044
	u_bf/mult_33/n68
	u_bf/mult_33/n1045
	u_ctrl/unload_cnt[6]
	u_bf/mult_33/n87
	u_bf/mult_33/n1046
	u_ctrl/bf_cnt[4]
	u_bf/FE_OCPN1284_FE_OFN526_sub_im_full_11
	u_bf/mult_33/n1047
	u_bf/mult_33/FE_RN_659_0
	u_ctrl/load_cnt[7]
	u_bf/mult_ii_1_
	u_bf/mult_33/FE_RN_953_0
	u_bf/mult_33/n1048
	u_bf/FE_OCPN1285_FE_OFN526_sub_im_full_11
	u_bf/mult_33/n1059
	u_ctrl/unload_cnt[7]
	u_bf/mult_33/n933
	u_bf/mult_33/n1064
	u_ctrl/bf_cnt[5]
	u_bf/mult_31/n601
	u_bf/mult_33/n1074
	u_bf/mult_33/FE_RN_1341_0
	u_ctrl/load_cnt[8]
	u_bf/mult_31/n602
	u_bf/mult_33/FE_RN_661_0
	u_bf/mult_33/n1075
	u_ctrl/unload_cnt[8]
	u_bf/mult_31/n611
	u_bf/mult_33/FE_RN_1303_0
	u_bf/mult_33/n1076
	u_ctrl/bf_cnt[6]
	u_bf/mult_31/n612
	u_bf/mult_33/FE_RN_955_0
	u_bf/mult_33/n1081
	u_ctrl/load_cnt[9]
	u_bf/mult_31/n617
	u_bf/mult_33/FE_RN_1674_0
	u_bf/mult_34/n205
	u_bf/mult_31/n618
	u_bf/mult_34/n206
	u_bf/mult_33/n969
	u_bf/mult_31/n619
	u_bf/mult_34/FE_OCPN2039_n217
	u_bf/mult_33/n984
	u_bf/mult_31/n622
	u_bf/mult_34/n229
	u_bf/mult_33/n985
	u_bf/mult_31/n626
	u_bf/mult_33/n986
	u_bf/mult_34/n232
	u_bf/mult_31/n627
	u_bf/mult_34/FE_RN_1059_0
	u_bf/mult_33/n987
	u_bf/mult_31/n640
	u_bf/mult_34/FE_RN_1779_0
	u_bf/mult_33/FE_RN_486_0
	u_bf/mult_31/n641
	u_bf/mult_34/n87
	u_bf/mult_31/n642
	u_bf/mult_33/n821
	u_bf/mult_34/n88
	u_bf/mult_31/FE_RN_1029_0
	u_bf/mult_34/n96
	u_bf/mult_33/n823
	u_bf/mult_31/n657
	u_bf/mult_34/FE_OCPN1849_n212
	u_bf/mult_31/FE_RN_1749_0
	u_bf/mult_34/FE_RN_1696_0
	u_bf/mult_31/n83
	u_bf/mult_34/n942
	u_bf/mult_31/n670
	u_bf/mult_34/n943
	u_bf/mult_31/n281
	u_bf/mult_34/FE_OCPN1803_n239
	u_bf/mult_31/n282
	u_bf/mult_34/n193
	u_bf/mult_31/n288
	u_bf/mult_33/n715
	u_bf/mult_34/n194
	u_bf/mult_31/n687
	u_bf/mult_34/FE_OCPN1557_n200
	u_bf/mult_31/FE_RN_446_0
	u_bf/mult_34/FE_OCPN1833_n1090
	u_bf/mult_31/n511
	u_bf/mult_34/FE_OCPN1838_n196
	u_bf/mult_31/n512
	u_bf/mult_34/FE_RN_1057_0
	u_bf/mult_31/FE_RN_595_0
	u_bf/mult_34/n302
	u_bf/mult_31/n521
	u_bf/mult_34/n305
	u_bf/mult_31/n522
	u_bf/mult_34/FE_OCPN1159_n1091
	u_bf/mult_31/n527
	u_bf/mult_33/n1001
	u_bf/mult_34/FE_RN_2
	u_bf/mult_31/n528
	u_bf/mult_34/FE_OCPN1587_n211
	u_bf/mult_33/n1008
	u_bf/mult_31/FE_OFN1919_n969
	u_bf/mult_34/n1011
	u_ctrl/rem_36/n279
	u_bf/mult_31/n539
	u_bf/mult_34/n1013
	u_ctrl/rem_36/n289
	u_bf/mult_31/FE_RN_494_0
	u_bf/mult_34/n1019
	u_ctrl/rem_36/FE_RN_1528_0
	u_bf/mult_31/n540
	u_bf/mult_34/n1020
	u_ctrl/rem_36/FE_RN_1505_0
	u_bf/mult_31/n543
	u_bf/mult_34/n1022
	u_ctrl/rem_36/FE_RN_1534_0
	u_bf/mult_31/n544
	u_bf/mult_34/n1026
	u_ctrl/rem_36/n327
	u_bf/mult_31/n545
	u_ctrl/rem_36/n332
	u_bf/mult_31/n546
	u_bf/mult_34/n1037
	u_ctrl/div_37/FE_RN_395_0
	u_bf/mult_31/n552
	u_bf/mult_34/n1041
	u_ctrl/div_37/n290
	u_bf/mult_31/n553
	u_bf/mult_34/n1042
	u_ctrl/div_37/n291
	u_bf/mult_31/n556
	u_bf/mult_34/n1043
	u_ctrl/div_37/n320
	u_bf/mult_31/n562
	u_bf/mult_34/n1044
	u_ctrl/div_37/FE_RN_1685_0
	u_bf/mult_31/n568
	u_bf/mult_34/n1055
	u_bf/mult_rr_18_
	u_bf/mult_31/n569
	u_bf/mult_34/n1056
	u_bf/mult_rr_19_
	u_bf/mult_31/n572
	u_bf/mult_34/n1057
	u_bf/mult_ri_14_
	u_bf/mult_31/n574
	u_bf/mult_34/n1058
	u_bf/mult_ri_15_
	u_bf/mult_31/n575
	u_bf/mult_34/FE_OFN394_n1022
	u_bf/mult_rr_30_
	u_bf/mult_31/n576
	u_bf/mult_34/n1060
	u_bf/mult_ri_16_
	u_bf/mult_31/n577
	u_bf/mult_34/n1061
	u_bf/mult_31/n578
	u_bf/mult_34/n1068
	u_bf/sub_36/n158
	u_bf/mult_31/n588
	u_bf/mult_34/n1079
	u_bf/sub_36/n159
	u_bf/mult_31/n589
	u_bf/sub_36/n162
	u_bf/mult_31/n403
	u_bf/mult_34/n932
	u_bf/sub_36/n163
	u_bf/mult_31/n404
	u_bf/mult_34/n944
	u_bf/sub_36/FE_RN_751_0
	u_bf/mult_31/n431
	u_bf/mult_31/FE_RN_1669_0
	u_bf/mult_34/FE_OFN433_n1083
	u_bf/mult_31/n455
	u_bf/mult_34/FE_OFN391_n1008
	u_bf/mult_31/n456
	u_bf/mult_31/n457
	u_bf/mult_34/n1110
	u_bf/add_37/n162
	u_bf/mult_31/n458
	u_bf/mult_34/FE_OFN392_n1009
	u_bf/add_37/n163
	u_bf/mult_31/n467
	u_bf/mult_31/n468
	u_bf/mult_34/FE_OCPN1860_n1078
	u_bf/mult_31/FE_RN_1103_0
	u_bf/mult_31/n479
	u_bf/mult_31/FE_RN_834_0
	u_bf/mult_31/n480
	u_bf/mult_34/FE_OFN393_n1010
	u_bf/mult_31/FE_RN_345_0
	u_bf/mult_31/FE_RN_765_0
	u_bf/mult_34/n1001
	u_bf/mult_31/FE_RN_1043_0
	u_bf/mult_31/FE_RN_1325_0
	u_bf/mult_31/FE_RN_1330_0
	u_bf/mult_31/FE_RN_444_0
	u_bf/mult_31/FE_RN_740_0
	u_bf/mult_31/n497
	u_bf/mult_31/n121
	u_bf/mult_31/n498
	u_bf/mult_31/n921
	u_bf/mult_31/FE_RN_1258_0
	u_bf/mult_31/n923
	u_bf/mult_31/n704
	u_bf/mult_31/FE_RN_91_0
	u_bf/mult_31/n719
	u_bf/mult_31/FE_RN_400_0
	u_bf/mult_31/FE_RN_425_0
	u_bf/mult_31/n321
	FE_RN_1490_0
	u_bf/mult_31/n327
	FE_RN_1423_0
	u_bf/mult_31/n721
	u_bf/mult_31/FE_RN_742_0
	u_bf/mult_31/n725
	u_bf/mult_31/FE_RN_339_0
	u_bf/mult_31/n337
	u_bf/mult_32/n219
	u_bf/mult_31/FE_RN_1239_0
	u_bf/mult_32/n224
	u_bf/mult_31/FE_RN_753_0
	u_bf/mult_32/n64
	u_bf/mult_31/n759
	u_bf/mult_32/n68
	u_bf/mult_31/n763
	u_bf/mult_32/n69
	u_bf/mult_31/n769
	u_bf/mult_32/FE_RN_722_0
	bf_y0_re[2]
	u_bf/mult_31/n370
	u_bf/mult_32/n70
	bf_y0_im[7]
	u_bf/mult_31/n379
	bf_y0_im[6]
	u_bf/mult_32/n96
	u_bf/mult_31/n772
	u_bf/mult_32/n97
	bf_y0_im[5]
	u_bf/mult_31/n380
	u_bf/mult_32/FE_RN_23
	bf_y0_im[4]
	u_bf/mult_31/FE_RN_1324_0
	u_bf/mult_32/n112
	bf_y0_im[3]
	u_bf/mult_31/n786
	bf_y0_im[2]
	u_bf/mult_32/n122
	u_bf/mult_31/n787
	u_bf/mult_32/n123
	bf_y0_im[1]
	u_bf/mult_31/n392
	u_bf/mult_32/n133
	bf_y0_im[0]
	u_bf/mult_31/n797
	u_bf/mult_32/n134
	u_bf/mult_32/n600
	u_bf/mult_32/n930
	u_bf/mult_32/n144
	u_bf/mult_32/FE_RN_1301_0
	u_bf/mult_32/n145
	u_bf/mult_32/n617
	u_bf/mult_32/n157
	u_rom/FE_OFN1124_n
	u_ctrl/n26
	u_bf/mult_32/n168
	u_bf/mult_32/FE_RN_1193_0
	u_bf/mult_32/n198
	u_ctrl/n35
	u_bf/mult_32/n644
	u_bf/mult_32/n199
	u_ctrl/n37
	u_bf/mult_32/FE_RN_1197_0
	u_bf/mult_33/FE_OFN1953_n1070
	u_ctrl/FE_OFN248_n161
	u_bf/mult_32/FE_RN_890_0
	u_bf/mult_33/n1070
	u_bf/mult_32/FE_RN_1637_0
	u_bf/mult_33/FE_RN_531_0
	u_ctrl/n73
	u_bf/mult_32/FE_RN_1745_0
	u_ctrl/n2
	u_bf/mult_32/FE_RN_1241_0
	u_ctrl/N62
	u_bf/mult_32/n667
	u_ctrl/FE_OFN418_n105
	u_bf/mult_33/FE_RN_863_0
	u_bf/mult_32/n669
	u_ctrl/N80
	u_bf/mult_32/n1088
	u_bf/mult_33/n198
	u_ctrl/N102
	u_bf/mult_32/FE_RN_1215_0
	u_bf/mult_33/n199
	u_bf/mult_32/n671
	u_ctrl/FE_RN_1894_0
	u_bf/mult_33/FE_RN_530_0
	u_bf/mult_32/n678
	u_bf/mult_33/n1102
	u_ctrl/n560
	u_bf/mult_32/n281
	u_bf/mult_33/FE_OFN399_n1069
	u_ctrl/n760
	u_bf/mult_32/n282
	u_bf/mult_33/FE_RN_865_0
	u_ctrl/FE_OFN442_n238
	u_bf/mult_32/n287
	u_bf/mult_33/FE_RN_734_0
	u_bf/mult_32/n684
	u_bf/mult_34/n215
	u_ctrl/add_103/carry[7]
	u_bf/mult_32/n685
	u_bf/mult_34/n230
	u_ctrl/add_108/carry[9]
	u_bf/mult_32/n686
	u_bf/mult_34/n65
	u_bf/mult_32/n688
	u_bf/mult_34/n68
	u_bf/mult_32/FE_RN_1756_0
	u_bf/mult_34/n72
	u_bf/mult_32/FE_OCPN1315_sub_im_full_9
	u_bf/mult_34/FE_RN_16
	u_ctrl/rem_36/n203
	u_bf/mult_32/FE_OCPN1274_n958
	u_bf/mult_34/n918
	u_ctrl/rem_36/n16
	u_bf/mult_32/FE_RN_21
	u_ctrl/rem_36/n17
	u_bf/mult_34/FE_OCPN2001_n943
	u_bf/mult_32/FE_PSN2050_n778
	u_bf/mult_34/n191
	u_ctrl/rem_36/u_div_SumTmp_1__1__0_
	u_bf/mult_32/n517
	u_bf/mult_34/n192
	u_ctrl/rem_36/n33
	u_bf/mult_32/n518
	u_bf/mult_34/n198
	u_ctrl/rem_36/n34
	u_bf/mult_32/FE_RN_1338_0
	u_ctrl/rem_36/n35
	u_bf/mult_34/n303
	u_bf/mult_32/FE_RN_1121_0
	u_bf/mult_34/n304
	u_ctrl/rem_36/n36
	u_bf/mult_32/n521
	u_bf/mult_34/FE_OCPN1842_n205
	u_ctrl/rem_36/n37
	u_bf/mult_32/n522
	u_bf/mult_34/FE_OCPN1994_n206
	u_ctrl/rem_36/u_div_SumTmp_4__2__2_
	u_bf/mult_32/FE_RN_599_0
	u_ctrl/rem_36/n46
	u_ctrl/rem_36/FE_RN_32_0
	u_bf/mult_32/n527
	u_ctrl/rem_36/n60
	u_ctrl/rem_36/FE_RN_35_0
	u_bf/mult_32/n528
	u_ctrl/rem_36/n63
	u_ctrl/rem_36/FE_RN_1494_0
	u_bf/mult_32/FE_RN_1267_0
	u_ctrl/rem_36/n64
	u_ctrl/rem_36/FE_RN_34_0
	u_bf/mult_32/n547
	u_ctrl/rem_36/n68
	u_ctrl/rem_36/FE_RN_1642_0
	u_bf/mult_32/FE_RN_785_0
	u_ctrl/rem_36/u_div_SumTmp_2__0__1_
	u_ctrl/rem_36/FE_RN_1497_0
	u_bf/mult_32/FE_RN_893_0
	u_ctrl/rem_36/n80
	u_ctrl/div_37/FE_RN_46_0
	u_bf/mult_32/FE_RN_1319_0
	u_ctrl/rem_36/u_div_SumTmp_1__2__0_
	u_ctrl/div_37/FE_RN_311_0
	u_bf/mult_32/n561
	u_ctrl/rem_36/n536
	u_ctrl/div_37/n118
	u_bf/mult_32/n562
	u_ctrl/rem_36/u_div_SumTmp_3__0__0_
	u_ctrl/div_37/FE_RN_47_0
	u_bf/mult_32/n563
	u_ctrl/rem_36/u_div_SumTmp_7__0__0_
	u_bf/mult_32/n568
	u_ctrl/rem_36/n181
	u_bf/mult_ii_14_
	u_bf/mult_32/n961
	u_ctrl/rem_36/n182
	u_bf/mult_ri_20_
	u_bf/mult_32/n577
	u_ctrl/rem_36/n190
	u_bf/mult_ir_12_
	u_bf/mult_32/FE_OFN1961_n960
	u_ctrl/rem_36/FE_OFN567_u_div_BInv_7__1
	u_bf/mult_rr_21_
	u_bf/mult_32/n580
	u_ctrl/rem_36/u_div_SumTmp_2__2__1_
	u_bf/mult_rr_22_
	u_bf/mult_32/n584
	u_ctrl/rem_36/u_div_SumTmp_3__1__0_
	u_bf/mult_rr_23_
	u_bf/mult_32/n594
	u_ctrl/rem_36/u_div_SumTmp_7__1__0_
	u_bf/mult_rr_25_
	u_bf/mult_32/n595
	u_ctrl/rem_36/n2
	u_bf/mult_rr_29_
	u_bf/mult_32/n596
	u_ctrl/rem_36/FE_OFN423_u_div_BInv_6__2
	u_bf/mult_ri_17_
	u_bf/mult_32/FE_OCPN1314_sub_im_full_9
	u_ctrl/rem_36/u_div_SumTmp_3__2__0_
	u_bf/mult_32/n418
	u_ctrl/rem_36/u_div_SumTmp_7__2__0_
	u_bf/mult_32/n431
	u_ctrl/rem_36/FE_RN_1526_0
	u_bf/mult_32/n432
	u_ctrl/rem_36/u_div_SumTmp_1__0__0_
	u_bf/sub_36/n153
	u_bf/mult_32/FE_OFN1883_n957
	u_ctrl/rem_36/u_div_SumTmp_4__1__2_
	u_bf/sub_36/n154
	u_bf/mult_32/n457
	u_bf/mult_32/n458
	u_bf/sub_36/n174
	u_bf/mult_32/FE_OFN1964_n977
	u_bf/mult_32/n479
	u_bf/mult_32/FE_OFN1910_n961
	u_ctrl/rem_36/u_div_u_add_PartRem_2_1/n99
	u_bf/mult_32/n480
	u_bf/mult_32/n497
	u_bf/add_37/n161
	u_bf/mult_32/n498
	u_ctrl/rem_36/u_div_u_add_PartRem_2_2/n92
	u_bf/mult_31/FE_RN_1331_0
	u_bf/mult_32/FE_OFN1911_n969
	u_ctrl/rem_36/u_div_u_add_PartRem_2_2/n93
	u_bf/mult_32/n702
	u_ctrl/rem_36/u_div_u_add_PartRem_2_2/n94
	u_bf/mult_32/n703
	u_bf/mult_32/n705
	u_bf/mult_32/FE_OFN1885_n976
	u_ctrl/rem_36/u_div_u_add_PartRem_2_3/n130
	u_bf/mult_31/FE_RN_1096_0
	u_bf/mult_32/n708
	u_ctrl/rem_36/u_div_u_add_PartRem_2_3/n131
	u_bf/mult_32/n712
	u_ctrl/rem_36/u_div_u_add_PartRem_2_3/n129
	u_bf/mult_31/n924
	u_bf/mult_32/FE_RN_1765_0
	u_bf/mult_31/FE_RN_835_0
	u_bf/mult_32/n722
	u_bf/mult_32/n218
	u_bf/mult_32/n737
	u_bf/mult_32/FE_RN_1156_0
	u_bf/mult_32/FE_OCPN1820_n977
	u_bf/mult_32/n1047
	u_bf/mult_32/n744
	u_bf/mult_32/FE_RN_17
	u_bf/mult_32/n745
	u_bf/mult_32/FE_RN_1662_0
	u_bf/mult_32/FE_RN_1164_0
	u_ctrl/rem_36/u_div_u_add_PartRem_2_5/n122
	u_bf/mult_32/FE_RN_402_0
	u_ctrl/rem_36/u_div_u_add_PartRem_2_5/n129
	u_bf/mult_32/n946
	u_bf/mult_32/FE_OCPN1734_FE_OFN583_n945
	u_bf/mult_32/FE_RN_1221_0
	u_bf/mult_32/n753
	u_bf/mult_32/FE_RN_963_0
	u_ctrl/rem_36/u_div_u_add_PartRem_2_6/n134
	u_bf/mult_32/n763
	u_bf/mult_32/FE_RN_7
	u_ctrl/rem_36/u_div_u_add_PartRem_2_6/n135
	u_bf/mult_32/n769
	u_bf/mult_32/n770
	u_bf/mult_33/FE_RN_1010_0
	u_bf/mult_32/n771
	u_bf/mult_33/n1068
	u_ctrl/rem_36/u_div_u_add_PartRem_2_7/n129
	u_bf/mult_32/n776
	u_bf/mult_33/FE_RN_864_0
	u_bf/mult_32/n780
	u_ctrl/rem_36/u_div_u_add_B3/n171
	u_bf/mult_33/FE_PSN2053_FE_OFN399_n1069
	u_bf/mult_32/FE_RN_1
	u_bf/mult_33/n156
	u_ctrl/rem_36/u_div_u_add_B3/n177
	u_bf/mult_32/n788
	u_bf/mult_33/n167
	u_ctrl/rem_36/u_div_u_add_B3/n179
	u_bf/mult_32/FE_RN_1619_0
	u_bf/mult_33/n176
	u_ctrl/rem_36/u_div_u_add_B3/FE_OFN424_n48
	u_bf/mult_32/n793
	u_ctrl/rem_36/u_div_u_add_B3/n182
	u_bf/mult_32/n795
	u_bf/mult_33/n988
	u_ctrl/rem_36/u_div_u_add_B3/n130
	u_bf/mult_32/n797
	u_bf/mult_33/n197
	u_ctrl/rem_36/u_div_u_add_B3/n194
	u_bf/mult_33/n1020
	u_bf/mult_33/FE_RN_1289_0
	u_bf/mult_33/n609
	u_ctrl/rem_36/u_div_u_add_B3/n147
	u_bf/mult_33/FE_RN_1015_0
	u_bf/mult_33/n611
	u_bf/mult_34/n208
	u_bf/mult_33/n612
	u_bf/mult_34/FE_RN_958_0
	u_ctrl/rem_36/u_div_u_add_B3/n150
	u_bf/mult_33/n618
	u_bf/mult_34/n228
	u_bf/mult_33/n619
	u_ctrl/rem_36/u_div_u_add_B3/n160
	u_bf/mult_34/n235
	u_bf/mult_33/n622
	u_bf/mult_34/n66
	u_bf/mult_33/FE_RN_961_0
	u_bf/mult_34/n67
	u_ctrl/rem_36/u_div_u_add_B5/n162
	u_bf/mult_33/n636
	u_bf/mult_34/n71
	u_bf/mult_33/FE_RN_1708_0
	u_bf/mult_34/FE_RN_10
	u_bf/mult_33/n643
	u_bf/mult_34/FE_RN_1226_0
	u_ctrl/rem_36/u_div_u_add_B5/n148
	u_bf/mult_33/n644
	u_ctrl/rem_36/u_div_u_add_B5/n123
	u_bf/mult_33/n653
	u_bf/mult_34/FE_RN_956_0
	u_ctrl/rem_36/u_div_u_add_B5/n125
	u_bf/mult_33/n656
	u_ctrl/rem_36/n277
	u_bf/mult_33/n657
	u_ctrl/rem_36/u_div_u_add_B5/n131
	u_ctrl/rem_36/n278
	u_bf/mult_33/n658
	u_ctrl/rem_36/u_div_u_add_B5/n133
	u_ctrl/rem_36/u_div_PartRem_2__3_
	u_bf/mult_33/n659
	u_ctrl/rem_36/u_div_u_add_B5/n137
	u_ctrl/rem_36/FE_RN_1903_0
	u_bf/mult_33/n660
	u_bf/mult_33/n661
	u_ctrl/div_37/n318
	u_bf/mult_33/n667
	u_ctrl/rem_36/u_div_u_add_B6/n130
	u_ctrl/div_37/n345
	u_bf/mult_33/n83
	u_ctrl/rem_36/u_div_u_add_B6/n132
	u_ctrl/div_37/FE_OFN267_n118
	u_bf/mult_33/n670
	u_bf/mult_33/n678
	u_ctrl/div_37/u_div_u_add_PartRem_1_6/n144
	u_bf/mult_33/n281
	u_ctrl/div_37/u_div_u_add_PartRem_1_6/n145
	u_bf/mult_33/n282
	u_ctrl/rem_36/u_div_u_add_B6/n154
	u_ctrl/div_37/u_div_u_add_PartRem_1_6/FE_RN_1
	u_bf/mult_33/FE_RN_1323_0
	u_bf/mult_ii_15_
	u_bf/mult_33/n288
	u_ctrl/rem_36/u_div_u_add_B6/n160
	u_bf/mult_ir_14_
	u_bf/mult_33/n695
	u_bf/mult_rr_24_
	u_bf/mult_33/FE_RN_849_0
	u_ctrl/rem_36/u_div_u_add_B6/n162
	u_bf/mult_rr_26_
	u_bf/mult_33/FE_RN_196_0
	u_ctrl/rem_36/u_div_u_add_B6/n164
	u_bf/mult_rr_27_
	u_bf/mult_33/n521
	u_ctrl/rem_36/u_div_u_add_B6/n167
	u_bf/mult_rr_28_
	u_bf/mult_33/n522
	u_ctrl/rem_36/u_div_u_add_B6/n115
	u_bf/mult_33/n527
	u_ctrl/rem_36/u_div_u_add_B6/n119
	u_bf/sub_36/n258
	u_bf/mult_33/n528
	u_bf/sub_36/n161
	u_bf/mult_33/FE_OFN1951_n968
	u_ctrl/rem_36/u_div_u_add_B7/FE_OFN1928_n38
	u_bf/mult_33/n534
	u_ctrl/rem_36/u_div_u_add_B7/FE_RN_433_0
	u_bf/mult_33/FE_RN_1707_0
	u_bf/mult_33/n540
	u_ctrl/rem_36/u_div_u_add_B7/n185
	u_bf/mult_33/n543
	u_ctrl/rem_36/u_div_u_add_B7/n187
	u_bf/add_37/n158
	u_bf/mult_33/n552
	u_ctrl/rem_36/u_div_u_add_B7/FE_RN_431_0
	u_bf/add_37/n159
	u_bf/mult_33/n553
	u_ctrl/rem_36/u_div_u_add_B7/n190
	u_bf/mult_33/n556
	u_bf/add_37/FE_OCPN1648_mult_ri_20
	u_bf/mult_33/FE_RN_1270_0
	u_ctrl/rem_36/u_div_u_add_B7/n195
	u_bf/mult_33/n568
	u_ctrl/rem_36/u_div_u_add_B7/n149
	u_bf/mult_33/n576
	u_bf/mult_33/n577
	u_ctrl/rem_36/u_div_u_add_B7/n158
	u_bf/mult_33/FE_RN_292_0
	u_bf/mult_32/n204
	u_bf/mult_33/n585
	u_ctrl/rem_36/u_div_u_add_B7/n162
	u_bf/mult_32/n213
	u_bf/mult_33/n593
	u_ctrl/rem_36/u_div_u_add_B7/FE_OFN522_n226
	u_bf/mult_32/n1056
	u_bf/mult_33/n594
	u_bf/mult_32/n87
	u_bf/mult_33/n595
	u_bf/mult_32/n88
	u_bf/mult_33/n598
	u_bf/mult_32/n1090
	u_ctrl/rem_36/u_div_u_add_PartRem_1_1/n144
	u_sram/din_a_q[18]
	u_bf/mult_33/n599
	u_bf/mult_32/n111
	u_bf/mult_33/FE_RN_314_0
	u_sram/din_a_q[28]
	u_bf/mult_33/FE_RN_1762_0
	u_bf/mult_32/n167
	u_sram/din_b_q[2]
	u_bf/mult_33/FE_RN_851_0
	u_bf/mult_32/FE_RN_1099_0
	u_bf/mult_33/n431
	u_bf/mult_32/n197
	u_ctrl/rem_36/u_div_u_add_PartRem_1_2/n97
	u_bf/mult_33/FE_RN_859_0
	u_bf/mult_32/FE_RN_1060_0
	u_sram/din_b_q[17]
	u_bf/mult_33/n432
	u_bf/mult_32/FE_RN_2
	u_sram/addr_b_q[7]
	u_bf/mult_33/n443
	u_bf/mult_32/FE_RN_6
	u_bf/mult_33/n444
	u_bf/mult_33/FE_RN_1290_0
	u_sram/din_a_q[0]
	u_bf/mult_33/FE_RN_497_0
	u_ctrl/rem_36/u_div_u_add_PartRem_1_3/n126
	u_bf/mult_33/n95
	u_bf/mult_33/FE_RN_1665_0
	u_bf/mult_33/FE_RN_1077_0
	u_ctrl/rem_36/u_div_u_add_PartRem_1_3/n154
	u_bf/mult_33/FE_RN_1601_0
	u_bf/mult_33/n110
	u_sram/addr_a_q[5]
	u_bf/mult_33/n457
	u_bf/mult_33/n121
	u_ctrl/rem_36/u_div_u_add_PartRem_1_4/n110
	u_bf/mult_33/n458
	u_bf/mult_33/FE_RN_382_0
	u_sram/din_b_q[27]
	u_bf/mult_33/FE_RN_437_0
	u_bf/mult_33/n132
	u_sram/din_a_q[19]
	u_bf/mult_33/FE_OCPN1760_n771
	u_bf/mult_33/FE_OCPN1596_n1102
	u_sram/din_a_q[29]
	u_bf/mult_33/FE_RN_224_0
	u_bf/mult_33/FE_RN_1016_0
	u_ctrl/rem_36/u_div_u_add_PartRem_1_5/n154
	u_sram/din_b_q[3]
	u_bf/mult_33/FE_OCPN1817_n760
	u_ctrl/rem_36/u_div_u_add_PartRem_1_5/n155
	u_bf/mult_33/FE_RN_1598_0
	u_bf/mult_33/FE_RN_470_0
	u_bf/mult_33/FE_RN_735_0
	u_sram/din_b_q[18]
	u_bf/mult_33/n479
	u_bf/mult_33/FE_RN_660_0
	u_ctrl/rem_36/u_div_u_add_PartRem_1_6/n156
	u_sram/addr_b_q[8]
	u_bf/mult_33/n480
	u_bf/mult_33/FE_RN_1011_0
	u_ctrl/rem_36/u_div_u_add_PartRem_1_6/n157
	u_sram/din_a_q[1]
	u_bf/mult_33/FE_RN_201_0
	u_bf/mult_33/FE_RN_257_0
	u_bf/mult_33/n708
	u_bf/mult_33/FE_RN_309_0
	u_ctrl/rem_36/u_div_u_add_PartRem_1_7/n156
	u_bf/mult_33/FE_RN_198_0
	u_bf/mult_34/n219
	u_bf/mult_33/n721
	u_bf/mult_34/FE_RN_1555_0
	u_sram/addr_a_q[6]
	u_bf/mult_33/n723
	u_ctrl/rem_36/u_div_u_add_PartRem_0_1/n120
	u_bf/mult_34/FE_RN_662_0
	u_bf/mult_33/FE_RN_1299_0
	u_bf/mult_34/FE_RN_1050_0
	u_sram/din_b_q[28]
	u_bf/mult_33/FE_RN_641_0
	u_bf/mult_34/n934
	u_ctrl/rem_36/u_div_u_add_PartRem_0_1/n152
	u_bf/mult_33/n735
	u_sram/din_a_q[10]
	u_bf/mult_33/n736
	u_bf/mult_34/n941
	u_bf/mult_33/n740
	u_bf/mult_34/n199
	u_ctrl/rem_36/u_div_u_add_PartRem_0_2/n149
	u_sram/din_b_q[4]
	u_bf/mult_33/n741
	u_bf/mult_34/FE_RN_1553_0
	u_ctrl/rem_36/u_div_u_add_PartRem_0_2/n120
	u_bf/mult_33/n351
	u_bf/mult_34/FE_RN_664_0
	u_sram/din_a_q[20]
	u_bf/mult_33/n758
	u_ctrl/rem_36/u_div_u_add_PartRem_0_2/n155
	u_bf/mult_34/FE_RN_1052_0
	u_sram/din_b_q[19]
	u_bf/mult_33/n759
	u_bf/mult_34/FE_RN_9
	u_sram/addr_b_q[9]
	u_bf/mult_33/n769
	u_ctrl/rem_36/u_div_u_add_PartRem_0_3/n192
	u_ctrl/rem_36/n255
	u_bf/mult_33/FE_RN_365_0
	u_ctrl/rem_36/u_div_u_add_PartRem_0_3/n146
	u_ctrl/rem_36/n154
	u_sram/din_a_q[2]
	u_bf/mult_33/n772
	u_ctrl/rem_36/n159
	u_bf/mult_33/FE_RN_1675_0
	u_ctrl/rem_36/FE_RN_31_0
	u_bf/mult_33/FE_RN_290_0
	u_ctrl/rem_36/u_div_u_add_PartRem_1_6/n127
	u_sram/addr_a_q[7]
	u_bf/mult_33/n780
	u_ctrl/rem_36/u_div_u_add_PartRem_0_4/FE_RN_1460_0
	u_ctrl/rem_36/u_div_u_add_PartRem_1_6/n131
	u_bf/mult_33/n786
	u_ctrl/div_37/n224
	u_sram/din_a_q[30]
	u_bf/mult_33/FE_RN_1723_0
	u_ctrl/rem_36/u_div_u_add_PartRem_0_5/n193
	u_ctrl/div_37/n225
	u_sram/din_b_q[29]
	u_bf/mult_33/n797
	u_ctrl/rem_36/u_div_u_add_PartRem_0_5/n194
	u_ctrl/div_37/n226
	u_bf/mult_34/FE_OFN1889_n956
	u_ctrl/rem_36/u_div_u_add_PartRem_0_6/n201
	u_ctrl/div_37/n72
	u_sram/din_a_q[11]
	u_bf/mult_34/n607
	u_ctrl/rem_36/u_div_u_add_PartRem_0_6/n203
	u_ctrl/div_37/n74
	u_bf/mult_34/n608
	u_ctrl/rem_36/u_div_u_add_PartRem_0_6/n204
	u_ctrl/div_37/n75
	u_sram/din_b_q[5]
	u_bf/mult_34/n628
	u_ctrl/rem_36/u_div_u_add_PartRem_0_6/n205
	u_ctrl/div_37/FE_OFN933_n
	u_bf/mult_34/n629
	u_ctrl/rem_36/u_div_u_add_PartRem_0_7/n192
	u_ctrl/div_37/FE_OCPN1541_n318
	u_sram/din_a_q[21]
	u_bf/mult_34/n644
	u_ctrl/rem_36/u_div_u_add_PartRem_0_7/n146
	u_sram/din_a_q[3]
	u_bf/mult_34/n645
	u_bf/mult_34/n646
	u_ctrl/div_37/u_div_SumTmp_7__1__0_
	u_bf/mult_34/FE_RN_894_0
	u_ctrl/div_37/FE_OFN253_u_div_BInv_7__1
	u_sram/din_b_q[10]
	u_bf/mult_34/n662
	u_ctrl/div_37/FE_OFN263_n79
	u_sram/addr_b_q[0]
	u_bf/mult_34/n663
	u_ctrl/div_37/FE_OFN269_n142
	u_ctrl/div_37/u_div_u_add_PartRem_1_4/n107
	u_sram/addr_a_q[8]
	u_bf/mult_34/n667
	u_ctrl/div_37/n241
	u_bf/mult_34/n668
	u_ctrl/div_37/n243
	u_ctrl/div_37/u_div_u_add_PartRem_1_4/FE_RN_713_0
	u_sram/din_a_q[31]
	u_bf/mult_34/n669
	u_ctrl/div_37/n41
	u_ctrl/div_37/u_div_u_add_PartRem_1_4/FE_RN_1
	u_bf/mult_34/n671
	u_ctrl/div_37/n42
	u_bf/mult_34/n677
	u_ctrl/div_37/n43
	u_sram/din_b_q[20]
	u_bf/mult_34/n678
	u_ctrl/div_37/n44
	u_ctrl/div_37/u_div_u_add_PartRem_1_6/n136
	u_sram/din_a_q[12]
	u_bf/mult_34/n281
	u_ctrl/div_37/n45
	u_sram/din_b_q[6]
	u_bf/mult_34/n282
	u_ctrl/div_37/n46
	u_bf/mult_ii_16_
	u_sram/din_b_q[30]
	u_bf/mult_34/n287
	u_ctrl/div_37/FE_OFN255_u_div_BInv_6__2
	u_bf/mult_ri_22_
	u_bf/mult_34/n685
	u_ctrl/div_37/n67
	u_bf/mult_ri_23_
	u_sram/din_a_q[22]
	u_bf/mult_34/n686
	u_ctrl/div_37/n105
	u_bf/mult_ii_18_
	u_sram/din_a_q[4]
	u_bf/mult_34/n687
	u_ctrl/div_37/n106
	u_bf/mult_ri_24_
	u_bf/mult_34/n688
	u_ctrl/div_37/n107
	u_bf/mult_ii_19_
	u_bf/mult_34/n290
	u_ctrl/div_37/n108
	u_bf/mult_ii_23_
	u_sram/din_b_q[11]
	u_bf/mult_34/FE_RN_18
	u_ctrl/div_37/n110
	u_bf/mult_ri_18_
	u_sram/addr_b_q[1]
	u_bf/mult_34/n692
	u_ctrl/div_37/n117
	u_bf/mult_ri_19_
	u_bf/mult_34/FE_RN_1118_0
	u_ctrl/div_37/n122
	u_sram/addr_a_q[9]
	u_bf/mult_34/FE_RN_636_0
	u_ctrl/div_37/n132
	u_bf/sub_36/n417
	u_bf/mult_34/n511
	u_ctrl/div_37/n133
	u_bf/sub_36/n418
	u_bf/mult_34/n512
	u_ctrl/div_37/u_div_SumTmp_5__2__0_
	u_sram/din_b_q[21]
	u_bf/mult_34/FE_PSN2065_n984
	u_ctrl/div_37/u_div_SumTmp_7__2__0_
	u_bf/sub_36/n152
	u_sram/din_a_q[13]
	u_bf/mult_34/n521
	u_ctrl/div_37/n152
	u_bf/sub_36/n257
	u_sram/din_b_q[7]
	u_bf/mult_34/n522
	u_ctrl/div_37/FE_OFN443_n180
	u_sram/din_b_q[31]
	u_bf/mult_34/n527
	u_ctrl/div_37/u_div_SumTmp_3__2__0_
	u_bf/mult_34/n528
	u_sram/din_a_q[23]
	u_bf/mult_34/FE_RN_1088_0
	u_ctrl/div_37/u_div_u_add_PartRem_2_1/n103
	u_sram/din_a_q[5]
	u_bf/mult_34/FE_PSN2072_FE_PSBN1330_sub_im_full_13
	u_ctrl/div_37/u_div_u_add_PartRem_2_1/n104
	u_bf/mult_34/n549
	u_ctrl/div_37/u_div_u_add_PartRem_2_1/n105
	u_bf/add_37/n380
	u_bf/mult_34/FE_RN_1024_0
	u_ctrl/div_37/u_div_u_add_PartRem_2_1/n107
	u_bf/add_37/n381
	u_sram/din_b_q[12]
	u_bf/mult_34/FE_RN_1770_0
	u_sram/addr_b_q[2]
	u_bf/mult_34/n552
	u_ctrl/div_37/u_div_u_add_PartRem_2_1/n97
	u_bf/mult_34/FE_RN_95_0
	u_bf/mult_34/FE_OCPN1317_FE_OFN1931_n950
	u_bf/mult_32/n1057
	u_sram/addr_a_q[0]
	u_bf/mult_34/FE_RN_1606_0
	u_bf/mult_32/n95
	u_bf/mult_34/n561
	u_bf/mult_32/FE_RN_16
	u_sram/din_b_q[22]
	u_bf/mult_34/n562
	u_bf/mult_32/FE_RN_24
	u_ctrl/div_37/u_div_u_add_PartRem_2_2/n95
	u_sram/din_a_q[14]
	u_bf/mult_34/n563
	u_bf/mult_32/FE_RN_1222_0
	u_sram/din_b_q[8]
	u_bf/mult_34/n568
	u_bf/mult_32/n110
	u_bf/mult_32/n156
	u_sram/din_a_q[24]
	u_bf/mult_34/FE_OFN1993_FE_OCPN1855_sub_im_full_10
	u_ctrl/div_37/u_div_u_add_PartRem_2_3/n134
	u_sram/din_a_q[6]
	u_bf/mult_34/n989
	u_bf/mult_32/n176
	u_ctrl/div_37/u_div_u_add_PartRem_2_3/n135
	u_bf/mult_34/n591
	u_ctrl/div_37/u_div_u_add_PartRem_2_3/n136
	u_bf/mult_34/n595
	u_sram/din_b_q[13]
	u_bf/mult_34/n417
	u_bf/mult_32/FE_RN_1225_0
	u_sram/addr_b_q[3]
	u_bf/mult_34/FE_RN_997_0
	u_bf/mult_32/FE_RN_967_0
	u_bf/mult_32/FE_OFN1965_n1057
	u_bf/mult_34/n445
	u_bf/mult_32/FE_RN_1000_0
	u_sram/addr_a_q[1]
	u_bf/mult_34/n446
	u_ctrl/div_37/u_div_u_add_PartRem_2_5/n131
	u_bf/mult_34/FE_RN_1818_0
	u_ctrl/div_37/u_div_u_add_PartRem_2_5/n132
	u_sram/din_b_q[23]
	u_bf/mult_34/n457
	u_ctrl/div_37/u_div_u_add_PartRem_2_5/n133
	u_sram/din_a_q[15]
	u_bf/mult_34/n458
	u_ctrl/div_37/u_div_u_add_PartRem_2_6/n130
	u_bf/mult_33/FE_RN_499_0
	u_sram/din_b_q[9]
	u_bf/mult_34/FE_RN_1568_0
	u_bf/mult_33/n86
	u_ctrl/div_37/u_div_u_add_PartRem_2_6/n131
	u_bf/mult_34/n479
	u_bf/mult_33/FE_RN_923_0
	u_ctrl/div_37/u_div_u_add_PartRem_2_6/n132
	u_sram/din_a_q[25]
	u_bf/mult_34/n480
	u_bf/mult_33/FE_RN_1017_0
	u_ctrl/div_37/u_div_u_add_PartRem_2_6/n133
	u_sram/din_a_q[7]
	u_bf/mult_34/FE_OCPN1999_n984
	u_bf/mult_33/FE_RN_1588_0
	u_bf/mult_34/FE_OFN1892_n980
	u_bf/mult_33/FE_RN_1599_0
	u_ctrl/div_37/u_div_u_add_PartRem_2_7/n130
	u_bf/mult_34/n1100
	u_ctrl/div_37/u_div_u_add_PartRem_2_7/n131
	u_sram/din_b_q[14]
	u_bf/mult_34/n497
	u_ctrl/div_37/u_div_u_add_PartRem_2_7/n132
	u_sram/addr_b_q[4]
	u_bf/mult_34/n498
	u_ctrl/div_37/u_div_u_add_B3/n171
	u_bf/mult_33/FE_RN_306_0
	u_bf/mult_34/FE_RN_698_0
	u_bf/mult_34/FE_RN_663_0
	u_ctrl/div_37/u_div_u_add_B3/FE_RN_1862_0
	u_bf/mult_34/FE_RN_1579_0
	u_bf/mult_34/n218
	u_ctrl/div_37/u_div_u_add_B3/n175
	u_sram/addr_a_q[2]
	u_bf/mult_34/FE_RN_951_0
	u_bf/mult_34/FE_RN_1058_0
	u_bf/mult_34/FE_PSBN1328_sub_im_full_13
	u_ctrl/div_37/u_div_u_add_B3/n180
	u_bf/mult_34/FE_RN_1143_0
	u_sram/din_b_q[24]
	u_bf/mult_34/n702
	u_ctrl/div_37/u_div_u_add_B3/n181
	u_ctrl/rem_36/FE_OCPN1584_n159
	u_sram/din_a_q[16]
	u_bf/mult_34/n703
	u_ctrl/div_37/u_div_u_add_B3/n185
	u_ctrl/rem_36/n256
	u_sram/din_a_q[26]
	u_bf/mult_34/n705
	u_ctrl/rem_36/n107
	u_sram/din_b_q[0]
	u_bf/mult_34/n709
	u_ctrl/rem_36/n108
	u_sram/din_a_q[8]
	u_bf/mult_34/FE_OCPN1562_n975
	u_ctrl/div_37/u_div_u_add_B3/n137
	u_ctrl/rem_36/n155
	u_bf/mult_34/n710
	u_ctrl/div_37/u_div_u_add_B3/n169
	u_ctrl/rem_36/n156
	u_bf/mult_34/n720
	u_ctrl/div_37/u_div_u_add_B3/FE_OCPN1635_n168
	u_ctrl/rem_36/n160
	u_sram/din_b_q[15]
	u_bf/mult_34/n724
	u_ctrl/div_37/u_div_u_add_B5/n173
	u_ctrl/rem_36/n162
	u_sram/addr_b_q[5]
	u_bf/mult_34/n728
	u_ctrl/div_37/u_div_u_add_B5/n124
	u_ctrl/rem_36/n163
	u_bf/mult_34/n736
	u_ctrl/div_37/u_div_u_add_B5/n181
	u_bf/mult_34/FE_RN_1813_0
	u_ctrl/div_37/u_div_u_add_B5/n182
	u_bf/mult_34/n744
	u_ctrl/div_37/u_div_u_add_B5/n192
	u_bf/mult_34/n746
	u_sram/addr_a_q[3]
	u_bf/mult_34/n753
	u_ctrl/div_37/u_div_u_add_B5/n150
	u_sram/din_b_q[25]
	u_bf/mult_34/n754
	u_ctrl/div_37/u_div_u_add_B5/n151
	u_sram/din_a_q[17]
	u_bf/mult_34/FE_RN_1776_0
	u_ctrl/div_37/u_div_u_add_B5/n159
	u_sram/n1
	u_bf/mult_34/n756
	u_ctrl/div_37/u_div_u_add_B5/n112
	u_bf/mult_34/n761
	u_ctrl/div_37/u_div_u_add_B5/FE_OFN262_n77
	u_ctrl/rem_36/u_div_u_add_PartRem_1_6/n149
	u_sram/n2
	u_bf/mult_34/FE_PSN2069_n729
	u_ctrl/div_37/u_div_u_add_B5/FE_OFN523_n226
	u_ctrl/rem_36/u_div_u_add_PartRem_1_6/n126
	u_sram/din_a_q[27]
	u_bf/mult_34/n769
	u_ctrl/div_37/u_div_u_add_B6/n170
	u_sram/din_b_q[1]
	u_bf/mult_34/n771
	u_ctrl/div_37/u_div_u_add_B6/n175
	u_sram/din_a_q[9]
	u_bf/mult_34/n777
	u_ctrl/div_37/u_div_u_add_B6/n179
	u_ctrl/div_37/n219
	u_bf/mult_34/n786
	u_ctrl/div_37/u_div_u_add_B6/n123
	u_ctrl/div_37/n227
	u_bf/mult_34/FE_RN_4
	u_ctrl/div_37/u_div_u_add_B6/n127
	u_ctrl/div_37/n228
	u_sram/din_b_q[16]
	u_bf/mult_34/FE_RN_8
	u_ctrl/div_37/u_div_u_add_B6/n180
	u_ctrl/div_37/FE_OCPN1835_n74
	u_sram/addr_b_q[6]
	u_bf/mult_34/FE_RN_1570_0
	u_ctrl/div_37/u_div_u_add_B6/n182
	u_ctrl/div_37/n73
	u_bf/mult_34/n795
	u_ctrl/div_37/u_div_u_add_B6/n185
	u_ctrl/div_37/FE_OFN272_n225
	u_bf/mult_34/FE_RN_1574_0
	u_ctrl/div_37/u_div_u_add_B6/n189
	u_ctrl/div_37/FE_OFN273_n226
	u_ctrl/n2201
	u_ctrl/div_37/u_div_u_add_B6/n192
	u_ctrl/div_37/n203
	u_ctrl/n87
	u_ctrl/div_37/u_div_u_add_B6/n198
	u_sram/addr_a_q[4]
	u_ctrl/n89
	u_sram/din_b_q[26]
	u_ctrl/n145
	u_ctrl/div_37/u_div_u_add_B6/n203
	u_ctrl/div_37/u_div_u_add_PartRem_1_2/FE_OCPN1170_n225
	u_ctrl/n146
	u_ctrl/div_37/u_div_u_add_B6/n153
	u_ctrl/rem_36/n20
	u_ctrl/div_37/u_div_u_add_B6/n154
	u_ctrl/div_37/u_div_u_add_PartRem_1_2/n119
	u_ctrl/rem_36/u_div_BInv_5__9_
	u_ctrl/div_37/u_div_u_add_B6/FE_OFN548_n297
	u_ctrl/rem_36/u_div_BInv_6__7_
	u_ctrl/div_37/u_div_u_add_B6/FE_OFN521_n226
	u_ctrl/div_37/u_div_u_add_PartRem_1_2/n106
	u_ctrl/rem_36/u_div_BInv_6__8_
	u_ctrl/div_37/u_div_u_add_B7/n173
	u_ctrl/div_37/u_div_u_add_PartRem_1_2/FE_RN_1448_0
	u_ctrl/rem_36/u_div_BInv_6__9_
	u_ctrl/div_37/u_div_u_add_B7/n128
	u_ctrl/rem_36/u_div_SumTmp_7__0__2_
	u_ctrl/div_37/u_div_u_add_B7/FE_OCPN1578_n211
	u_ctrl/div_37/u_div_u_add_PartRem_1_3/n147
	u_ctrl/rem_36/n415
	u_ctrl/div_37/u_div_u_add_B7/n186
	u_ctrl/div_37/u_div_u_add_PartRem_1_3/n126
	u_ctrl/rem_36/FE_RN_1504_0
	u_ctrl/div_37/u_div_u_add_B7/FE_OCPN1509_n137
	u_ctrl/rem_36/u_div_BInv_3__4_
	u_ctrl/div_37/u_div_u_add_B7/n190
	u_ctrl/div_37/u_div_u_add_PartRem_1_4/n110
	u_ctrl/rem_36/n496
	u_ctrl/div_37/u_div_u_add_B7/n197
	u_ctrl/div_37/u_div_u_add_PartRem_1_4/n112
	u_ctrl/rem_36/u_div_SumTmp_3__2__2_
	u_ctrl/div_37/u_div_u_add_B7/FE_RN_357_0
	u_ctrl/div_37/u_div_u_add_PartRem_1_4/n115
	u_ctrl/rem_36/u_div_BInv_3__8_
	u_ctrl/div_37/u_div_u_add_B7/n140
	u_ctrl/div_37/u_div_u_add_PartRem_1_4/n93
	u_ctrl/rem_36/u_div_BInv_3__11_
	u_ctrl/div_37/u_div_u_add_B7/n199
	u_ctrl/rem_36/u_div_u_add_PartRem_2_3/n140
	u_ctrl/div_37/u_div_u_add_B7/n147
	u_ctrl/div_37/u_div_u_add_PartRem_1_4/FE_OCPN2016_n107
	u_ctrl/div_37/u_div_u_add_B7/n202
	u_ctrl/div_37/u_div_u_add_PartRem_1_4/n89
	u_ctrl/div_37/u_div_u_add_B7/n203
	u_ctrl/div_37/u_div_u_add_B7/n207
	u_ctrl/div_37/u_div_u_add_B7/n209
	u_ctrl/rem_36/u_div_u_add_PartRem_2_5/n141
	u_ctrl/div_37/u_div_u_add_B7/n150
	u_ctrl/div_37/u_div_u_add_PartRem_1_6/FE_OCPN1538_n224
	u_ctrl/div_37/u_div_u_add_PartRem_1_6/FE_RN_601_0
	u_ctrl/div_37/u_div_u_add_B7/n157
	u_ctrl/div_37/u_div_u_add_PartRem_1_6/n147
	u_ctrl/div_37/u_div_u_add_B7/FE_OCPN1752_n149
	u_ctrl/div_37/u_div_u_add_PartRem_1_6/n148
	data_out_valid
	u_ctrl/div_37/u_div_u_add_B7/n163
	u_ctrl/div_37/u_div_u_add_PartRem_1_6/n132
	done
	u_ctrl/rem_36/u_div_u_add_B3/n120
	u_ctrl/div_37/u_div_u_add_B7/FE_OFN275_n179
	u_ctrl/div_37/u_div_u_add_PartRem_1_7/n140
	dbg_stage[2]
	u_ctrl/rem_36/u_div_u_add_B3/n122
	dbg_stage[1]
	u_ctrl/rem_36/u_div_u_add_B3/n124
	u_ctrl/div_37/u_div_u_add_PartRem_1_1/n120
	dbg_stage[0]
	u_ctrl/div_37/u_div_u_add_PartRem_1_1/n122
	u_ctrl/div_37/u_div_u_add_PartRem_1_7/n139
	FE_PHN2078_is_unloading
	u_ctrl/rem_36/u_div_u_add_B3/FE_RN_453_0
	u_bf/mult_ri_21_
	u_bf/mult_ii_17_
	u_bf/mult_ir_13_
	u_bf/mult_ri_25_
	u_ctrl/rem_36/u_div_u_add_B5/n173
	u_bf/mult_ir_15_
	u_ctrl/div_37/u_div_u_add_PartRem_1_2/n109
	u_bf/mult_ri_26_
	u_bf/mult_ii_21_
	u_bf/mult_ri_27_
	u_ctrl/rem_36/u_div_u_add_B6/n168
	u_bf/mult_ri_28_
	u_ctrl/rem_36/u_div_u_add_B6/n116
	u_bf/mult_ri_29_
	u_ctrl/rem_36/u_div_u_add_B7/n183
	u_ctrl/rem_36/u_div_u_add_B7/FE_OFN545_n173
	u_bf/sub_36/n416
	u_ctrl/rem_36/u_div_u_add_B7/n203
	u_ctrl/div_37/u_div_u_add_PartRem_1_4/n121
	u_bf/sub_36/n226
	u_ctrl/rem_36/u_div_u_add_B7/FE_OFN544_n173
	u_bf/sub_36/n136
	u_ctrl/div_37/u_div_u_add_PartRem_1_5/n154
	u_bf/sub_36/n145
	u_ctrl/rem_36/u_div_u_add_PartRem_1_3/n151
	u_ctrl/div_37/u_div_u_add_PartRem_1_5/n155
	u_bf/sub_36/n249
	u_ctrl/rem_36/u_div_u_add_PartRem_1_3/n153
	u_bf/sub_36/n253
	u_ctrl/div_37/u_div_u_add_PartRem_1_6/n139
	u_bf/sub_36/n254
	u_ctrl/rem_36/u_div_u_add_PartRem_1_5/n124
	u_bf/sub_36/n256
	u_ctrl/div_37/u_div_u_add_PartRem_1_7/n152
	u_bf/sub_36/FE_RN_1890_0
	u_bf/sub_36/FE_RN_1891_0
	u_ctrl/rem_36/u_div_u_add_PartRem_1_7/n126
	u_ctrl/rem_36/u_div_u_add_PartRem_0_3/n187
	u_ctrl/rem_36/u_div_u_add_PartRem_0_3/n189
	u_bf/add_37/FE_RN_1436_0
	u_ctrl/div_37/u_div_u_add_PartRem_0_2/n111
	u_ctrl/rem_36/u_div_u_add_PartRem_0_5/FE_OFN539_u_div_BInv_5__5
	u_bf/add_37/FE_RN_1501_0
	u_ctrl/div_37/u_div_u_add_PartRem_0_2/FE_RN_731_0
	u_ctrl/rem_36/u_div_u_add_PartRem_0_7/n182
	u_ctrl/div_37/u_div_u_add_PartRem_0_2/n104
	u_bf/mult_32/FE_RN_1223_0
	u_ctrl/div_37/FE_RN_269_0
	u_bf/mult_32/FE_RN_529_0
	u_ctrl/div_37/n235
	u_ctrl/div_37/FE_OCPN1658_u_div_BInv_6__12
	u_bf/mult_32/FE_RN_1551_0
	u_ctrl/div_37/FE_OCPN1657_u_div_BInv_6__10
	u_bf/mult_32/FE_RN_1592_0
	FE_OFN211_dbg_stage_done
	u_ctrl/div_37/u_div_SumTmp_3__1__2_
	u_bf/mult_32/n86
	FE_OFN206_dbg_stage_3
	u_ctrl/div_37/FE_RN_18_0
	u_bf/mult_32/FE_RN_528_0
	u_ctrl/div_37/u_div_BInv_6__9_
	u_ctrl/div_37/u_div_u_add_PartRem_0_5/n148
	u_bf/mult_32/n121
	u_ctrl/div_37/FE_RN_675_0
	u_bf/mult_32/n924
	u_ctrl/div_37/FE_RN_268_0
	u_bf/mult_32/n132
	u_ctrl/div_37/u_div_u_add_PartRem_0_6/n149
	u_ctrl/div_37/FE_RN_45_0
	u_ctrl/div_37/u_div_BInv_3__6_
	u_bf/mult_32/FE_RN_1031_0
	u_ctrl/div_37/FE_RN_127_0
	u_ctrl/add_94/carry[9]
	u_ctrl/div_37/FE_RN_705_0
	u_ctrl/div_37/n136
	u_ctrl/div_37/FE_RN_26_0
	u_ctrl/mult_39/n202
	u_ctrl/div_37/u_div_BInv_3__8_
	u_bf/mult_33/FE_RN_1066_0
	u_ctrl/div_37/u_div_BInv_3__9_
	u_bf/add_im_full[16]
	u_ctrl/div_37/u_div_BInv_3__11_
	u_ctrl/div_37/FE_RN_36_0
	u_bf/mult_34/n204
	u_ctrl/div_37/u_div_BInv_5__10_
	u_bf/mult_34/n213
	u_ctrl/div_37/n378
	u_bf/mult_34/n1071
	u_bf/sub_re_full_10_
	u_ctrl/div_37/FE_RN_189_0
	u_ctrl/div_37/u_div_BInv_7__6_
	u_ctrl/div_37/u_div_BInv_7__7_
	u_bf/mult_34/n197
	u_bf/sub_re_full_5_
	u_ctrl/div_37/u_div_BInv_7__9_
	u_bf/mult_34/FE_OCPN1691_n218
	u_bf/sub_re_full_6_
	u_ctrl/rem_36/n11
	u_bf/sub_re_full_7_
	u_ctrl/rem_36/n92
	u_bf/FE_OFN529_sub_im_full_2
	u_ctrl/rem_36/n161
	u_bf/sub_re_full_8_
	u_ctrl/rem_36/FE_OCPN1714_n163
	u_ctrl/rem_36/u_div_PartRem_2__4_
	u_ctrl/div_37/u_div_u_add_PartRem_2_6/n142
	u_bf/FE_OFN470_sub_re_full_3
	u_ctrl/rem_36/n324
	u_bf/add_im_full[9]
	u_ctrl/rem_36/u_div_u_add_PartRem_1_1/n117
	u_bf/FE_OFN464_sub_im_full_4
	u_ctrl/rem_36/u_div_u_add_PartRem_1_1/n131
	u_bf/add_im_full[10]
	u_ctrl/rem_36/u_div_u_add_PartRem_1_1/n132
	u_ctrl/div_37/u_div_u_add_PartRem_2_7/FE_RN_41_0
	u_bf/add_im_full[11]
	u_ctrl/rem_36/u_div_u_add_PartRem_1_1/n136
	u_bf/add_im_full[12]
	u_ctrl/rem_36/u_div_u_add_PartRem_1_2/n113
	u_bf/add_re_full[4]
	u_ctrl/rem_36/u_div_u_add_PartRem_1_2/n114
	u_ctrl/div_37/u_div_u_add_B3/n130
	u_bf/add_im_full[14]
	u_ctrl/rem_36/u_div_u_add_PartRem_1_2/n121
	u_bf/add_im_full[15]
	u_ctrl/rem_36/u_div_u_add_PartRem_1_2/n123
	u_ctrl/rem_36/u_div_u_add_PartRem_1_2/FE_RN_1
	u_ctrl/div_37/u_div_u_add_B3/FE_RN_337_0
	u_ctrl/rem_36/u_div_u_add_PartRem_1_3/n148
	u_ctrl/div_37/u_div_u_add_B5/n186
	u_bf/sub_23/FE_RN_159_0
	u_ctrl/div_37/u_div_u_add_B5/FE_RN_478_0
	u_bf/sub_23/FE_RN_574_0
	u_ctrl/rem_36/u_div_u_add_PartRem_1_3/n131
	u_ctrl/rem_36/u_div_u_add_PartRem_1_4/n112
	u_ctrl/div_37/u_div_u_add_B5/n158
	u_ctrl/rem_36/u_div_u_add_PartRem_1_4/n118
	u_ctrl/div_37/u_div_u_add_B5/n168
	u_bf/sub_23/FE_RN_119_0
	u_ctrl/div_37/u_div_u_add_B6/n129
	u_ctrl/rem_36/u_div_u_add_PartRem_1_4/FE_RN_78_0
	u_ctrl/div_37/u_div_u_add_B6/n130
	u_bf/sub_23/FE_RN_392_0
	u_ctrl/rem_36/u_div_u_add_PartRem_1_4/n103
	u_bf/sub_23/n20
	u_ctrl/rem_36/u_div_u_add_PartRem_1_4/FE_RN_1887_0
	u_bf/sub_23/FE_RN_60_0
	u_ctrl/div_37/u_div_u_add_B7/FE_RN_1382_0
	u_bf/sub_23/FE_RN_359_0
	u_ctrl/rem_36/u_div_u_add_PartRem_1_5/n145
	u_ctrl/div_37/u_div_u_add_B7/n141
	u_bf/sub_23/FE_RN_59_0
	u_ctrl/rem_36/u_div_u_add_PartRem_1_5/n127
	u_bf/sub_23/FE_RN_120_0
	u_ctrl/div_37/u_div_u_add_B7/n151
	u_bf/sub_24/FE_RN_1796_0
	u_ctrl/rem_36/u_div_u_add_PartRem_1_6/n166
	u_ctrl/div_37/u_div_u_add_B7/n215
	u_bf/sub_24/FE_RN_106_0
	u_bf/sub_24/FE_RN_1056_0
	u_ctrl/rem_36/u_div_u_add_PartRem_1_6/n140
	u_ctrl/div_37/u_div_u_add_PartRem_1_3/n145
	u_bf/sub_24/FE_RN_610_0
	u_ctrl/rem_36/u_div_u_add_PartRem_1_6/n148
	u_bf/sub_24/n218
	u_ctrl/rem_36/u_div_u_add_PartRem_1_6/n124
	u_bf/sub_24/n219
	u_ctrl/rem_36/u_div_u_add_PartRem_1_6/n139
	u_bf/sub_24/FE_RN_517_0
	u_ctrl/rem_36/u_div_u_add_PartRem_1_7/n148
	u_bf/sub_24/n220
	u_bf/add_21/n202
	u_ctrl/rem_36/u_div_u_add_PartRem_1_7/n134
	u_bf/add_21/n203
	u_ctrl/div_37/n85
	u_bf/add_21/n204
	u_ctrl/div_37/n121
	u_bf/add_21/n91
	u_bf/mult_ir_1_
	u_ctrl/div_37/u_div_u_add_PartRem_1_1/n128
	u_bf/mult_rr_1_
	u_bf/add_21/n107
	u_ctrl/div_37/u_div_u_add_PartRem_1_1/n129
	u_bf/mult_rr_2_
	u_bf/add_21/n98
	u_ctrl/div_37/u_div_u_add_PartRem_1_1/n156
	n87
	u_bf/mult_ri_1_
	u_ctrl/div_37/u_div_u_add_PartRem_1_1/n137
	u_bf/mult_ri_2_
	u_ctrl/div_37/u_div_u_add_PartRem_1_2/n116
	u_ctrl/div_37/u_div_u_add_PartRem_1_2/n117
	u_ctrl/div_37/u_div_u_add_PartRem_1_2/FE_OCPN1537_n119
	u_bf/sub_36/n271
	u_ctrl/div_37/u_div_u_add_PartRem_1_2/n120
	u_bf/add_22/n47
	u_ctrl/div_37/u_div_u_add_PartRem_1_2/n121
	u_ctrl/div_37/u_div_u_add_PartRem_1_2/FE_OCPN1171_n225
	u_ctrl/div_37/u_div_u_add_PartRem_1_2/n123
	u_bf/mult_31/n610
	u_bf/mult_31/n1016
	u_ctrl/div_37/u_div_u_add_PartRem_1_2/FE_RN_1502_0
	u_rom/FE_OFN369_ext_din_q_23
	u_bf/mult_31/FE_RN_428_0
	u_bf/mult_31/n12
	u_ctrl/div_37/u_div_u_add_PartRem_1_3/n165
	u_rom/FE_OFN383_ext_din_q_16
	u_bf/mult_31/n625
	u_bf/mult_31/n1023
	u_ctrl/div_37/u_div_u_add_PartRem_1_3/n141
	u_bf/mult_31/n628
	u_bf/mult_31/n1028
	u_ctrl/div_37/u_div_u_add_PartRem_1_3/n143
	u_bf/mult_31/n629
	u_bf/mult_31/n1031
	u_ctrl/div_37/u_div_u_add_PartRem_1_3/n146
	u_bf/mult_31/n634
	u_bf/mult_31/n1032
	u_ctrl/div_37/u_div_u_add_PartRem_1_3/n124
	u_bf/mult_31/n635
	u_bf/mult_31/n1033
	u_ctrl/div_37/u_div_u_add_PartRem_1_3/n137
	u_bf/mult_31/n636
	u_bf/mult_31/n1034
	u_ctrl/div_37/u_div_u_add_PartRem_1_3/FE_OCPN2003_n227
	u_bf/mult_31/n637
	u_bf/mult_31/n1035
	u_ctrl/div_37/u_div_u_add_PartRem_1_4/n114
	u_bf/mult_31/n638
	u_bf/mult_31/n1049
	u_ctrl/div_37/u_div_u_add_PartRem_1_4/n117
	u_bf/mult_31/n639
	u_bf/mult_31/n1055
	u_ctrl/div_37/u_div_u_add_PartRem_1_4/n119
	u_bf/mult_31/n1056
	u_ctrl/div_37/u_div_u_add_PartRem_1_4/FE_OCPN2004_n110
	u_bf/mult_31/n1081
	u_ctrl/div_37/u_div_u_add_PartRem_1_4/n106
	u_bf/mult_31/n651
	u_bf/mult_31/n681
	u_ctrl/div_37/u_div_u_add_PartRem_1_4/n108
	u_bf/mult_31/n653
	u_bf/mult_31/n698
	u_ctrl/div_37/u_div_u_add_PartRem_1_5/n142
	u_rom/FE_OFN373_ext_din_q_21
	u_bf/mult_31/n656
	u_bf/mult_31/FE_OFN439_n1085
	u_ctrl/div_37/u_div_u_add_PartRem_1_5/n143
	u_bf/mult_31/n662
	u_bf/mult_31/FE_OFN410_n990
	u_ctrl/div_37/u_div_u_add_PartRem_1_5/n147
	u_bf/mult_31/n663
	u_bf/mult_31/n939
	u_ctrl/div_37/u_div_u_add_PartRem_1_5/n129
	u_rom/FE_OFN377_ext_din_q_19
	u_bf/mult_31/n85
	u_bf/mult_31/FE_OFN411_n991
	u_ctrl/div_37/u_div_u_add_PartRem_1_5/n138
	u_bf/mult_31/FE_RN_472_0
	u_bf/mult_31/FE_OFN1970_n946
	u_ctrl/div_37/u_div_u_add_PartRem_1_5/n139
	u_bf/mult_31/n283
	u_bf/mult_31/n999
	u_ctrl/div_37/u_div_u_add_PartRem_1_6/n164
	u_rom/FE_OFN388_ext_din_q_12
	u_bf/mult_31/n501
	u_bf/mult_31/n800
	u_ctrl/div_37/u_div_u_add_PartRem_1_6/n146
	u_bf/mult_31/n502
	u_bf/mult_31/FE_RN_1650_0
	u_ctrl/div_37/u_div_u_add_PartRem_1_6/n125
	u_bf/mult_31/n541
	u_bf/mult_31/FE_RN_456_0
	u_ctrl/div_37/u_div_u_add_PartRem_1_6/n128
	u_rom/FE_OFN350_n3
	u_bf/mult_31/n542
	u_ctrl/div_37/u_div_u_add_PartRem_1_6/FE_OCPN2006_n147
	u_rom/FE_OFN352_ram_addr_q_6
	u_bf/mult_31/n554
	u_bf/mult_31/FE_OFN408_n988
	u_ctrl/div_37/u_div_u_add_PartRem_1_6/n151
	u_bf/mult_31/n555
	u_ctrl/div_37/u_div_u_add_PartRem_1_7/n169
	u_bf/mult_31/n570
	u_bf/mult_31/n1108
	u_ctrl/div_37/u_div_u_add_PartRem_1_7/FE_RN_66_0
	u_bf/mult_31/n571
	u_bf/mult_31/FE_OFN409_n989
	u_ctrl/div_37/u_div_u_add_PartRem_1_7/FE_RN_1512_0
	u_bf/mult_31/FE_RN_1326_0
	u_ctrl/div_37/u_div_u_add_PartRem_1_7/n130
	u_bf/mult_31/n585
	u_bf/mult_31/n715
	u_ctrl/div_37/u_div_u_add_PartRem_1_7/n135
	u_bf/mult_31/n586
	u_bf/mult_31/FE_RN_1291_0
	u_ctrl/div_37/u_div_u_add_PartRem_1_7/n136
	u_rom/FE_OFN367_ext_din_q_24
	u_bf/mult_31/n587
	u_bf/mult_31/n749
	u_ctrl/div_37/u_div_u_add_PartRem_1_7/n138
	u_bf/mult_31/n981
	u_bf/mult_31/n783
	u_bf/mult_ii_20_
	u_bf/mult_31/n590
	u_bf/mult_31/n1000
	u_bf/mult_ii_22_
	u_rom/FE_OFN381_ext_din_q_17
	u_bf/mult_31/n591
	u_bf/mult_31/n1002
	u_bf/mult_ii_24_
	u_rom/FE_OFN1114_ext_din_q_10
	u_bf/mult_31/n415
	u_bf/mult_32/n1011
	u_bf/mult_ri_30_
	u_rom/FE_OFN387_ext_din_q_13
	u_bf/mult_31/n416
	u_bf/mult_32/n1018
	u_bf/mult_ii_25_
	u_bf/mult_31/FE_RN_426_0
	u_bf/mult_32/n1021
	u_bf/mult_ii_26_
	u_bf/mult_31/n432
	u_bf/mult_32/n1044
	u_bf/mult_ii_27_
	u_bf/mult_31/n443
	u_bf/mult_32/n1045
	u_bf/mult_ii_28_
	u_rom/FE_OFN357_ext_din_q_29
	u_bf/mult_31/n444
	u_bf/mult_32/n1046
	u_bf/mult_ii_30_
	u_bf/mult_31/FE_RN_1348_0
	u_bf/mult_32/n42
	u_bf/mult_31/n487
	u_bf/mult_32/n48
	u_bf/mult_31/n488
	u_bf/mult_32/FE_OFN1986_n991
	u_bf/sub_36/n122
	u_bf/mult_31/n1103
	u_bf/mult_32/n1097
	u_bf/sub_36/n123
	u_bf/mult_31/n495
	u_bf/mult_32/FE_RN_1036_0
	u_bf/sub_36/n127
	u_bf/mult_31/n496
	u_bf/mult_32/n682
	u_bf/sub_36/n128
	u_rom/FE_OFN371_ext_din_q_22
	u_bf/mult_31/n318
	u_bf/sub_36/n94
	u_bf/mult_31/n322
	u_bf/mult_32/n932
	u_bf/sub_36/n95
	u_bf/mult_31/n323
	u_bf/mult_32/n937
	u_bf/sub_36/n137
	u_bf/mult_31/n324
	u_bf/mult_32/n938
	u_bf/sub_36/n140
	u_rom/FE_OFN386_ext_din_q_14
	u_bf/mult_31/n328
	u_bf/sub_36/n143
	u_bf/mult_31/FE_RN_1731_0
	u_bf/mult_32/n973
	u_bf/sub_36/n146
	u_bf/mult_31/FE_RN_1295_0
	u_bf/mult_32/n974
	u_bf/mult_31/FE_RN_1735_0
	u_bf/mult_32/n979
	u_rom/FE_OFN361_ext_din_q_27
	u_bf/mult_31/n338
	u_bf/mult_32/n992
	u_bf/sub_36/n251
	u_bf/mult_31/n740
	u_bf/mult_32/n999
	u_bf/sub_36/n255
	u_bf/mult_31/n351
	u_bf/mult_32/FE_RN_986_0
	u_bf/sub_36/n20
	u_bf/mult_31/n367
	u_rom/FE_OFN356_ext_din_q_30
	u_bf/mult_31/n368
	u_bf/mult_32/FE_OCPN1142_n1092
	u_bf/mult_31/n387
	u_bf/mult_32/FE_RN_1266_0
	u_rom/FE_OFN365_ext_din_q_25
	u_bf/mult_31/n388
	u_bf/mult_32/FE_RN_784_0
	u_bf/mult_31/n780
	u_bf/mult_32/FE_RN_1314_0
	u_bf/mult_31/FE_RN_447_0
	u_bf/add_37/n145
	u_rom/FE_OFN455_n
	u_bf/mult_32/FE_RN_950_0
	u_bf/add_37/n155
	u_bf/mult_32/n610
	u_bf/mult_32/FE_OCPN1160_n1051
	u_bf/add_37/n156
	u_bf/mult_32/n618
	u_bf/add_37/n379
	u_rom/FE_OFN456_n
	u_bf/mult_32/FE_OCPN1291_n
	u_bf/mult_32/FE_OCPN1161_n1005
	u_rom/FE_OFN385_ext_din_q_15
	u_bf/mult_32/n628
	u_bf/mult_32/n716
	u_bf/mult_32/n629
	u_bf/mult_32/FE_RN_746_0
	u_bf/mult_32/FE_RN_1268_0
	u_bf/mult_32/n634
	u_rom/FE_OFN389_ext_din_q_11
	u_bf/mult_32/n635
	u_bf/mult_32/n733
	u_bf/mult_32/n645
	u_bf/mult_32/n750
	u_bf/mult_32/n646
	u_bf/mult_32/n767
	u_bf/mult_32/n661
	u_rom/FE_OFN355_ext_din_q_31
	u_bf/mult_32/n1000
	u_bf/mult_32/FE_RN_1320_0
	u_bf/mult_32/n662
	u_rom/FE_OFN359_ext_din_q_28
	u_bf/mult_32/n1001
	u_bf/mult_32/n663
	u_bf/mult_34/FE_PSBN1325_n1071
	u_bf/mult_32/n1002
	u_rom/FE_OFN1116_ext_din_q_9
	u_bf/mult_32/n668
	u_bf/mult_34/FE_RN_1227_0
	u_bf/mult_32/n1007
	u_bf/mult_32/n82
	u_bf/mult_34/FE_RN_1051_0
	u_bf/mult_32/n1008
	u_bf/mult_32/FE_OCPN1841_n976
	u_bf/mult_33/n1022
	u_bf/mult_34/FE_RN_1693_0
	u_bf/mult_32/n285
	u_bf/mult_34/FE_PSBN1326_n1071
	u_bf/mult_33/n24
	u_bf/mult_32/FE_RN_13
	u_bf/mult_34/n1073
	u_bf/mult_33/n1030
	u_bf/mult_32/n691
	u_bf/mult_34/FE_RN_957_0
	u_bf/mult_33/n1031
	u_bf/mult_32/FE_RN_22
	u_rom/FE_OFN375_ext_din_q_20
	u_bf/mult_33/n1032
	u_bf/mult_34/FE_PSBN1327_n1071
	u_bf/mult_32/FE_RN_987_0
	u_bf/mult_34/FE_RN_960_0
	u_bf/mult_33/n1033
	u_bf/mult_32/n511
	u_bf/mult_34/FE_RN_1554_0
	u_bf/mult_33/n1036
	u_bf/mult_32/n512
	u_bf/mult_33/n36
	u_ctrl/rem_36/n12
	u_bf/mult_32/FE_RN_778_0
	u_rom/FE_OFN379_ext_din_q_18
	u_bf/mult_33/n42
	u_ctrl/rem_36/u_div_SumTmp_6__1__3_
	u_bf/mult_32/FE_OCPN1290_n
	u_bf/mult_33/FE_RN_1663_0
	u_ctrl/rem_36/u_div_u_add_PartRem_1_1/n114
	u_bf/mult_32/n539
	u_bf/mult_33/n1077
	u_ctrl/rem_36/u_div_u_add_PartRem_1_1/n151
	u_bf/mult_32/n548
	u_rom/n2
	u_bf/mult_33/n1079
	u_ctrl/rem_36/u_div_u_add_PartRem_1_1/n155
	u_bf/mult_32/n552
	u_ctrl/rem_36/u_div_u_add_PartRem_1_1/n157
	u_bf/mult_32/n553
	u_bf/mult_33/n925
	u_ctrl/rem_36/u_div_u_add_PartRem_1_1/n135
	u_bf/mult_32/FE_OCPN1564_n770
	u_bf/mult_33/n940
	u_ctrl/rem_36/u_div_u_add_PartRem_1_2/n112
	u_bf/mult_32/n560
	u_bf/mult_33/n970
	u_ctrl/rem_36/u_div_u_add_PartRem_1_2/n118
	u_bf/mult_32/n569
	u_bf/mult_33/n971
	u_ctrl/rem_36/u_div_u_add_PartRem_1_2/n119
	u_bf/mult_32/n962
	u_rom/FE_OFN363_ext_din_q_26
	u_ctrl/rem_36/u_div_u_add_PartRem_1_2/FE_RN_1909_0
	u_bf/mult_32/n968
	u_bf/mult_33/FE_OFN396_n985
	u_ctrl/rem_36/u_div_u_add_PartRem_1_2/FE_RN_503_0
	u_bf/mult_32/n969
	u_ctrl/rem_36/u_div_u_add_PartRem_1_2/n124
	u_bf/mult_32/n579
	u_bf/mult_33/FE_OFN397_n986
	u_ctrl/rem_36/u_div_u_add_PartRem_1_2/n100
	u_bf/mult_32/n970
	u_ctrl/n215
	u_ctrl/rem_36/u_div_u_add_PartRem_1_2/n132
	u_ctrl/n11
	u_bf/mult_32/FE_OCPN1287_FE_OFN526_sub_im_full_11
	u_bf/mult_33/FE_OFN398_n987
	u_ctrl/rem_36/u_div_u_add_PartRem_1_2/n136
	u_bf/mult_32/n415
	u_ctrl/n2900
	u_ctrl/rem_36/u_div_u_add_PartRem_1_3/n166
	u_bf/mult_32/n416
	u_ctrl/n222
	u_ctrl/rem_36/u_div_u_add_PartRem_1_3/n168
	u_bf/mult_32/FE_OCPN1854_n976
	u_ctrl/rem_36/u_div_u_add_PartRem_1_3/n140
	u_ctrl/n231
	u_bf/mult_32/FE_OCPN1278_sub_im_full_13
	u_bf/mult_33/n1109
	u_ctrl/rem_36/u_div_u_add_PartRem_1_3/n147
	u_bf/mult_32/FE_RN_780_0
	u_ctrl/n39
	u_ctrl/rem_36/u_div_u_add_PartRem_1_3/n139
	u_bf/mult_32/FE_RN_1165_0
	u_ctrl/n40
	u_ctrl/rem_36/u_div_u_add_PartRem_1_4/n111
	u_bf/mult_32/n467
	u_ctrl/n1020
	u_ctrl/rem_36/u_div_u_add_PartRem_1_4/n101
	u_ctrl/n52
	u_bf/mult_32/n468
	u_ctrl/rem_36/u_div_u_add_PartRem_1_4/n106
	u_bf/mult_32/FE_OFN1884_n963
	u_ctrl/n53
	u_ctrl/rem_36/u_div_u_add_PartRem_1_4/n107
	u_bf/mult_32/FE_OCPN1289_n
	u_ctrl/n264
	u_ctrl/rem_36/u_div_u_add_PartRem_1_4/n108
	u_bf/mult_32/n318
	u_ctrl/n266
	u_ctrl/rem_36/u_div_u_add_PartRem_1_4/FE_OCPN2009_n103
	u_ctrl/n267
	u_bf/mult_32/FE_OCPN1292_n
	u_bf/mult_33/n1000
	u_ctrl/rem_36/u_div_u_add_PartRem_1_5/n165
	u_bf/mult_32/n327
	u_ctrl/n269
	u_bf/mult_34/n1016
	u_ctrl/rem_36/u_div_u_add_PartRem_1_5/n167
	u_bf/mult_32/n726
	u_ctrl/n272
	u_bf/mult_34/n1027
	u_ctrl/rem_36/u_div_u_add_PartRem_1_5/n140
	u_bf/mult_32/FE_RN_858_0
	u_ctrl/n273
	u_bf/mult_34/n1028
	u_ctrl/rem_36/u_div_u_add_PartRem_1_5/n142
	u_ctrl/n275
	u_bf/mult_32/n337
	u_bf/mult_34/n1029
	u_ctrl/rem_36/u_div_u_add_PartRem_1_5/n144
	u_bf/mult_32/n739
	u_ctrl/n276
	u_bf/mult_34/n24
	u_ctrl/rem_36/u_div_u_add_PartRem_1_5/n136
	u_bf/mult_32/FE_RN_932_0
	u_ctrl/n278
	u_bf/mult_34/FE_OFN541_n36
	u_ctrl/rem_36/u_div_u_add_PartRem_1_5/n137
	u_bf/mult_32/n742
	u_ctrl/n279
	u_bf/mult_34/n1030
	u_ctrl/rem_36/u_div_u_add_PartRem_1_6/n165
	u_ctrl/n281
	u_bf/mult_32/n743
	u_bf/mult_34/n1038
	u_bf/mult_32/n746
	u_ctrl/n282
	u_bf/mult_34/n1039
	u_ctrl/rem_36/u_div_u_add_PartRem_1_6/n145
	u_bf/mult_32/FE_RN_906_0
	u_ctrl/n284
	u_bf/mult_34/n1040
	u_ctrl/rem_36/u_div_u_add_PartRem_1_6/n129
	u_bf/mult_32/FE_RN_1638_0
	u_ctrl/n285
	u_bf/mult_34/n1046
	u_ctrl/rem_36/u_div_u_add_PartRem_1_6/FE_RN_48_0
	u_ctrl/n287
	u_bf/mult_32/n754
	u_bf/mult_34/FE_RN_1697_0
	u_ctrl/rem_36/u_div_u_add_PartRem_1_6/n138
	u_bf/mult_32/n756
	u_ctrl/n288
	u_bf/mult_34/n1076
	u_ctrl/rem_36/u_div_u_add_PartRem_1_7/n168
	u_bf/mult_32/n759
	u_ctrl/n291
	u_bf/mult_34/n1077
	u_ctrl/rem_36/u_div_u_add_PartRem_1_7/n140
	u_bf/mult_32/FE_RN_1093_0
	u_ctrl/n292
	u_bf/mult_34/FE_RN_1547_0
	u_ctrl/rem_36/u_div_u_add_PartRem_1_7/n141
	u_ctrl/n294
	u_bf/mult_32/FE_RN_331_0
	u_bf/mult_34/FE_RN_1263_0
	u_ctrl/rem_36/u_div_u_add_PartRem_1_7/n147
	u_bf/mult_32/FE_RN_656_0
	u_ctrl/n92
	u_bf/mult_34/n945
	u_ctrl/rem_36/u_div_u_add_PartRem_1_7/n124
	u_bf/mult_32/n773
	u_ctrl/n301
	u_bf/mult_34/n946
	u_ctrl/div_37/u_div_SumTmp_3__1__3_
	u_bf/mult_32/n775
	u_ctrl/n113
	u_bf/mult_34/n947
	u_ctrl/div_37/u_div_u_add_PartRem_1_1/n116
	u_ctrl/n116
	u_bf/mult_32/n777
	u_bf/mult_34/FE_RN_1569_0
	u_ctrl/div_37/u_div_u_add_PartRem_1_1/n151
	u_bf/mult_32/n787
	u_ctrl/N55
	u_bf/mult_34/FE_RN_1352_0
	u_ctrl/div_37/u_div_u_add_PartRem_1_1/n154
	u_bf/mult_32/FE_RN_1649_0
	u_ctrl/n122
	u_bf/mult_34/FE_RN_1643_0
	u_ctrl/div_37/u_div_u_add_PartRem_1_1/n132
	u_bf/mult_32/n790
	u_ctrl/FE_OFN467_n109
	u_bf/mult_34/n998
	u_ctrl/div_37/u_div_u_add_PartRem_1_1/n133
	u_ctrl/n137
	u_bf/mult_32/n794
	u_bf/mult_34/n999
	u_ctrl/div_37/u_div_u_add_PartRem_1_1/n135
	u_bf/mult_33/n600
	u_ctrl/n139
	u_bf/mult_34/FE_RN_631_0
	u_ctrl/div_37/u_div_u_add_PartRem_1_1/n136
	u_bf/mult_33/n602
	u_ctrl/n143
	u_bf/mult_34/FE_RN_1699_0
	u_ctrl/div_37/u_div_u_add_PartRem_1_2/FE_RN_701_0
	u_bf/mult_33/n606
	u_ctrl/FE_RN_1431_0
	u_ctrl/div_37/u_div_u_add_PartRem_1_2/n125
	u_ctrl/N95
	u_bf/mult_33/n607
	u_ctrl/div_37/u_div_u_add_PartRem_1_2/n102
	u_bf/mult_33/n617
	u_ctrl/FE_OCPN1494_n121
	u_bf/mult_34/FE_RN_1034_0
	u_ctrl/div_37/u_div_u_add_PartRem_1_2/n103
	u_bf/mult_33/n623
	u_ctrl/n172
	u_bf/mult_34/n1108
	u_ctrl/div_37/u_div_u_add_PartRem_1_2/n132
	u_bf/mult_33/n624
	u_ctrl/n174
	u_bf/mult_34/n1109
	u_ctrl/div_37/u_div_u_add_PartRem_1_2/n133
	u_ctrl/n176
	u_bf/mult_33/n625
	u_bf/mult_34/n1000
	u_ctrl/div_37/u_div_u_add_PartRem_1_3/n163
	u_bf/mult_33/n626
	u_ctrl/n179
	u_bf/mult_34/n1002
	u_ctrl/div_37/u_div_u_add_PartRem_1_3/n164
	u_bf/mult_33/n627
	u_ctrl/FE_OFN246_n109
	u_bf/mult_34/n1003
	u_bf/mult_33/n634
	u_ctrl/n181
	u_bf/mult_34/n1004
	u_ctrl/div_37/u_div_u_add_PartRem_1_3/n140
	u_ctrl/n183
	u_bf/mult_33/n635
	u_bf/mult_34/n1005
	u_ctrl/div_37/u_div_u_add_PartRem_1_3/n142
	u_bf/mult_33/n637
	u_ctrl/n187
	u_ctrl/div_37/u_div_u_add_PartRem_1_3/FE_RN_1516_0
	u_ctrl/n188
	u_ctrl/div_37/u_div_u_add_PartRem_1_3/n127
	u_bf/mult_33/FE_RN_323_0
	u_ctrl/n191
	u_ctrl/div_37/u_div_u_add_PartRem_1_3/n138
	u_ctrl/n193
	u_bf/mult_33/n645
	u_ctrl/div_37/u_div_u_add_PartRem_1_3/FE_RN_1513_0
	u_ctrl/n194
	u_ctrl/div_37/u_div_u_add_PartRem_1_4/n90
	u_bf/mult_33/n652
	u_ctrl/n2700
	u_ctrl/div_37/u_div_u_add_PartRem_1_4/n91
	u_bf/mult_33/FE_RN_860_0
	u_ctrl/FE_OCPN1135_n106
	FE_RN_1506_0
	u_ctrl/div_37/u_div_u_add_PartRem_1_4/n96
	u_bf/mult_33/n662
	u_ctrl/div_37/u_div_u_add_PartRem_1_4/n98
	u_bf/mult_33/n663
	u_ctrl/add_108/carry[2]
	sram_we_a_int
	u_ctrl/div_37/u_div_u_add_PartRem_1_4/FE_OCPN1528_n110
	u_bf/mult_33/n283
	sram_we_b_int
	u_ctrl/div_37/u_div_u_add_PartRem_1_4/FE_RN_645_0
	u_bf/mult_33/n687
	u_ctrl/rem_36/n226
	n_0_net_
	u_ctrl/div_37/u_div_u_add_PartRem_1_5/n165
	u_ctrl/rem_36/n229
	u_bf/mult_33/FE_RN_192_0
	n9
	u_ctrl/div_37/u_div_u_add_PartRem_1_5/n141
	u_bf/mult_33/n505
	u_ctrl/div_37/u_div_u_add_PartRem_1_5/n146
	u_bf/mult_33/n506
	n88
	u_ctrl/div_37/u_div_u_add_PartRem_1_5/n124
	u_bf/mult_33/FE_RN_487_0
	bf_y0_re[3]
	u_ctrl/div_37/u_div_u_add_PartRem_1_5/n126
	u_ctrl/div_37/n279
	u_bf/mult_33/n511
	bf_y0_im[15]
	u_ctrl/div_37/u_div_u_add_PartRem_1_5/n127
	u_bf/mult_33/n512
	bf_y0_im[14]
	u_ctrl/div_37/u_div_u_add_PartRem_1_5/n133
	u_bf/mult_33/FE_RN_852_0
	bf_y0_im[13]
	u_ctrl/div_37/u_div_u_add_PartRem_1_6/n163
	u_bf/mult_33/n539
	u_ctrl/add_94/carry[2]
	bf_y0_im[11]
	u_ctrl/div_37/u_div_u_add_PartRem_1_6/n166
	u_bf/mult_33/FE_RN_643_0
	bf_y0_im[10]
	u_ctrl/div_37/u_div_u_add_PartRem_1_6/n126
	u_bf/mult_33/FE_OCPN1786_n780
	bf_y0_im[9]
	u_ctrl/div_37/u_div_u_add_PartRem_1_6/n129
	u_bf/mult_33/n541
	bf_y0_im[8]
	u_ctrl/div_37/u_div_u_add_PartRem_1_6/n137
	u_bf/mult_33/n542
	u_rom/FE_OFN1193_FE_OFN1124_n
	u_ctrl/div_37/u_div_u_add_PartRem_1_7/n161
	u_bf/mult_33/n548
	u_ctrl/div_37/u_div_u_add_PartRem_1_7/FE_RN_68_0
	u_bf/mult_33/n562
	u_ctrl/n217
	u_ctrl/div_37/u_div_u_add_PartRem_1_7/n142
	u_bf/mult_33/n563
	u_ctrl/n248
	u_ctrl/div_37/u_div_u_add_PartRem_1_7/FE_RN_69_0
	u_bf/mult_33/n569
	u_ctrl/N63
	u_ctrl/div_37/u_div_u_add_PartRem_1_7/n144
	u_bf/mult_33/n574
	u_ctrl/N81
	u_ctrl/div_37/u_div_u_add_PartRem_1_7/n129
	u_bf/mult_33/n575
	u_ctrl/N103
	u_bf/mult_ir_17_
	u_bf/mult_33/n587
	u_ctrl/n550
	u_bf/mult_ir_18_
	u_bf/mult_33/n588
	u_ctrl/n750
	u_bf/mult_ir_19_
	u_bf/mult_33/n589
	u_bf/mult_ii_29_
	u_bf/mult_33/n998
	u_bf/y1_re_full[15]
	u_bf/mult_33/n999
	u_ctrl/add_103/carry[8]
	u_bf/sub_36/n400
	u_bf/mult_33/FE_RN_199_0
	u_bf/sub_36/FE_OCPN1727_n128
	u_bf/mult_33/n455
	u_bf/sub_36/n116
	u_bf/mult_33/n456
	u_ctrl/add_40/n116
	u_bf/sub_36/n117
	u_bf/mult_33/FE_RN_1743_0
	u_ctrl/rem_36/FE_RN_816_0
	u_bf/sub_36/FE_OCPN1740_n122
	u_bf/mult_33/n467
	u_ctrl/rem_36/n32
	u_bf/sub_36/n224
	u_bf/mult_33/n468
	u_ctrl/rem_36/u_div_BInv_5__2_
	u_bf/mult_33/FE_RN_366_0
	u_ctrl/rem_36/FE_OFN287_n34
	u_bf/sub_36/n133
	u_bf/mult_33/n704
	u_ctrl/rem_36/u_div_SumTmp_6__0__1_
	u_bf/sub_36/n134
	u_bf/mult_33/FE_RN_317_0
	u_ctrl/rem_36/n285
	u_bf/sub_36/n141
	u_bf/mult_33/n318
	u_ctrl/rem_36/n505
	u_bf/sub_36/n242
	u_bf/mult_33/n321
	u_ctrl/rem_36/FE_RN_819_0
	u_bf/sub_36/n244
	u_bf/mult_33/n327
	u_ctrl/rem_36/u_div_SumTmp_5__2__1_
	u_bf/sub_36/n245
	u_bf/mult_33/n337
	u_ctrl/rem_36/u_div_SumTmp_2__1__1_
	u_bf/sub_36/FE_RN_1
	u_bf/mult_33/FE_RN_320_0
	u_ctrl/rem_36/n535
	u_bf/sub_36/n246
	u_bf/mult_33/n739
	u_ctrl/rem_36/n537
	u_bf/sub_36/n247
	u_bf/mult_33/FE_RN_611_0
	u_ctrl/rem_36/n538
	u_bf/sub_36/n248
	u_bf/mult_33/n352
	u_ctrl/rem_36/FE_OFN288_n64
	u_bf/sub_36/FE_OFN1979_n94
	u_bf/mult_33/FE_RN_283_0
	u_ctrl/rem_36/u_div_SumTmp_6__1__1_
	u_bf/sub_36/n250
	u_bf/mult_33/FE_OCPN1791_n480
	u_ctrl/rem_36/FE_OFN538_n63
	u_bf/sub_36/n252
	u_bf/mult_33/FE_OCPN1792_n457
	u_ctrl/rem_36/u_div_BInv_7__2_
	u_bf/mult_33/n755
	u_ctrl/rem_36/n185
	u_bf/sub_36/FE_OCPN1827_n137
	u_bf/mult_33/n763
	u_ctrl/rem_36/n186
	u_bf/sub_36/FE_OCPN1845_n95
	u_bf/mult_33/n773
	u_ctrl/rem_36/n191
	u_bf/sub_36/n106
	u_bf/mult_33/n789
	u_ctrl/rem_36/n192
	u_bf/sub_36/n107
	u_bf/mult_33/n391
	u_ctrl/rem_36/n409
	u_bf/mult_34/n601
	u_ctrl/rem_36/u_div_SumTmp_6__2__1_
	u_bf/mult_34/n610
	u_ctrl/rem_36/u_div_SumTmp_4__0__2_
	u_bf/mult_34/n611
	u_ctrl/rem_36/FE_OFN560_n226
	u_bf/add_37/n140
	u_bf/mult_34/n612
	u_ctrl/rem_36/FE_RN_820_0
	u_bf/add_37/n143
	u_bf/mult_34/n618
	u_ctrl/rem_36/n335
	u_bf/add_37/n153
	u_bf/mult_34/n619
	u_ctrl/rem_36/FE_OFN290_n68
	u_bf/add_37/n154
	u_bf/mult_34/n627
	u_ctrl/rem_36/FE_OFN286_n33
	u_bf/add_37/FE_OCPN2000_n379
	u_bf/mult_34/FE_RN_1700_0
	u_bf/mult_34/n634
	u_bf/mult_34/FE_RN_21
	u_ctrl/rem_36/u_div_u_add_PartRem_2_1/n92
	u_bf/mult_34/n121
	u_ctrl/rem_36/u_div_u_add_PartRem_2_1/n97
	u_bf/mult_34/FE_RN_648_0
	u_ctrl/rem_36/u_div_u_add_PartRem_2_1/n98
	u_bf/mult_34/n143
	u_bf/mult_34/n643
	u_bf/mult_34/n156
	u_bf/mult_34/FE_RN_1025_0
	u_bf/mult_34/n167
	u_ctrl/rem_36/u_div_u_add_PartRem_2_2/n101
	u_bf/mult_34/n661
	u_bf/mult_34/n176
	u_bf/mult_34/n82
	u_bf/mult_34/n277
	u_bf/mult_34/n185
	u_ctrl/rem_36/u_div_u_add_PartRem_2_2/n99
	u_bf/mult_34/n278
	u_bf/mult_34/n670
	u_ctrl/rem_36/u_div_u_add_PartRem_2_2/n87
	u_bf/mult_34/n674
	u_ctrl/rem_36/u_div_u_add_PartRem_2_3/n137
	u_bf/mult_34/FE_RN_1228_0
	u_bf/mult_34/n675
	u_bf/mult_34/FE_OCPN2026_n1072
	u_ctrl/rem_36/u_div_u_add_PartRem_2_3/n122
	u_bf/mult_34/n285
	u_bf/mult_34/FE_PSBN1324_n1071
	u_ctrl/rem_36/u_div_u_add_PartRem_2_4/n80
	u_bf/mult_34/n288
	u_bf/mult_34/FE_RN_1
	u_bf/mult_34/FE_RN_1006_0
	u_ctrl/rem_36/u_div_u_add_PartRem_2_4/n82
	u_bf/mult_34/FE_RN_3
	u_bf/mult_34/n691
	sram_din_b_int[16]
	u_bf/mult_34/FE_RN_27
	u_ctrl/rem_36/u_div_u_add_PartRem_2_5/n128
	u_ctrl/rem_36/u_div_SumTmp_1__1__3_
	u_bf/mult_34/n503
	u_ctrl/rem_36/u_div_SumTmp_5__1__3_
	u_bf/mult_34/n504
	u_ctrl/rem_36/u_div_u_add_PartRem_2_6/n132
	u_ctrl/rem_36/u_div_SumTmp_2__1__3_
	u_bf/mult_34/n515
	u_ctrl/rem_36/u_div_u_add_PartRem_2_6/n133
	u_ctrl/rem_36/n157
	u_bf/mult_34/n516
	u_ctrl/rem_36/u_div_u_add_PartRem_2_6/n124
	u_ctrl/rem_36/n158
	u_bf/mult_34/FE_RN_882_0
	u_ctrl/rem_36/u_div_SumTmp_3__1__3_
	u_bf/mult_34/n523
	u_bf/mult_34/n524
	u_ctrl/rem_36/u_div_u_add_PartRem_2_7/n130
	u_bf/mult_34/FE_RN_1080_0
	u_ctrl/rem_36/u_div_u_add_PartRem_2_7/n131
	u_ctrl/rem_36/u_div_u_add_PartRem_1_1/n156
	u_bf/mult_34/n539
	u_ctrl/rem_36/u_div_u_add_B3/n173
	u_bf/mult_34/FE_OCPN1286_FE_OFN526_sub_im_full_11
	u_ctrl/rem_36/u_div_u_add_B3/n178
	u_ctrl/rem_36/u_div_u_add_PartRem_1_2/n115
	u_bf/mult_34/n540
	u_ctrl/rem_36/u_div_u_add_B3/n129
	u_ctrl/rem_36/u_div_u_add_PartRem_1_2/n117
	u_bf/mult_34/n547
	u_ctrl/rem_36/u_div_u_add_B3/n180
	u_ctrl/rem_36/u_div_u_add_PartRem_1_2/FE_RN_1908_0
	u_bf/mult_34/n548
	u_ctrl/rem_36/u_div_u_add_PartRem_1_2/n131
	u_bf/mult_34/FE_OCPN1864_sub_im_full_10
	u_ctrl/rem_36/u_div_u_add_B3/n184
	u_ctrl/rem_36/u_div_u_add_PartRem_1_2/n134
	u_bf/mult_34/n553
	u_ctrl/rem_36/u_div_u_add_B3/n190
	u_bf/mult_34/n554
	u_ctrl/rem_36/u_div_u_add_B3/n191
	u_ctrl/rem_36/u_div_u_add_PartRem_1_3/n167
	u_bf/mult_34/n555
	u_bf/mult_34/FE_RN_729_0
	u_ctrl/rem_36/u_div_u_add_B3/n142
	u_ctrl/rem_36/u_div_u_add_PartRem_1_3/n138
	u_bf/mult_34/n560
	u_ctrl/rem_36/u_div_u_add_B3/n156
	u_ctrl/rem_36/u_div_u_add_PartRem_1_4/n116
	u_bf/mult_34/FE_OCPN1728_n480
	u_ctrl/rem_36/u_div_u_add_B3/n161
	u_ctrl/rem_36/u_div_u_add_PartRem_1_4/n117
	u_bf/mult_34/n569
	u_ctrl/rem_36/u_div_u_add_B5/n164
	u_ctrl/rem_36/u_div_u_add_PartRem_1_4/n102
	u_bf/mult_34/n577
	u_ctrl/rem_36/u_div_u_add_B5/n165
	u_ctrl/rem_36/u_div_u_add_PartRem_1_4/n104
	u_bf/mult_34/n579
	u_ctrl/rem_36/u_div_u_add_PartRem_1_4/n105
	u_bf/mult_34/n980
	u_ctrl/rem_36/u_div_u_add_PartRem_1_4/n109
	u_bf/mult_34/n590
	u_ctrl/rem_36/u_div_u_add_B5/n121
	u_ctrl/rem_36/u_div_u_add_PartRem_1_4/FE_OCPN1572_n111
	u_bf/mult_34/n594
	u_ctrl/rem_36/u_div_u_add_B5/n177
	u_bf/mult_34/FE_RN_1572_0
	u_ctrl/rem_36/u_div_u_add_B5/n153
	u_ctrl/rem_36/u_div_u_add_PartRem_1_5/n168
	u_bf/mult_34/FE_RN_1576_0
	u_ctrl/rem_36/u_div_u_add_PartRem_1_5/n141
	u_bf/mult_34/n418
	u_ctrl/rem_36/u_div_u_add_B5/n157
	u_ctrl/rem_36/u_div_u_add_PartRem_1_5/n135
	u_bf/mult_34/FE_RN_139_0
	u_ctrl/rem_36/u_div_u_add_B5/n158
	u_ctrl/rem_36/u_div_u_add_PartRem_1_5/n139
	u_bf/mult_34/FE_RN_1232_0
	u_ctrl/rem_36/u_div_u_add_PartRem_1_6/FE_RN_49_0
	u_bf/mult_34/n431
	u_ctrl/rem_36/u_div_u_add_B6/n171
	u_ctrl/rem_36/u_div_u_add_PartRem_1_6/n142
	u_bf/mult_34/n432
	u_ctrl/rem_36/u_div_u_add_B6/n122
	u_ctrl/rem_36/u_div_u_add_PartRem_1_6/n143
	u_bf/mult_34/FE_RN_1053_0
	u_ctrl/rem_36/u_div_u_add_B6/n127
	u_ctrl/rem_36/u_div_u_add_PartRem_1_6/n146
	u_bf/mult_34/n443
	u_ctrl/rem_36/u_div_u_add_PartRem_1_7/n166
	u_bf/mult_34/n444
	u_ctrl/rem_36/u_div_u_add_B6/FE_RN_1467_0
	u_ctrl/rem_36/u_div_u_add_PartRem_1_7/n167
	u_bf/mult_34/FE_OCPN1755_n480
	u_ctrl/rem_36/u_div_u_add_B6/n144
	u_bf/mult_34/FE_RN_1590_0
	u_ctrl/rem_36/u_div_u_add_B6/n149
	u_ctrl/rem_36/u_div_u_add_PartRem_1_7/n132
	u_bf/mult_34/FE_OCPN1288_FE_OFN526_sub_im_full_11
	u_ctrl/rem_36/u_div_u_add_PartRem_1_7/n136
	u_bf/mult_34/n704
	u_ctrl/rem_36/u_div_u_add_B6/FE_RN_1465_0
	u_ctrl/div_37/u_div_SumTmp_5__1__3_
	u_bf/mult_34/n708
	u_ctrl/rem_36/u_div_u_add_B6/n152
	u_ctrl/div_37/n367
	u_bf/mult_34/n318
	u_bf/add_21/n126
	u_ctrl/rem_36/u_div_u_add_B6/n155
	u_ctrl/div_37/u_div_SumTmp_4__1__3_
	u_bf/mult_34/FE_RN_929_0
	u_ctrl/rem_36/u_div_u_add_B6/n156
	u_ctrl/div_37/u_div_u_add_PartRem_1_1/n114
	u_bf/mult_34/FE_RN_712_0
	u_ctrl/rem_36/u_div_u_add_B6/FE_OCPN1609_n160
	u_ctrl/div_37/u_div_u_add_PartRem_1_1/n117
	u_bf/mult_34/n321
	u_ctrl/rem_36/u_div_u_add_B6/n161
	u_ctrl/div_37/u_div_u_add_PartRem_1_1/n119
	u_bf/mult_34/n327
	u_ctrl/rem_36/u_div_u_add_B6/n165
	u_ctrl/div_37/u_div_u_add_PartRem_1_1/n148
	u_bf/mult_34/n721
	u_ctrl/rem_36/u_div_u_add_B6/n169
	u_ctrl/div_37/u_div_u_add_PartRem_1_1/n131
	u_bf/mult_34/n722
	u_ctrl/rem_36/u_div_u_add_B7/n171
	u_ctrl/div_37/u_div_u_add_PartRem_1_2/n98
	u_bf/mult_34/n727
	u_ctrl/rem_36/u_div_u_add_B7/FE_RN_303_0
	u_ctrl/div_37/u_div_u_add_PartRem_1_2/FE_RN_699_0
	u_bf/mult_34/n337
	u_ctrl/rem_36/u_div_u_add_B7/FE_RN_1444_0
	u_ctrl/div_37/u_div_u_add_PartRem_1_2/FE_OCPN1575_n133
	u_bf/mult_34/n737
	u_ctrl/rem_36/u_div_u_add_B7/n182
	u_ctrl/div_37/u_div_u_add_PartRem_1_2/n131
	u_bf/mult_34/FE_RN_1313_0
	u_ctrl/rem_36/u_div_u_add_B7/n184
	u_ctrl/div_37/u_div_u_add_PartRem_1_3/n162
	u_bf/mult_34/n755
	u_ctrl/rem_36/u_div_u_add_B7/n186
	u_ctrl/div_37/u_div_u_add_PartRem_1_3/n144
	u_bf/mult_34/n758
	u_ctrl/rem_36/u_div_u_add_B7/n135
	u_ctrl/div_37/u_div_u_add_PartRem_1_3/FE_RN_1515_0
	u_bf/mult_34/FE_RN_727_0
	u_ctrl/rem_36/u_div_u_add_B7/n136
	u_ctrl/div_37/u_div_u_add_PartRem_1_3/n136
	u_bf/add_21/n94
	u_bf/mult_34/FE_RN_1820_0
	u_ctrl/rem_36/u_div_u_add_B7/n191
	u_ctrl/div_37/u_div_u_add_PartRem_1_3/n139
	u_bf/mult_34/FE_RN_1350_0
	u_bf/add_21/n97
	u_ctrl/rem_36/u_div_u_add_B7/n142
	u_ctrl/div_37/u_div_u_add_PartRem_1_4/n111
	u_bf/mult_34/n770
	u_bf/mult_34/n772
	u_ctrl/rem_36/u_div_u_add_B7/n202
	u_ctrl/div_37/u_div_u_add_PartRem_1_4/n118
	u_bf/mult_34/n773
	u_ctrl/div_37/u_div_u_add_PartRem_1_4/n97
	u_bf/mult_34/FE_RN_626_0
	u_bf/add_21/n50
	u_ctrl/rem_36/u_div_u_add_B7/n155
	u_ctrl/div_37/u_div_u_add_PartRem_1_5/n162
	u_bf/mult_34/n787
	u_bf/add_21/n119
	u_ctrl/div_37/u_div_u_add_PartRem_1_5/n163
	u_bf/mult_34/n788
	u_bf/add_21/n53
	u_ctrl/rem_36/u_div_u_add_B7/n169
	u_ctrl/div_37/u_div_u_add_PartRem_1_5/n164
	u_bf/mult_34/n789
	u_ctrl/rem_36/u_div_u_add_B7/FE_RN_1447_0
	u_bf/mult_34/FE_RN_5
	u_ctrl/div_37/u_div_u_add_PartRem_1_5/n128
	u_bf/mult_34/n790
	u_ctrl/div_37/u_div_u_add_PartRem_1_6/n165
	u_bf/mult_34/n793
	u_bf/add_22/n126
	u_ctrl/rem_36/u_div_u_add_PartRem_1_1/n121
	u_ctrl/div_37/u_div_u_add_PartRem_1_6/FE_RN_448_0
	u_bf/add_22/n61
	u_ctrl/n221
	u_ctrl/rem_36/u_div_u_add_PartRem_1_1/n122
	u_ctrl/div_37/u_div_u_add_PartRem_1_6/n127
	u_bf/add_22/n62
	u_ctrl/n84
	u_ctrl/div_37/u_div_u_add_PartRem_1_6/n130
	u_ctrl/n85
	u_ctrl/div_37/u_div_u_add_PartRem_1_6/n133
	u_bf/add_22/n66
	u_ctrl/n88
	u_ctrl/div_37/u_div_u_add_PartRem_1_7/n160
	u_bf/add_22/n69
	u_ctrl/rem_36/n21
	u_ctrl/div_37/u_div_u_add_PartRem_1_7/n164
	u_ctrl/rem_36/n76
	u_ctrl/div_37/u_div_u_add_PartRem_1_7/FE_RN_393_0
	u_ctrl/rem_36/n88
	u_ctrl/rem_36/u_div_u_add_PartRem_1_2/n126
	u_ctrl/div_37/u_div_u_add_PartRem_1_7/n143
	u_ctrl/rem_36/u_div_BInv_6__12_
	u_ctrl/rem_36/u_div_u_add_PartRem_1_2/n105
	u_bf/mult_ir_16_
	u_ctrl/rem_36/n495
	u_ctrl/rem_36/u_div_u_add_PartRem_1_2/n106
	u_ctrl/rem_36/u_div_BInv_3__7_
	u_ctrl/rem_36/u_div_u_add_PartRem_1_3/n127
	u_bf/sub_36/n78
	u_bf/sub_36/n79
	u_ctrl/rem_36/u_div_u_add_PartRem_2_3/n133
	u_ctrl/rem_36/u_div_u_add_PartRem_1_4/n93
	u_bf/sub_36/n111
	u_ctrl/rem_36/u_div_u_add_PartRem_2_5/n136
	u_ctrl/rem_36/u_div_u_add_PartRem_1_4/n94
	u_bf/sub_36/n114
	u_ctrl/rem_36/u_div_u_add_PartRem_2_6/n136
	u_bf/sub_36/n119
	u_bf/sub_36/n83
	u_ctrl/rem_36/u_div_u_add_B3/n123
	u_ctrl/rem_36/u_div_u_add_PartRem_1_5/n149
	u_bf/sub_36/n86
	u_bf/add_22/n111
	u_ctrl/rem_36/u_div_u_add_B3/n183
	u_bf/sub_36/n219
	u_bf/add_22/n116
	u_ctrl/rem_36/u_div_u_add_PartRem_1_5/n152
	u_bf/sub_36/FE_OCPN1794_n107
	u_bf/add_22/n117
	u_ctrl/rem_36/u_div_u_add_B5/n168
	u_ctrl/rem_36/u_div_u_add_PartRem_1_6/n169
	u_bf/sub_36/n126
	u_bf/sub_36/n221
	u_ctrl/rem_36/u_div_u_add_B6/FE_RN_1486_0
	u_ctrl/rem_36/u_div_u_add_PartRem_1_6/n152
	u_bf/sub_36/FE_OCPN1858_n248
	u_ctrl/rem_36/u_div_u_add_B6/FE_RN_523_0
	u_ctrl/rem_36/u_div_u_add_PartRem_1_6/n154
	u_bf/sub_36/n223
	u_ctrl/rem_36/u_div_u_add_B6/FE_RN_1904_0
	u_ctrl/rem_36/u_div_u_add_PartRem_1_7/n157
	u_bf/sub_36/n225
	u_ctrl/rem_36/u_div_u_add_B7/n170
	u_ctrl/rem_36/u_div_u_add_PartRem_1_7/n158
	u_bf/sub_36/n99
	u_ctrl/rem_36/u_div_u_add_B7/n178
	u_bf/sub_36/n423
	u_ctrl/rem_36/u_div_u_add_B7/n129
	u_bf/sub_36/n132
	u_ctrl/rem_36/u_div_u_add_B7/FE_RN_302_0
	u_ctrl/rem_36/u_div_u_add_PartRem_0_1/n121
	u_bf/sub_36/n139
	u_ctrl/rem_36/u_div_u_add_B7/n167
	u_ctrl/rem_36/u_div_u_add_PartRem_0_1/n122
	u_bf/sub_36/n243
	u_bf/sub_36/FE_PSN2045_n246
	u_ctrl/rem_36/u_div_u_add_PartRem_1_3/n149
	u_bf/sub_36/FE_RN_5
	u_ctrl/rem_36/u_div_u_add_PartRem_1_3/n170
	u_bf/sub_36/n17
	u_bf/sub_36/n19
	u_ctrl/rem_36/u_div_u_add_PartRem_1_3/n124
	u_ctrl/rem_36/u_div_u_add_PartRem_0_2/n121
	u_bf/sub_36/FE_RN_684_0
	u_ctrl/rem_36/u_div_u_add_PartRem_1_3/n159
	u_ctrl/rem_36/u_div_u_add_PartRem_0_2/n122
	u_bf/sub_36/FE_OCPN1301_n94
	u_ctrl/rem_36/u_div_u_add_PartRem_1_3/n132
	u_bf/sub_36/n36
	u_ctrl/rem_36/u_div_u_add_PartRem_1_5/n160
	u_bf/sub_36/FE_RN_1593_0
	u_ctrl/rem_36/u_div_u_add_PartRem_0_3/n147
	u_bf/sub_36/n53
	u_bf/sub_36/n54
	u_ctrl/rem_36/u_div_u_add_PartRem_0_3/n190
	u_bf/sub_36/n62
	u_ctrl/rem_36/u_div_u_add_PartRem_0_4/n149
	u_bf/sub_36/n63
	u_ctrl/rem_36/u_div_u_add_PartRem_0_3/n185
	u_bf/sub_36/n67
	u_ctrl/rem_36/u_div_u_add_PartRem_0_3/n206
	u_ctrl/rem_36/u_div_u_add_PartRem_0_4/n121
	u_bf/sub_36/n100
	u_ctrl/rem_36/u_div_u_add_PartRem_0_4/n122
	u_bf/sub_36/FE_OCPN1851_mult_ii_29
	u_ctrl/rem_36/u_div_u_add_PartRem_0_6/n150
	u_bf/add_37/n122
	u_ctrl/div_37/FE_RN_128_0
	u_bf/add_37/n123
	u_ctrl/div_37/u_div_BInv_7__12_
	u_bf/add_37/n127
	u_ctrl/div_37/FE_OCPN1512_u_div_BInv_3__8
	u_ctrl/rem_36/u_div_u_add_PartRem_0_5/n154
	u_bf/add_37/n128
	u_ctrl/div_37/n236
	u_ctrl/rem_36/u_div_u_add_PartRem_0_5/n189
	u_bf/add_37/FE_OCPN1293_n145
	u_ctrl/div_37/FE_RN_285_0
	u_bf/add_37/n133
	u_ctrl/div_37/FE_RN_1684_0
	u_ctrl/rem_36/u_div_u_add_PartRem_0_6/n217
	u_bf/add_37/n134
	u_ctrl/div_37/FE_OCPN1536_u_div_BInv_5__10
	u_ctrl/rem_36/u_div_u_add_PartRem_0_6/n199
	u_bf/add_37/n141
	u_ctrl/div_37/FE_RN_270_0
	u_ctrl/rem_36/u_div_u_add_PartRem_0_6/n171
	u_bf/add_37/n152
	u_ctrl/div_37/u_div_BInv_3__7_
	u_ctrl/rem_36/u_div_u_add_PartRem_0_6/n173
	u_ctrl/div_37/FE_RN_1838_0
	u_bf/mult_34/FE_RN_480_0
	u_ctrl/rem_36/u_div_u_add_PartRem_0_7/n147
	u_ctrl/div_37/n145
	u_ctrl/div_37/FE_OFN268_n133
	u_bf/mult_34/FE_RN_103_0
	u_ctrl/div_37/FE_RN_565_0
	u_bf/mult_34/FE_RN_110_0
	u_ctrl/div_37/u_div_SumTmp_5__1__0_
	u_ctrl/div_37/FE_OCPN1865_u_div_BInv_7__6
	u_bf/mult_34/n86
	u_ctrl/div_37/u_div_SumTmp_2__1__1_
	u_ctrl/div_37/n164
	u_bf/mult_34/FE_RN_244_0
	u_ctrl/div_37/u_div_SumTmp_1__2__0_
	u_ctrl/div_37/n167
	u_ctrl/div_37/n35
	u_ctrl/div_37/FE_OCPN1724_u_div_BInv_7__7
	u_bf/mult_34/FE_RN_72_0
	u_ctrl/div_37/n36
	u_ctrl/div_37/u_div_BInv_5__8_
	u_bf/mult_34/FE_RN_206_0
	u_ctrl/div_37/u_div_BInv_6__3_
	u_ctrl/div_37/n181
	u_bf/mult_34/FE_RN_1672_0
	u_ctrl/div_37/u_div_SumTmp_6__2__1_
	u_sram/FE_OFN322_din_b_q_31
	u_ctrl/div_37/n183
	u_ctrl/div_37/n59
	u_bf/mult_34/FE_OFN1938_n1101
	u_sram/FE_OFN1105_din_b_q_30
	u_ctrl/div_37/n380
	u_ctrl/div_37/u_div_SumTmp_3__1__0_
	sram_din_b_mux[16]
	u_sram/FE_OFN1104_din_b_q_7
	u_ctrl/div_37/u_div_BInv_5__12_
	u_ctrl/div_37/u_div_SumTmp_4__2__2_
	u_ctrl/rem_36/u_div_SumTmp_7__1__3_
	u_sram/FE_OFN1109_din_b_q_2
	u_ctrl/div_37/u_div_BInv_6__11_
	u_ctrl/div_37/u_div_BInv_5__2_
	u_ctrl/rem_36/u_div_SumTmp_4__1__4_
	u_sram/FE_OFN1106_din_b_q_1
	u_ctrl/div_37/u_div_BInv_7__8_
	u_ctrl/div_37/u_div_SumTmp_1__1__0_
	u_ctrl/rem_36/u_div_u_add_PartRem_1_1/n153
	u_sram/FE_OFN303_din_a_q_29
	u_ctrl/div_37/u_div_BInv_5__3_
	u_ctrl/rem_36/u_div_u_add_PartRem_1_1/n154
	u_sram/FE_OFN304_din_a_q_28
	u_ctrl/div_37/u_div_u_add_PartRem_2_3/n142
	u_ctrl/div_37/u_div_SumTmp_2__2__1_
	u_ctrl/rem_36/u_div_u_add_PartRem_1_1/n130
	u_sram/FE_OFN306_din_a_q_27
	u_ctrl/div_37/u_div_u_add_PartRem_2_3/n143
	u_ctrl/div_37/u_div_BInv_7__2_
	u_ctrl/rem_36/u_div_u_add_PartRem_1_1/n133
	u_sram/FE_OFN308_din_a_q_26
	u_ctrl/div_37/u_div_u_add_PartRem_2_3/n138
	u_ctrl/div_37/FE_OFN266_n107
	u_ctrl/rem_36/u_div_u_add_PartRem_1_2/n116
	u_sram/FE_OFN1098_din_b_q_6
	u_ctrl/div_37/u_div_u_add_PartRem_2_5/FE_RN_533_0
	u_ctrl/div_37/n175
	u_ctrl/rem_36/u_div_u_add_PartRem_1_2/n95
	u_sram/FE_OFN301_din_a_q_30
	u_ctrl/div_37/u_div_u_add_PartRem_2_1/n102
	u_ctrl/rem_36/u_div_u_add_PartRem_1_2/n96
	u_sram/FE_OFN1092_din_b_q_24
	u_ctrl/rem_36/u_div_u_add_PartRem_1_2/FE_RN_505_0
	u_sram/FE_OFN1094_din_b_q_22
	u_ctrl/div_37/u_div_u_add_PartRem_2_6/n140
	u_ctrl/div_37/u_div_u_add_PartRem_2_1/n90
	u_ctrl/rem_36/u_div_u_add_PartRem_1_3/n164
	u_sram/FE_OFN1099_din_b_q_28
	u_ctrl/rem_36/u_div_u_add_PartRem_1_3/n165
	u_sram/FE_OFN332_din_b_q_23
	u_ctrl/div_37/u_div_u_add_PartRem_2_7/FE_RN_1814_0
	u_ctrl/div_37/u_div_u_add_PartRem_2_2/n102
	u_ctrl/rem_36/u_div_u_add_PartRem_1_3/n143
	u_sram/FE_OFN344_din_b_q_4
	u_ctrl/div_37/u_div_u_add_PartRem_2_2/n103
	u_ctrl/rem_36/u_div_u_add_PartRem_1_3/n145
	u_sram/FE_OFN1111_din_b_q_9
	u_ctrl/rem_36/u_div_u_add_PartRem_1_4/n91
	u_sram/FE_OFN315_din_a_q_9
	u_ctrl/div_37/u_div_u_add_B3/FE_RN_466_0
	u_ctrl/div_37/u_div_u_add_PartRem_2_2/n93
	u_ctrl/rem_36/u_div_u_add_PartRem_1_4/n99
	u_sram/FE_OFN1131_n
	u_ctrl/div_37/u_div_u_add_PartRem_2_2/n94
	u_sram/FE_OFN310_din_a_q_25
	u_ctrl/rem_36/u_div_u_add_PartRem_1_4/n100
	u_sram/FE_OFN311_din_a_q_24
	u_ctrl/div_37/u_div_u_add_B5/n133
	u_ctrl/div_37/u_div_u_add_PartRem_2_3/n130
	u_ctrl/rem_36/u_div_u_add_PartRem_1_4/n88
	u_sram/FE_OFN312_din_a_q_23
	u_ctrl/div_37/u_div_u_add_B5/n135
	u_ctrl/div_37/u_div_u_add_PartRem_2_3/n133
	u_ctrl/rem_36/u_div_u_add_PartRem_1_5/n162
	u_sram/FE_OFN299_din_a_q_31
	u_ctrl/rem_36/u_div_u_add_PartRem_1_5/n163
	u_sram/FE_OFN343_din_b_q_5
	u_ctrl/div_37/u_div_u_add_B5/FE_RN_584_0
	u_ctrl/div_37/u_div_u_add_PartRem_2_4/n81
	u_ctrl/rem_36/u_div_u_add_PartRem_1_5/n164
	u_sram/FE_OFN317_din_a_q_8
	u_ctrl/rem_36/u_div_u_add_PartRem_1_6/n164
	u_sram/FE_OFN1115_din_b_q_0
	u_ctrl/div_37/u_div_u_add_B7/n142
	u_ctrl/rem_36/u_div_u_add_PartRem_1_6/n141
	u_sram/FE_OFN1112_din_b_q_8
	u_ctrl/div_37/u_div_u_add_B7/FE_RN_1819_0
	u_ctrl/div_37/u_div_u_add_PartRem_2_5/n122
	u_ctrl/rem_36/u_div_u_add_PartRem_1_6/n144
	u_sram/FE_OFN319_din_a_q_7
	u_ctrl/div_37/u_div_u_add_B7/n144
	u_ctrl/div_37/u_div_u_add_PartRem_2_5/n128
	u_ctrl/rem_36/u_div_u_add_PartRem_1_6/FE_RN_51_0
	u_sram/n3
	u_sram/n4
	u_ctrl/div_37/u_div_u_add_B7/FE_RN_1408_0
	u_ctrl/div_37/u_div_u_add_PartRem_2_6/n144
	u_ctrl/rem_36/u_div_u_add_PartRem_1_7/n144
	u_sram/n5
	u_ctrl/div_37/u_div_u_add_PartRem_2_6/n122
	u_ctrl/rem_36/u_div_u_add_PartRem_1_7/n145
	u_sram/n6
	u_ctrl/div_37/u_div_u_add_PartRem_2_6/n127
	u_ctrl/rem_36/u_div_u_add_PartRem_1_7/n146
	u_sram/FE_OFN327_din_b_q_26
	u_ctrl/div_37/u_div_u_add_PartRem_1_3/n158
	u_ctrl/div_37/FE_RN_23_0
	u_sram/FE_OFN329_din_b_q_25
	u_ctrl/div_37/u_div_u_add_PartRem_2_7/n138
	u_ctrl/div_37/u_div_SumTmp_3__1__4_
	u_sram/FE_OFN1103_din_b_q_29
	u_ctrl/div_37/u_div_u_add_PartRem_2_7/n121
	u_ctrl/div_37/u_div_SumTmp_1__1__3_
	u_ctrl/div_37/u_div_u_add_B3/n178
	u_ctrl/div_37/n361
	u_ctrl/div_37/u_div_u_add_B3/FE_RN_253_0
	u_ctrl/div_37/n366
	u_ctrl/div_37/u_div_u_add_B3/n188
	u_ctrl/div_37/u_div_u_add_B3/n189
	u_ctrl/div_37/u_div_u_add_PartRem_1_1/n150
	u_ctrl/div_37/u_div_u_add_B3/n135
	u_ctrl/div_37/u_div_u_add_PartRem_1_1/n152
	u_ctrl/div_37/u_div_u_add_B3/n136
	u_ctrl/div_37/u_div_u_add_PartRem_1_1/n153
	u_ctrl/div_37/u_div_u_add_PartRem_0_6/n154
	u_ctrl/div_37/u_div_u_add_PartRem_1_2/n115
	u_ctrl/div_37/u_div_u_add_B3/n151
	u_ctrl/div_37/u_div_u_add_PartRem_1_2/n104
	u_ctrl/div_37/u_div_u_add_B3/n155
	u_ctrl/div_37/u_div_u_add_PartRem_1_2/FE_OFN534_n123
	u_bf/mult_ir_2_
	u_ctrl/div_37/u_div_u_add_B3/FE_OCPN1868_n175
	u_ctrl/div_37/u_div_u_add_PartRem_1_3/n161
	u_bf/mult_ii_2_
	u_ctrl/div_37/u_div_u_add_B3/n161
	u_bf/sub_36/n209
	u_ctrl/div_37/u_div_u_add_B3/n165
	u_ctrl/div_37/u_div_u_add_PartRem_1_3/FE_RN_1517_0
	u_ctrl/div_37/u_div_u_add_B3/n166
	u_ctrl/div_37/u_div_u_add_PartRem_1_3/n135
	u_bf/sub_36/n390
	u_ctrl/div_37/u_div_u_add_B3/FE_RN_255_0
	u_ctrl/div_37/u_div_u_add_PartRem_1_4/n116
	u_bf/add_37/FE_OFN486_n83
	u_ctrl/div_37/u_div_u_add_B5/n175
	u_ctrl/div_37/u_div_u_add_PartRem_1_4/n109
	u_ctrl/div_37/u_div_u_add_B5/n176
	u_ctrl/div_37/u_div_u_add_PartRem_1_5/n161
	u_bf/mult_31/n605
	u_ctrl/div_37/u_div_u_add_B5/n177
	u_ctrl/div_37/u_div_u_add_PartRem_1_5/n144
	u_bf/mult_31/n606
	u_ctrl/div_37/u_div_u_add_B5/FE_RN_515_0
	u_ctrl/div_37/u_div_u_add_PartRem_1_6/n124
	u_bf/mult_31/n623
	u_ctrl/div_37/u_div_u_add_B5/FE_OCPN1741_FE_OFN262_n77
	u_ctrl/div_37/u_div_u_add_PartRem_1_6/n158
	u_bf/mult_31/n54
	u_ctrl/div_37/u_div_u_add_B5/FE_RN_832_0
	u_ctrl/div_37/u_div_u_add_PartRem_1_6/n159
	u_bf/mult_31/n645
	u_ctrl/div_37/u_div_u_add_PartRem_1_6/n131
	u_bf/mult_31/n646
	u_ctrl/div_37/u_div_u_add_B5/FE_RN_725_0
	u_ctrl/div_37/u_div_u_add_PartRem_1_7/n166
	u_bf/mult_31/n652
	u_ctrl/div_37/u_div_u_add_B5/n140
	u_ctrl/div_37/u_div_u_add_PartRem_1_7/n156
	u_bf/mult_31/n81
	u_ctrl/div_37/u_div_u_add_B5/n146
	u_ctrl/div_37/u_div_u_add_PartRem_1_7/n132
	u_bf/mult_31/n277
	u_bf/mult_ir_30_
	u_bf/mult_31/n278
	u_ctrl/div_37/u_div_u_add_B5/FE_OCPN1531_n192
	u_bf/mult_ir_20_
	u_bf/mult_31/n1096
	u_ctrl/div_37/u_div_u_add_B5/FE_RN_640_0
	u_bf/mult_ir_21_
	u_bf/mult_31/n93
	u_bf/mult_ir_22_
	u_bf/mult_31/n94
	u_ctrl/div_37/u_div_u_add_B5/n160
	u_bf/mult_ir_23_
	u_bf/mult_31/n503
	u_ctrl/div_37/u_div_u_add_B5/n166
	u_bf/mult_ir_24_
	u_bf/mult_31/n504
	u_ctrl/div_37/u_div_u_add_B5/FE_OCPN1591_n181
	u_bf/mult_ir_25_
	u_bf/mult_31/n509
	u_ctrl/div_37/u_div_u_add_B6/n176
	u_bf/mult_ir_27_
	u_bf/mult_31/n510
	u_ctrl/div_37/u_div_u_add_B6/n177
	u_bf/sub_36/n76
	u_bf/mult_31/n523
	u_ctrl/div_37/u_div_u_add_B6/n128
	u_bf/sub_36/n77
	u_bf/mult_31/n524
	u_ctrl/div_37/u_div_u_add_B6/FE_OCPN1718_n175
	u_bf/sub_36/n110
	dbg_stage[3]
	u_bf/mult_31/n401
	u_ctrl/div_37/u_div_u_add_B6/n184
	u_bf/sub_36/n407
	dbg_stage_done
	u_bf/mult_31/n402
	u_ctrl/div_37/u_div_u_add_B6/FE_RN_1428_0
	u_bf/sub_36/n215
	u_bf/mult_31/n429
	u_ctrl/div_37/u_div_u_add_B6/n137
	u_bf/sub_36/n216
	u_bf/mult_31/n430
	u_ctrl/div_37/u_div_u_add_B6/n195
	u_bf/sub_36/n217
	u_bf/mult_31/n439
	u_ctrl/div_37/u_div_u_add_B6/n199
	u_bf/sub_36/n88
	u_bf/mult_31/n440
	u_ctrl/div_37/u_div_u_add_B6/n141
	u_bf/sub_36/n89
	u_bf/mult_31/n451
	u_ctrl/div_37/u_div_u_add_B6/n145
	u_bf/sub_36/n222
	u_bf/mult_31/n452
	u_bf/sub_36/n97
	u_bf/mult_31/n465
	u_ctrl/div_37/u_div_u_add_B6/n201
	u_bf/sub_36/n131
	u_bf/mult_31/n466
	u_ctrl/div_37/u_div_u_add_B6/n202
	u_bf/sub_36/n138
	u_bf/mult_31/n477
	u_ctrl/div_37/u_div_u_add_B6/n150
	u_bf/sub_36/FE_OCPN1834_n100
	u_bf/mult_31/n478
	u_bf/sub_36/FE_OCPN1862_n79
	u_bf/mult_31/n483
	u_ctrl/div_37/u_div_u_add_B6/n168
	u_bf/sub_36/FE_RN_2
	u_bf/mult_31/n484
	u_ctrl/div_37/u_div_u_add_B6/n115
	u_bf/sub_36/FE_RN_3
	u_bf/mult_31/n485
	u_ctrl/div_37/u_div_u_add_B7/n170
	u_bf/sub_36/FE_RN_6
	u_bf/mult_31/n486
	u_bf/sub_36/FE_RN_7
	u_bf/mult_31/n331
	u_ctrl/div_37/u_div_u_add_B7/n172
	u_bf/sub_36/n14
	u_bf/mult_31/n332
	u_ctrl/div_37/u_div_u_add_B7/FE_RN_1405_0
	u_bf/sub_36/n16
	u_bf/mult_31/n335
	u_ctrl/div_37/u_div_u_add_B7/FE_RN_1369_0
	u_bf/sub_36/n18
	u_bf/mult_31/n336
	u_ctrl/div_37/u_div_u_add_B7/n129
	u_bf/sub_36/FE_RN_519_0
	u_bf/mult_31/n738
	u_ctrl/div_37/u_div_u_add_B7/FE_OCPN1573_n203
	u_bf/sub_36/n44
	u_bf/mult_31/n343
	u_ctrl/div_37/u_div_u_add_B7/n185
	u_bf/sub_36/n45
	u_bf/mult_31/n344
	u_ctrl/div_37/u_div_u_add_B7/n188
	u_bf/sub_36/n51
	u_bf/mult_31/n352
	u_ctrl/div_37/u_div_u_add_B7/n131
	u_bf/sub_36/n52
	u_bf/mult_31/n357
	u_bf/sub_36/FE_OCPN1302_n94
	u_bf/mult_31/n358
	u_ctrl/div_37/u_div_u_add_B7/FE_RN_1409_0
	u_bf/sub_36/n60
	u_bf/mult_31/n359
	u_ctrl/div_37/u_div_u_add_B7/n206
	u_bf/sub_36/n61
	u_bf/mult_31/n755
	u_ctrl/div_37/u_div_u_add_B7/n155
	u_bf/sub_36/n394
	u_bf/mult_31/n360
	u_ctrl/div_37/u_div_u_add_B7/n210
	u_bf/sub_36/n5
	u_bf/mult_31/n365
	u_ctrl/div_37/u_div_u_add_B7/n217
	u_bf/sub_36/FE_OCPN1856_n86
	u_bf/mult_31/n366
	u_ctrl/div_37/u_div_u_add_B7/n222
	u_bf/sub_36/n398
	u_bf/mult_31/n377
	u_ctrl/div_37/u_div_u_add_B7/n223
	u_bf/sub_36/n104
	u_bf/mult_31/n378
	u_ctrl/div_37/u_div_u_add_B7/n224
	u_bf/sub_36/n109
	u_bf/mult_31/FE_RN_473_0
	u_bf/mult_31/n789
	u_bf/add_37/n116
	u_bf/mult_32/FE_RN_1040_0
	u_ctrl/div_37/u_div_u_add_PartRem_1_1/n145
	u_bf/add_37/n117
	u_bf/mult_32/FE_RN_667_0
	u_ctrl/div_37/u_div_u_add_PartRem_1_1/n123
	u_bf/add_37/n126
	u_bf/mult_32/n609
	u_bf/add_37/n225
	u_bf/mult_32/FE_RN_484_0
	u_ctrl/div_37/u_div_u_add_PartRem_1_2/FE_RN_1892_0
	u_bf/add_37/n226
	u_bf/mult_32/FE_OCPN1831_n961
	u_ctrl/div_37/u_div_u_add_PartRem_1_2/n97
	u_bf/add_37/n227
	u_bf/mult_32/n612
	u_bf/add_37/n136
	u_bf/mult_32/FE_RN_1626_0
	u_bf/add_37/n137
	u_bf/mult_32/FE_RN_887_0
	u_ctrl/div_37/u_div_u_add_PartRem_1_2/n126
	u_bf/add_37/n139
	u_bf/mult_32/FE_RN_1768_0
	u_ctrl/div_37/u_div_u_add_PartRem_1_2/n127
	u_bf/mult_32/FE_RN_674_0
	u_ctrl/div_37/u_div_u_add_PartRem_1_2/n128
	u_bf/mult_32/n636
	u_ctrl/div_37/u_div_u_add_PartRem_1_3/n153
	u_bf/add_37/n19
	u_bf/mult_32/n641
	u_ctrl/div_37/u_div_u_add_PartRem_1_3/n154
	u_bf/mult_32/n642
	u_ctrl/div_37/u_div_u_add_PartRem_1_3/n155
	u_bf/mult_32/n643
	u_bf/add_37/n362
	u_bf/mult_32/n652
	u_ctrl/div_37/u_div_u_add_PartRem_1_4/n100
	u_bf/add_37/FE_OCPN1735_n134
	u_bf/mult_32/n653
	u_rom/FE_OFN374_ext_din_q_21
	u_ctrl/div_37/u_div_u_add_PartRem_1_4/n101
	u_rom/FE_OFN378_ext_din_q_19
	u_bf/mult_32/n659
	u_bf/mult_32/n660
	u_ctrl/div_37/u_div_u_add_PartRem_1_5/n153
	u_bf/add_37/FE_OCPN1996_n152
	u_bf/mult_32/n81
	u_ctrl/div_37/u_div_u_add_PartRem_1_5/n132
	u_bf/mult_32/n277
	u_bf/mult_32/n278
	u_ctrl/div_37/u_div_u_add_PartRem_1_6/n153
	u_bf/mult_32/n670
	u_ctrl/div_37/u_div_u_add_PartRem_1_6/n155
	u_bf/mult_32/n672
	u_ctrl/div_37/u_div_u_add_PartRem_1_6/n156
	u_bf/mult_32/n674
	u_ctrl/div_37/u_div_u_add_PartRem_1_6/n157
	u_rom/FE_OFN368_ext_din_q_24
	u_bf/mult_32/n675
	u_ctrl/div_37/u_div_u_add_PartRem_1_7/n153
	u_bf/mult_32/FE_RN_1170_0
	u_bf/mult_34/n95
	u_ctrl/div_37/u_div_u_add_PartRem_1_7/n154
	u_bf/mult_32/n283
	u_bf/mult_34/FE_RN_22
	u_bf/mult_32/FE_RN_1678_0
	u_bf/mult_34/n110
	u_ctrl/div_37/u_div_u_add_PartRem_0_1/n129
	u_bf/mult_32/n687
	u_bf/mult_34/n132
	u_ctrl/div_37/u_div_u_add_PartRem_0_1/n107
	u_bf/mult_32/n689
	u_rom/FE_OFN382_ext_din_q_17
	u_ctrl/div_37/u_div_u_add_PartRem_0_2/n123
	u_bf/mult_32/FE_RN_11
	u_bf/mult_32/FE_RN_14
	u_ctrl/div_37/u_div_u_add_PartRem_0_2/n101
	u_ctrl/rem_36/u_div_SumTmp_2__1__4_
	u_bf/mult_32/FE_RN_18
	u_ctrl/div_37/u_div_u_add_PartRem_0_3/n167
	u_ctrl/rem_36/u_div_SumTmp_6__1__4_
	u_bf/mult_32/n503
	u_ctrl/div_37/u_div_u_add_PartRem_0_3/n147
	u_ctrl/rem_36/u_div_SumTmp_4__1__3_
	u_bf/mult_32/n504
	u_rom/FE_OFN372_ext_din_q_22
	u_ctrl/div_37/u_div_u_add_PartRem_0_4/n114
	u_ctrl/rem_36/u_div_SumTmp_4__1__5_
	u_bf/mult_32/n515
	u_ctrl/rem_36/u_div_u_add_PartRem_1_1/n115
	u_bf/mult_32/n516
	u_ctrl/div_37/u_div_u_add_PartRem_0_4/FE_RN_1849_0
	u_ctrl/rem_36/u_div_u_add_PartRem_1_1/n128
	u_bf/mult_32/n519
	u_ctrl/rem_36/u_div_u_add_PartRem_1_1/n150
	u_bf/mult_32/n520
	u_ctrl/div_37/u_div_u_add_PartRem_0_5/n169
	u_ctrl/rem_36/u_div_u_add_PartRem_1_1/n134
	u_bf/mult_32/n523
	u_ctrl/div_37/u_div_u_add_PartRem_0_6/FE_RN_464_0
	u_bf/mult_32/n524
	u_ctrl/div_37/u_div_u_add_PartRem_0_6/FE_RN_1797_0
	u_ctrl/rem_36/u_div_u_add_PartRem_1_2/n133
	u_bf/mult_32/FE_RN_781_0
	u_ctrl/div_37/u_div_u_add_PartRem_0_6/FE_RN_1853_0
	u_ctrl/rem_36/u_div_u_add_PartRem_1_3/n142
	u_bf/mult_32/n540
	u_rom/FE_OFN362_ext_din_q_27
	u_ctrl/div_37/u_div_u_add_PartRem_0_7/n166
	u_ctrl/rem_36/u_div_u_add_PartRem_1_3/n144
	u_bf/mult_32/FE_RN_1162_0
	u_rom/FE_OFN376_ext_din_q_20
	u_ctrl/div_37/u_div_u_add_PartRem_0_7/FE_RN_210_0
	u_ctrl/rem_36/u_div_u_add_PartRem_1_3/n146
	u_bf/mult_32/n559
	u_bf/mult_32/n578
	u_ctrl/rem_36/u_div_u_add_PartRem_1_4/n114
	u_bf/mult_32/FE_RN_915_0
	u_bf/add_re_full[8]
	u_ctrl/rem_36/u_div_u_add_PartRem_1_4/n115
	u_bf/mult_32/n591
	u_rom/FE_OFN366_ext_din_q_25
	u_bf/mult_32/n592
	u_ctrl/rem_36/u_div_u_add_PartRem_1_5/n161
	u_bf/mult_32/n593
	u_bf/FE_OFN459_sub_re_full_7
	u_ctrl/rem_36/u_div_u_add_PartRem_1_5/n143
	u_bf/mult_32/n403
	u_rom/FE_OFN380_ext_din_q_18
	u_bf/sub_re_full_11_
	u_ctrl/rem_36/u_div_u_add_PartRem_1_6/n163
	u_bf/mult_32/n404
	u_bf/FE_OFN535_sub_re_full_6
	u_bf/mult_32/FE_RN_1628_0
	u_ctrl/rem_36/u_div_u_add_PartRem_1_6/n158
	u_bf/mult_32/FE_RN_885_0
	u_bf/sub_re_full_14_
	u_ctrl/rem_36/u_div_u_add_PartRem_1_6/n137
	u_bf/mult_32/FE_RN_855_0
	u_ctrl/rem_36/u_div_u_add_PartRem_1_7/n142
	u_bf/mult_32/FE_RN_1199_0
	u_bf/sub_re_full_15_
	u_ctrl/rem_36/u_div_u_add_PartRem_1_7/n143
	u_bf/mult_32/FE_RN_985_0
	u_bf/sub_re_full_9_
	u_ctrl/rem_36/u_div_u_add_PartRem_1_7/n159
	u_bf/mult_32/FE_RN_190_0
	u_bf/n7
	u_ctrl/rem_36/u_div_u_add_PartRem_1_7/n133
	u_bf/mult_32/FE_RN_989_0
	u_rom/FE_OFN370_ext_din_q_23
	u_bf/sub_re_full_16_
	u_ctrl/div_37/n428
	u_bf/mult_32/n704
	u_bf/sub_im_full_16_
	u_ctrl/div_37/u_div_SumTmp_2__1__3_
	u_bf/mult_32/n706
	u_bf/add_re_full[16]
	u_ctrl/div_37/u_div_SumTmp_7__1__3_
	u_bf/mult_32/n707
	u_rom/FE_OFN1134_n
	u_ctrl/div_37/u_div_SumTmp_3__1__5_
	u_bf/mult_32/n709
	u_bf/sub_im_full_3_
	u_ctrl/div_37/n337
	u_bf/mult_32/n321
	u_rom/FE_OFN360_ext_din_q_28
	u_bf/sub_im_full_5_
	u_ctrl/div_37/u_div_SumTmp_6__1__4_
	u_bf/mult_32/n328
	u_bf/add_im_full[13]
	u_ctrl/div_37/u_div_CryOut_6__1_
	u_bf/mult_32/n721
	u_ctrl/div_37/u_div_u_add_PartRem_1_1/n134
	u_bf/mult_32/n723
	u_bf/add_re_full[5]
	u_bf/mult_32/n338
	u_bf/sub_im_full_6_
	u_ctrl/div_37/u_div_u_add_PartRem_1_2/n118
	u_bf/mult_32/n736
	u_ctrl/div_37/u_div_u_add_PartRem_1_2/n99
	u_bf/mult_32/FE_RN_1086_0
	u_rom/FE_OFN364_ext_din_q_26
	u_bf/add_re_full[6]
	u_ctrl/div_37/u_div_u_add_PartRem_1_2/FE_RN_153_0
	u_bf/mult_32/n758
	u_bf/add_re_full[7]
	u_ctrl/div_37/u_div_u_add_PartRem_1_3/n156
	u_bf/mult_32/n760
	u_bf/sub_23/FE_RN_155_0
	u_ctrl/div_37/u_div_u_add_PartRem_1_3/n157
	u_rom/FE_OFN384_ext_din_q_16
	u_bf/mult_32/n772
	u_bf/sub_23/FE_RN_571_0
	u_bf/mult_32/FE_RN_1175_0
	u_bf/sub_23/FE_RN_867_0
	u_ctrl/div_37/u_div_u_add_PartRem_1_4/n92
	u_bf/mult_32/n391
	u_bf/mult_32/n791
	u_ctrl/div_37/u_div_u_add_PartRem_1_4/n105
	u_bf/mult_32/n792
	u_ctrl/div_37/u_div_u_add_PartRem_1_5/n140
	u_bf/mult_33/FE_RN_193_0
	u_ctrl/div_37/u_div_u_add_PartRem_1_5/n157
	u_bf/mult_33/n601
	u_ctrl/div_37/u_div_u_add_PartRem_1_6/n143
	u_bf/mult_33/n605
	u_rom/FE_OFN358_ext_din_q_29
	u_bf/sub_23/FE_RN_160_0
	u_bf/mult_33/n620
	u_bf/mult_33/n621
	u_ctrl/n225
	u_bf/sub_24/n62
	u_ctrl/div_37/u_div_u_add_PartRem_1_6/n150
	u_bf/mult_33/n628
	u_ctrl/n227
	u_bf/sub_24/n69
	u_ctrl/div_37/u_div_u_add_PartRem_1_7/n165
	u_bf/mult_33/n629
	u_ctrl/n27
	u_bf/sub_24/FE_RN_1106_0
	u_ctrl/n1000
	u_bf/mult_33/n638
	u_bf/sub_24/FE_RN_1754_0
	u_ctrl/div_37/u_div_u_add_PartRem_1_7/n167
	u_bf/mult_33/n639
	u_ctrl/n237
	u_bf/y1_re_full[16]
	u_bf/mult_33/n646
	u_ctrl/n31
	u_bf/sub_24/n78
	u_bf/sub_36/n403
	u_bf/mult_33/FE_RN_618_0
	u_ctrl/n38
	u_bf/sub_24/n28
	u_bf/sub_36/n404
	u_ctrl/FE_RN_1396_0
	u_bf/mult_33/n651
	u_bf/sub_24/n37
	u_bf/sub_36/n405
	u_bf/mult_33/n654
	u_ctrl/n51
	u_bf/sub_24/FE_RN_7
	u_bf/sub_36/n408
	u_bf/mult_33/n655
	u_ctrl/n295
	u_bf/sub_24/FE_RN_8
	u_bf/sub_36/n409
	u_bf/mult_33/n81
	u_ctrl/n93
	u_bf/sub_36/n213
	u_ctrl/FE_RN_1421_0
	u_bf/mult_33/n277
	u_bf/sub_24/FE_RN_796_0
	u_bf/sub_36/n218
	u_bf/mult_33/n278
	u_ctrl/FE_OFN249_n182
	u_bf/sub_36/FE_RN_520_0
	u_bf/mult_33/n1094
	u_ctrl/N56
	u_bf/sub_24/n46
	u_bf/sub_36/n98
	u_bf/mult_33/n501
	u_ctrl/n4
	u_bf/sub_24/n53
	u_bf/sub_36/n130
	u_ctrl/n2800
	u_bf/mult_33/n502
	u_bf/sub_36/n135
	u_bf/mult_33/n515
	u_bf/add_21/n63
	u_bf/sub_36/FE_RN_691_0
	u_bf/mult_33/n516
	u_ctrl/n136
	u_bf/sub_36/FE_OCPN1836_n88
	u_bf/mult_33/n523
	u_ctrl/n140
	u_bf/add_21/n70
	u_bf/sub_36/FE_RN_8
	u_ctrl/n142
	u_bf/mult_33/n524
	u_bf/add_21/n79
	u_bf/sub_36/FE_RN_9
	u_bf/mult_33/n554
	u_ctrl/N96
	u_bf/add_21/n29
	u_bf/sub_36/n15
	u_bf/mult_33/n555
	u_ctrl/FE_RN_1458_0
	u_bf/sub_36/FE_RN_1251_0
	u_bf/mult_33/FE_RN_367_0
	u_ctrl/n165
	u_bf/add_21/n38
	u_bf/sub_36/FE_RN_65_0
	u_ctrl/FE_RN_1397_0
	u_bf/mult_33/n570
	u_bf/add_21/n47
	u_bf/sub_36/n42
	u_bf/mult_33/n586
	u_ctrl/n173
	u_bf/sub_36/n43
	u_bf/mult_33/n590
	u_ctrl/n175
	u_bf/sub_36/n373
	u_bf/mult_33/n591
	u_ctrl/n177
	u_bf/add_21/n54
	u_bf/sub_36/n49
	u_ctrl/FE_RN_13_0
	u_bf/mult_33/n592
	u_bf/mult_33/n596
	u_ctrl/n940
	u_bf/mult_31/n1017
	u_bf/sub_36/FE_RN_1237_0
	u_bf/mult_33/n597
	u_ctrl/n180
	u_bf/mult_31/n1019
	u_bf/sub_36/n50
	u_bf/mult_33/n401
	u_ctrl/n185
	u_bf/mult_31/n18
	u_bf/sub_36/n381
	u_ctrl/FE_OCPN1271_n121
	u_bf/mult_33/n402
	u_bf/mult_31/n1020
	u_bf/sub_36/n58
	u_bf/mult_33/n403
	u_ctrl/n189
	u_bf/mult_31/n1021
	u_bf/sub_36/FE_RN_1249_0
	u_bf/mult_33/n404
	u_ctrl/n190
	u_bf/mult_31/n1022
	u_bf/sub_36/n391
	u_bf/mult_33/n415
	u_ctrl/FE_OCPN1747_FE_OFN246_n109
	u_bf/mult_31/n1026
	u_bf/sub_36/n393
	u_ctrl/FE_RN_2
	u_bf/mult_33/n416
	u_bf/sub_36/n2
	u_bf/mult_33/n439
	u_bf/mult_31/FE_RN_424_0
	u_bf/sub_36/n3
	u_bf/mult_33/FE_RN_1878_0
	u_bf/mult_31/FE_OFN564_n1015
	u_bf/sub_36/n399
	u_bf/mult_33/n440
	u_bf/mult_31/n1045
	u_bf/sub_36/n102
	u_bf/mult_33/FE_OCPN1166_n602
	u_bf/mult_31/n1046
	u_bf/add_37/n78
	u_bf/mult_33/n453
	u_bf/mult_31/n1048
	u_bf/add_37/n79
	u_bf/mult_33/n454
	u_bf/mult_31/n1050
	u_bf/add_37/n111
	u_bf/mult_33/n477
	u_ctrl/add_108/carry[3]
	u_bf/mult_31/n1051
	u_bf/add_37/n83
	u_bf/mult_33/n478
	u_bf/mult_31/n1052
	u_bf/add_37/n86
	u_bf/mult_33/n495
	u_ctrl/rem_36/n223
	u_bf/mult_31/n1053
	u_bf/add_37/n94
	u_bf/mult_33/n496
	u_ctrl/rem_36/n224
	u_bf/add_37/n95
	u_bf/mult_33/FE_RN_194_0
	u_ctrl/rem_36/n228
	u_bf/mult_31/n1065
	u_bf/add_37/n228
	u_ctrl/rem_36/n254
	u_bf/mult_33/n705
	u_bf/add_37/FE_OCPN1782_n116
	u_bf/mult_33/n322
	u_bf/mult_31/n1071
	u_bf/add_37/n131
	u_bf/mult_33/n323
	u_bf/mult_31/n1072
	u_bf/add_37/FE_RN_512_0
	u_bf/mult_33/n324
	u_bf/mult_31/FE_RN_1719_0
	u_bf/add_37/n138
	u_bf/mult_33/n328
	u_bf/mult_31/n679
	u_bf/add_37/FE_OCPN1744_n137
	u_bf/mult_33/n331
	u_bf/mult_31/n696
	u_bf/add_37/FE_OCPN1599_mult_ir_20
	u_bf/mult_33/n332
	u_bf/mult_31/n938
	u_bf/add_37/FE_RN_7
	u_bf/mult_33/n338
	u_bf/mult_31/n940
	u_bf/add_37/n15
	u_bf/mult_33/n738
	u_bf/mult_31/n949
	u_bf/add_37/n16
	u_bf/mult_33/n349
	u_bf/mult_31/n953
	u_bf/add_37/n17
	u_bf/mult_33/n350
	u_bf/mult_31/n985
	u_bf/add_37/n350
	u_bf/mult_33/n357
	u_bf/mult_31/n986
	u_bf/add_37/FE_RN_1119_0
	u_bf/mult_33/n358
	u_bf/mult_31/FE_RN_1340_0
	u_bf/add_37/n36
	u_bf/mult_33/n377
	u_bf/mult_31/n1104
	u_bf/add_37/FE_RN_1438_0
	u_bf/mult_33/n378
	u_ctrl/div_37/u_div_SumTmp_6__2__0_
	u_bf/mult_31/n1109
	u_bf/add_37/n386
	u_bf/mult_33/n379
	u_ctrl/div_37/FE_OFN516_bf_cnt_8
	u_bf/add_37/n62
	u_bf/mult_33/n380
	u_bf/mult_31/n1112
	u_bf/add_37/n63
	u_bf/mult_33/n387
	u_ctrl/div_37/n274
	u_bf/add_37/n100
	u_bf/mult_33/n388
	u_ctrl/div_37/n278
	u_bf/add_37/n106
	u_bf/mult_33/n392
	u_ctrl/div_37/n280
	u_bf/add_37/n107
	u_ctrl/div_37/n281
	u_bf/mult_33/FE_RN_200_0
	u_bf/mult_34/FE_RN_397_0
	u_bf/mult_31/n766
	u_bf/mult_34/n602
	u_ctrl/div_37/u_div_SumTmp_4__2__0_
	u_bf/mult_34/FE_RN_1210_0
	u_bf/mult_32/n1022
	u_bf/mult_34/FE_RN_1790_0
	u_bf/mult_32/n1023
	u_bf/mult_34/FE_RN_280_0
	u_bf/mult_34/n620
	u_bf/mult_32/n1024
	sram_din_b_int[17]
	u_bf/mult_34/n624
	u_bf/mult_32/n24
	u_ctrl/rem_36/u_div_SumTmp_6__1__5_
	u_bf/mult_34/n626
	u_bf/mult_32/n1035
	u_ctrl/rem_36/u_div_SumTmp_7__1__4_
	u_bf/mult_34/n635
	u_bf/mult_32/n1036
	u_ctrl/rem_36/u_div_u_add_PartRem_1_1/n147
	u_bf/mult_34/n636
	u_bf/mult_32/n1037
	u_ctrl/rem_36/u_div_u_add_PartRem_1_1/n149
	u_bf/mult_34/n637
	u_bf/mult_32/n1038
	u_ctrl/rem_36/u_div_u_add_PartRem_1_1/n129
	u_bf/mult_34/n638
	u_bf/mult_32/FE_OFN407_n1002
	u_ctrl/rem_36/u_div_u_add_PartRem_1_2/n111
	u_bf/mult_32/FE_OFN446_n974
	u_ctrl/rem_36/u_div_u_add_PartRem_1_3/n163
	u_bf/mult_34/n651
	u_bf/mult_32/FE_RN_905_0
	u_ctrl/rem_36/u_div_u_add_PartRem_1_3/n141
	u_bf/mult_34/n653
	u_ctrl/rem_36/u_div_u_add_PartRem_1_3/n157
	u_bf/mult_34/n654
	u_ctrl/rem_36/u_div_u_add_PartRem_1_4/n113
	u_bf/mult_34/n655
	u_bf/mult_32/FE_RN_1107_0
	u_ctrl/rem_36/u_div_u_add_PartRem_1_5/n156
	u_bf/mult_34/n81
	u_ctrl/rem_36/u_div_u_add_PartRem_1_5/n157
	u_bf/mult_34/n85
	u_bf/mult_32/n1093
	u_ctrl/rem_36/u_div_u_add_PartRem_1_5/n138
	u_bf/mult_34/n275
	u_bf/mult_32/n1094
	u_ctrl/rem_36/u_div_u_add_PartRem_1_6/n159
	u_bf/mult_34/n672
	u_bf/mult_32/n1095
	u_bf/mult_34/n1097
	u_bf/mult_32/n1096
	u_ctrl/rem_36/u_div_u_add_PartRem_1_7/n165
	u_ctrl/div_37/u_div_u_add_PartRem_2_7/n122
	u_bf/mult_34/n283
	u_bf/mult_34/n689
	u_bf/mult_32/FE_RN_274_0
	u_ctrl/rem_36/u_div_u_add_PartRem_1_7/n131
	u_bf/mult_34/FE_RN_1752_0
	u_ctrl/div_37/u_div_CryOut_3__1_
	u_bf/mult_34/FE_RN_14
	u_bf/mult_32/n947
	u_ctrl/div_37/u_div_SumTmp_4__1__5_
	u_bf/mult_34/FE_RN_15
	u_bf/mult_32/n948
	u_ctrl/div_37/n417
	u_bf/mult_34/FE_RN_1573_0
	u_bf/mult_32/n949
	u_ctrl/div_37/n52
	u_bf/mult_34/FE_RN_20
	u_bf/mult_32/n950
	u_ctrl/div_37/u_div_SumTmp_5__1__4_
	u_bf/mult_34/FE_RN_774_0
	u_bf/mult_32/FE_RN_688_0
	u_ctrl/div_37/n54
	u_bf/mult_34/n519
	u_bf/mult_32/n978
	u_ctrl/div_37/u_div_SumTmp_2__1__4_
	u_bf/mult_34/n520
	u_bf/mult_32/n980
	u_ctrl/div_37/u_div_CryOut_2__1_
	u_bf/mult_34/n933
	u_ctrl/add_94/carry[3]
	u_bf/mult_32/n981
	u_ctrl/div_37/n310
	u_bf/mult_34/FE_RN_930_0
	u_bf/mult_32/n982
	u_ctrl/div_37/n329
	u_bf/mult_34/n541
	u_bf/mult_32/n983
	u_ctrl/div_37/u_div_SumTmp_6__1__3_
	u_bf/mult_34/n542
	u_bf/mult_32/FE_RN_870_0
	u_ctrl/div_37/n365
	u_bf/mult_34/n545
	u_bf/mult_32/n801
	u_ctrl/div_37/u_div_SumTmp_6__1__5_
	u_bf/mult_34/n546
	u_bf/mult_32/FE_RN_1654_0
	u_ctrl/div_37/u_div_CryOut_1__1_
	u_bf/mult_34/n558
	u_bf/mult_32/FE_RN_1624_0
	u_ctrl/div_37/u_div_SumTmp_4__1__4_
	u_bf/mult_34/n559
	u_bf/mult_34/FE_RN_1591_0
	u_bf/mult_32/FE_OFN405_n1000
	u_ctrl/div_37/u_div_u_add_PartRem_1_1/n130
	u_bf/mult_34/n570
	u_bf/mult_32/FE_RN_1104_0
	u_bf/mult_34/n571
	u_bf/mult_32/FE_RN_869_0
	u_bf/mult_34/FE_RN_1822_0
	u_bf/mult_32/FE_OFN406_n1001
	u_ctrl/div_37/u_div_u_add_PartRem_1_2/n100
	u_bf/mult_34/n574
	u_bf/mult_32/n784
	u_bf/mult_34/n575
	u_bf/mult_32/n1009
	u_bf/sub_23/n76
	u_bf/mult_34/FE_RN_1035_0
	u_bf/mult_33/n1013
	u_bf/mult_34/n586
	u_bf/sub_23/n77
	u_bf/mult_33/n1014
	u_bf/mult_34/n587
	u_bf/sub_23/n110
	u_bf/mult_33/n1015
	u_ctrl/div_37/u_div_u_add_PartRem_1_5/n125
	u_bf/mult_34/n593
	u_bf/sub_23/n115
	u_bf/mult_33/n1023
	u_ctrl/div_37/u_div_u_add_PartRem_1_5/n156
	u_bf/sub_23/n116
	u_bf/mult_34/n403
	u_bf/mult_33/n1024
	u_bf/mult_34/n404
	u_bf/sub_23/n118
	u_bf/mult_34/n415
	u_bf/sub_23/n119
	u_bf/mult_33/n48
	u_ctrl/div_37/u_div_u_add_PartRem_1_7/n162
	u_bf/mult_34/n416
	u_bf/sub_23/n81
	u_ctrl/div_37/u_div_u_add_PartRem_1_7/n163
	u_bf/sub_23/n82
	u_bf/mult_34/n429
	u_bf/mult_33/n1060
	u_bf/mult_34/FE_PSN2056_n727
	u_bf/mult_33/n1061
	u_bf/mult_ir_29_
	u_bf/mult_34/n430
	u_bf/sub_23/n88
	u_bf/mult_33/n1062
	u_bf/mult_ir_26_
	u_bf/mult_34/FE_RN_1631_0
	u_bf/sub_23/n89
	u_bf/mult_ir_28_
	u_bf/sub_23/n122
	u_bf/mult_34/n467
	u_bf/sub_36/n72
	u_bf/mult_34/n468
	u_bf/sub_23/n123
	u_bf/mult_33/n1071
	u_bf/sub_36/n73
	u_bf/mult_34/FE_RN_1351_0
	u_bf/sub_23/n124
	u_bf/mult_33/n1072
	u_bf/sub_36/n401
	u_bf/mult_34/n487
	u_bf/sub_23/n93
	u_bf/mult_33/FE_RN_222_0
	u_bf/sub_36/n406
	u_bf/sub_23/n96
	u_bf/mult_34/n488
	u_bf/sub_36/FE_RN_1359_0
	u_bf/mult_34/n706
	u_bf/sub_23/n26
	u_bf/mult_33/n679
	u_bf/sub_36/n129
	u_bf/mult_34/n317
	u_bf/sub_23/n27
	u_bf/mult_33/n681
	u_bf/sub_36/n13
	u_bf/mult_34/n719
	u_bf/sub_23/n35
	u_bf/mult_33/n698
	u_bf/sub_36/FE_RN_1158_0
	u_bf/sub_23/n36
	u_bf/mult_34/n322
	u_bf/mult_33/n924
	u_bf/sub_36/FE_RN_1261_0
	u_bf/mult_34/n323
	u_bf/sub_23/n44
	u_bf/mult_33/FE_RN_1203_0
	u_bf/sub_36/n40
	u_bf/mult_34/n324
	u_bf/sub_23/n45
	u_bf/mult_33/n936
	u_bf/sub_36/n41
	u_bf/mult_34/n328
	u_bf/sub_23/n49
	u_bf/mult_33/n939
	u_bf/sub_36/n374
	u_bf/sub_23/n52
	u_bf/mult_34/FE_RN_1701_0
	u_bf/mult_33/n943
	u_bf/sub_36/n47
	u_bf/mult_34/n338
	u_bf/sub_23/n60
	u_bf/mult_33/n949
	u_bf/sub_36/n48
	u_bf/mult_34/n738
	u_bf/sub_23/n61
	u_bf/mult_33/FE_RN_759_0
	u_bf/sub_36/n380
	u_bf/mult_34/n739
	u_bf/sub_23/n65
	u_bf/mult_33/n980
	u_bf/sub_36/FE_RN_1259_0
	u_bf/sub_23/n68
	u_bf/mult_34/FE_RN_649_0
	u_bf/mult_33/n981
	u_bf/sub_36/n56
	u_bf/mult_34/n740
	u_bf/sub_23/n104
	u_bf/mult_33/n982
	u_bf/sub_36/n57
	u_bf/mult_34/FE_RN_1772_0
	u_bf/sub_23/n105
	u_bf/mult_33/n992
	u_bf/sub_36/FE_RN_1867_0
	u_bf/mult_34/n369
	u_bf/sub_23/n109
	u_bf/mult_33/n800
	u_bf/sub_36/n392
	u_bf/sub_24/n122
	u_bf/mult_34/n775
	u_bf/mult_33/FE_RN_758_0
	u_bf/sub_36/n65
	u_bf/mult_34/n776
	u_bf/sub_24/n123
	u_bf/mult_33/n1103
	u_bf/sub_36/n395
	u_bf/mult_34/n391
	u_bf/sub_24/n124
	u_bf/sub_36/n66
	u_bf/mult_34/n791
	u_bf/sub_24/n60
	u_bf/mult_33/n1112
	u_bf/sub_36/FE_RN_185_0
	u_bf/sub_24/n61
	u_bf/mult_34/n792
	u_bf/mult_33/n1113
	u_bf/add_37/n76
	u_bf/mult_34/n794
	u_bf/sub_24/n65
	u_bf/add_37/FE_PSN2054_n95
	u_bf/sub_24/n68
	u_ctrl/n86
	u_bf/add_37/n217
	u_bf/sub_24/n76
	u_ctrl/rem_36/u_div_BInv_5__10_
	u_bf/sub_24/n77
	u_ctrl/rem_36/u_div_BInv_5__12_
	u_bf/mult_33/n734
	u_bf/add_37/FE_OCPN2036_n78
	u_bf/sub_24/n26
	u_ctrl/rem_36/n77
	u_bf/mult_33/n749
	u_bf/add_37/n221
	u_bf/sub_24/n27
	u_ctrl/rem_36/u_div_BInv_6__10_
	u_bf/mult_33/FE_RN_1742_0
	u_bf/add_37/n223
	u_ctrl/rem_36/n89
	u_bf/mult_33/n766
	u_bf/add_37/n224
	u_bf/sub_24/n81
	u_ctrl/rem_36/u_div_SumTmp_3__0__2_
	u_bf/mult_33/n783
	u_bf/add_37/n98
	u_bf/sub_24/n82
	u_ctrl/rem_36/u_div_SumTmp_3__1__2_
	u_bf/mult_33/n1004
	u_bf/sub_24/n88
	u_ctrl/rem_36/u_div_BInv_7__9_
	u_bf/mult_34/n1012
	u_bf/add_37/n135
	u_bf/sub_24/n89
	u_ctrl/rem_36/u_div_BInv_3__9_
	u_bf/mult_34/n1033
	u_bf/add_37/FE_RN_264_0
	u_bf/sub_24/n35
	u_ctrl/rem_36/u_div_u_add_PartRem_2_3/n138
	u_bf/mult_34/n1034
	u_bf/add_37/FE_RN_1120_0
	u_bf/sub_24/n36
	u_bf/mult_34/n1035
	u_bf/add_37/FE_PSN2048_n79
	u_bf/sub_24/FE_RN_3
	u_bf/mult_34/n1036
	u_bf/add_37/FE_OCPN1522_n350
	u_bf/sub_24/n104
	u_bf/mult_34/FE_RN_1798_0
	u_bf/add_37/n18
	u_bf/sub_24/n105
	u_ctrl/rem_36/u_div_u_add_PartRem_2_6/n140
	u_bf/mult_34/n1045
	u_bf/add_37/FE_OCPN2029_n95
	u_bf/sub_24/n96
	u_bf/mult_34/n48
	u_bf/add_37/FE_RN_1443_0
	u_bf/sub_24/n109
	u_bf/mult_34/FE_RN_1589_0
	u_bf/add_37/FE_OCPN2005_n138
	u_bf/sub_24/n44
	u_ctrl/rem_36/u_div_u_add_B3/n125
	u_bf/mult_34/FE_RN_1737_0
	u_bf/add_37/FE_OCPN2031_n79
	u_bf/sub_24/n45
	u_ctrl/rem_36/u_div_u_add_B3/n127
	u_bf/mult_34/FE_RN_1207_0
	u_bf/add_37/n364
	u_bf/sub_24/n49
	u_bf/mult_34/FE_OFN1088_n
	u_bf/add_37/FE_RN_1435_0
	u_bf/sub_24/n115
	u_ctrl/rem_36/u_div_u_add_B5/n169
	u_bf/mult_34/n962
	u_bf/add_37/n372
	u_bf/sub_24/n116
	u_bf/mult_34/n963
	u_bf/add_37/FE_OCPN1843_n107
	u_bf/sub_24/n118
	u_bf/mult_34/n964
	u_bf/add_37/FE_OCPN1597_n86
	u_bf/sub_24/n119
	u_ctrl/rem_36/u_div_u_add_B6/FE_RN_1485_0
	u_bf/mult_34/n965
	u_bf/add_37/n4
	u_bf/sub_24/n52
	u_bf/mult_34/FE_RN_1751_0
	u_bf/add_37/FE_RN_756_0
	u_ctrl/rem_36/u_div_u_add_B6/FE_RN_1487_0
	u_bf/mult_34/n990
	u_bf/add_37/FE_OCPN2025_n62
	u_bf/add_21/n120
	u_ctrl/rem_36/u_div_u_add_B7/FE_RN_350_0
	u_bf/mult_34/n991
	u_bf/add_21/n123
	u_ctrl/rem_36/u_div_u_add_B7/n130
	u_bf/mult_34/n997
	u_bf/add_37/n104
	u_bf/add_21/n124
	u_ctrl/rem_36/u_div_u_add_B7/n132
	u_bf/mult_34/FE_OFN390_n1000
	u_bf/add_37/FE_OCPN2032_n83
	u_ctrl/rem_36/u_div_u_add_B7/n138
	u_bf/mult_34/FE_RN_1620_0
	u_bf/add_21/n61
	u_ctrl/rem_36/u_div_u_add_B7/n143
	u_bf/mult_34/FE_RN_1766_0
	u_bf/add_21/n62
	u_ctrl/rem_36/u_div_u_add_B7/n200
	u_bf/mult_34/FE_RN_993_0
	u_bf/add_21/n66
	u_ctrl/rem_36/u_div_u_add_B7/n154
	u_bf/mult_34/FE_RN_94_0
	sram_din_b_mux[17]
	u_bf/add_21/n69
	u_bf/mult_34/FE_OFN1087_n
	u_ctrl/group_idx[5]
	u_bf/add_21/n130
	u_ctrl/rem_36/u_div_u_add_B7/FE_RN_352_0
	u_bf/mult_34/FE_RN_1030_0
	u_ctrl/rem_36/u_div_CryOut_6__1_
	u_bf/add_21/n136
	u_bf/mult_34/n1102
	u_ctrl/rem_36/u_div_CryOut_1__1_
	u_bf/add_21/n77
	u_bf/mult_34/n1103
	u_ctrl/rem_36/u_div_SumTmp_1__1__4_
	u_bf/add_21/n78
	u_ctrl/rem_36/u_div_u_add_PartRem_1_3/n130
	u_bf/mult_34/n1104
	u_ctrl/rem_36/u_div_SumTmp_5__1__4_
	u_bf/add_21/n27
	u_bf/mult_34/n1105
	u_ctrl/rem_36/n543
	u_bf/add_21/n28
	u_bf/mult_34/n1106
	u_ctrl/rem_36/u_div_SumTmp_3__1__4_
	u_bf/add_21/n140
	u_bf/mult_34/n1107
	u_ctrl/rem_36/u_div_SumTmp_7__1__5_
	u_ctrl/rem_36/u_div_CryOut_5__1_
	u_bf/add_21/n82
	u_bf/mult_34/FE_RN_1575_0
	u_bf/add_21/n83
	u_ctrl/rem_36/u_div_u_add_PartRem_0_3/n182
	u_bf/add_21/n89
	u_ctrl/rem_36/u_div_u_add_PartRem_1_1/n127
	u_bf/add_21/n36
	sram_we_a_mux
	u_ctrl/rem_36/u_div_u_add_PartRem_1_2/FE_OCPN1579_n111
	u_bf/add_21/n37
	sram_we_b_mux
	u_ctrl/rem_36/u_div_u_add_PartRem_1_2/FE_RN_504_0
	u_bf/add_21/n90
	n5
	u_ctrl/rem_36/u_div_u_add_PartRem_1_3/n162
	u_bf/add_21/n105
	n6
	u_bf/add_21/n106
	u_ctrl/div_37/n115
	n7
	u_ctrl/rem_36/u_div_u_add_PartRem_1_3/n137
	u_bf/add_21/n45
	u_ctrl/div_37/FE_RN_707_0
	n8
	u_bf/add_21/n46
	u_ctrl/div_37/n146
	n50
	u_ctrl/div_37/n148
	n51
	u_bf/add_22/n120
	u_ctrl/div_37/u_div_BInv_3__10_
	u_ctrl/rem_36/u_div_u_add_PartRem_1_5/n134
	u_bf/add_22/n123
	u_ctrl/div_37/n165
	u_bf/add_22/n124
	u_ctrl/div_37/n168
	bf_y0_re[15]
	u_ctrl/rem_36/u_div_u_add_PartRem_1_7/n164
	u_bf/add_22/n60
	u_ctrl/div_37/FE_OCPN1508_u_div_BInv_7__8
	bf_y0_re[7]
	u_bf/add_22/n131
	u_ctrl/div_37/n178
	bf_y0_re[6]
	u_ctrl/div_37/n416
	u_bf/add_22/n132
	u_ctrl/div_37/n182
	bf_y0_re[5]
	u_ctrl/div_37/n418
	u_bf/add_22/n139
	u_ctrl/div_37/n184
	bf_y0_re[4]
	u_ctrl/div_37/u_div_CryOut_5__1_
	u_bf/add_22/n77
	u_ctrl/div_37/u_div_BInv_5__9_
	bf_y0_im[12]
	u_ctrl/div_37/n53
	u_bf/add_22/n78
	u_ctrl/div_37/FE_OCPN1539_u_div_BInv_6__11
	u_rom/FE_OFN1992_FE_OFN1124_n
	u_ctrl/div_37/n55
	u_bf/add_22/n27
	u_ctrl/div_37/u_div_u_add_PartRem_2_3/n141
	u_rom/n5
	u_bf/add_22/n28
	u_ctrl/n218
	u_ctrl/div_37/u_div_SumTmp_5__1__5_
	u_bf/add_22/n82
	u_ctrl/div_37/u_div_u_add_PartRem_2_3/n123
	u_ctrl/FE_RN_1449_0
	u_ctrl/div_37/u_div_SumTmp_2__1__5_
	u_bf/add_22/n83
	u_ctrl/div_37/u_div_u_add_PartRem_2_5/n139
	u_ctrl/n20
	u_ctrl/div_37/n302
	u_bf/add_22/n89
	u_ctrl/n2200
	u_ctrl/div_37/FE_OCPN1320_n417
	u_bf/add_22/n36
	u_ctrl/div_37/u_div_u_add_PartRem_2_6/n141
	u_ctrl/n2600
	u_ctrl/div_37/n330
	u_bf/add_22/n37
	u_ctrl/div_37/u_div_u_add_PartRem_2_6/n138
	u_ctrl/N82
	u_ctrl/div_37/n331
	u_bf/add_22/n90
	u_ctrl/div_37/u_div_u_add_PartRem_2_7/n141
	u_ctrl/n540
	u_ctrl/div_37/n336
	u_bf/add_22/n94
	u_ctrl/div_37/u_div_u_add_PartRem_2_7/n139
	u_ctrl/n740
	u_ctrl/div_37/u_div_SumTmp_1__1__4_
	u_bf/add_22/n105
	u_ctrl/n2100
	u_ctrl/div_37/n360
	u_bf/add_22/n106
	u_ctrl/div_37/u_div_u_add_B5/n136
	u_ctrl/div_37/u_div_u_add_PartRem_1_1/n115
	u_bf/add_22/n97
	u_ctrl/rem_36/n18
	u_bf/add_22/n109
	u_ctrl/div_37/u_div_u_add_B7/n145
	u_ctrl/rem_36/u_div_BInv_5__3_
	u_bf/add_22/n45
	u_ctrl/div_37/u_div_u_add_B7/FE_RN_1406_0
	u_ctrl/rem_36/u_div_SumTmp_5__1__1_
	u_bf/add_22/n46
	u_ctrl/rem_36/n504
	u_bf/add_22/n110
	u_ctrl/rem_36/u_div_BInv_6__3_
	u_ctrl/div_37/u_div_u_add_PartRem_1_7/n141
	u_bf/add_22/n50
	u_ctrl/rem_36/n184
	u_bf/y1_re_full[18]
	u_bf/add_22/n119
	u_ctrl/rem_36/u_div_BInv_7__3_
	u_bf/y1_im_full[15]
	u_bf/add_22/n53
	u_ctrl/rem_36/u_div_SumTmp_2__2__2_
	u_bf/y1_im_full[17]
	u_bf/add_22/n59
	u_ctrl/rem_36/n435
	u_bf/y1_re_full[17]
	u_bf/mult_31/n819
	u_ctrl/div_37/u_div_u_add_PartRem_0_3/FE_OCPN1319_u_div_BInv_3__7
	u_ctrl/rem_36/n436
	u_bf/sub_36/n115
	u_ctrl/div_37/u_div_u_add_PartRem_0_5/n147
	u_ctrl/rem_36/n490
	u_bf/sub_36/n81
	u_ctrl/rem_36/FE_OFN536_u_div_BInv_7__2
	u_bf/sub_36/n82
	u_ctrl/rem_36/u_div_SumTmp_3__2__1_
	u_bf/sub_36/FE_RN_842_0
	u_bf/mult_ri_3_
	u_ctrl/rem_36/n330
	u_bf/sub_36/n124
	u_bf/mult_ir_3_
	u_ctrl/rem_36/u_div_SumTmp_5__0__1_
	u_bf/sub_36/FE_RN_1666_0
	u_bf/mult_ii_3_
	u_ctrl/rem_36/u_div_u_add_PartRem_2_1/n100
	u_bf/sub_36/FE_RN_680_0
	u_bf/mult_rr_3_
	u_ctrl/rem_36/u_div_u_add_PartRem_2_1/n101
	u_bf/sub_36/FE_RN_839_0
	u_bf/sub_36/n206
	u_ctrl/rem_36/u_div_u_add_PartRem_2_1/n102
	u_bf/sub_36/FE_RN_681_0
	u_bf/sub_36/n270
	u_ctrl/rem_36/u_div_u_add_PartRem_2_1/n104
	u_bf/sub_36/n38
	u_ctrl/rem_36/u_div_u_add_PartRem_2_1/n90
	u_bf/sub_36/n39
	u_bf/sub_36/FE_RN_14_0
	u_bf/add_37/n204
	u_ctrl/rem_36/u_div_u_add_PartRem_2_2/n100
	u_bf/add_37/n205
	u_ctrl/rem_36/u_div_u_add_PartRem_2_2/n102
	u_bf/sub_36/n1
	u_bf/add_37/n209
	u_ctrl/rem_36/u_div_u_add_PartRem_2_2/n103
	u_bf/add_37/n352
	u_bf/sub_36/n108
	u_ctrl/rem_36/u_div_u_add_PartRem_2_2/n98
	u_bf/add_37/n70
	u_ctrl/rem_36/u_div_u_add_PartRem_2_3/n126
	u_bf/mult_31/n604
	u_bf/add_37/n219
	u_bf/mult_31/n620
	u_ctrl/rem_36/u_div_u_add_PartRem_2_4/n81
	u_bf/add_37/n88
	u_bf/mult_31/n621
	u_bf/add_37/n89
	u_bf/mult_31/n624
	u_ctrl/rem_36/u_div_u_add_PartRem_2_5/n130
	u_bf/add_37/n220
	u_bf/mult_31/FE_RN_1734_0
	u_ctrl/rem_36/u_div_u_add_PartRem_2_5/n131
	u_bf/add_37/FE_RN_2
	u_bf/mult_31/n55
	u_bf/add_37/FE_RN_3
	u_bf/mult_31/n654
	u_ctrl/rem_36/u_div_u_add_PartRem_2_6/n144
	u_bf/add_37/FE_RN_6
	u_bf/mult_31/n655
	u_ctrl/rem_36/u_div_u_add_PartRem_2_6/n131
	u_bf/add_37/n12
	u_ctrl/rem_36/u_div_u_add_PartRem_2_6/n129
	u_bf/add_37/FE_RN_8
	u_bf/mult_31/n275
	u_bf/add_37/n13
	u_bf/mult_31/n276
	u_ctrl/rem_36/u_div_u_add_PartRem_2_7/n122
	u_bf/add_37/n14
	u_bf/mult_31/n1099
	u_ctrl/rem_36/u_div_u_add_PartRem_2_7/n126
	u_bf/add_37/n355
	u_bf/mult_31/FE_OCPN1804_n738
	u_ctrl/rem_36/u_div_u_add_PartRem_2_7/n127
	u_bf/add_37/n361
	u_bf/mult_31/n500
	u_ctrl/rem_36/u_div_u_add_PartRem_2_7/n128
	u_bf/add_37/n363
	u_bf/mult_31/n515
	u_ctrl/rem_36/u_div_u_add_B3/n170
	u_bf/add_37/n371
	u_bf/mult_31/n516
	u_ctrl/rem_36/u_div_u_add_B3/n172
	u_bf/add_37/n44
	u_bf/mult_31/n519
	u_ctrl/rem_36/u_div_u_add_B3/n174
	u_bf/add_37/n374
	u_bf/mult_31/n520
	u_ctrl/rem_36/u_div_u_add_B3/n126
	u_bf/add_37/n45
	u_bf/mult_31/FE_RN_1733_0
	u_ctrl/rem_36/u_div_u_add_B3/n188
	u_bf/add_37/FE_OCPN1998_n76
	u_bf/mult_31/n979
	u_ctrl/rem_36/u_div_u_add_B3/n189
	u_bf/add_37/FE_RN_1246_0
	u_bf/mult_31/n980
	u_ctrl/rem_36/u_div_u_add_B3/FE_OFN952_n182
	u_bf/add_37/FE_RN_1204_0
	u_bf/mult_31/n411
	u_ctrl/rem_36/u_div_u_add_B3/n137
	u_bf/add_37/FE_OCPN2038_n79
	u_bf/mult_31/n412
	u_ctrl/rem_36/u_div_u_add_B3/FE_OFN951_n182
	u_bf/add_37/FE_RN_1248_0
	u_bf/mult_31/n427
	u_ctrl/rem_36/u_div_u_add_B3/n192
	u_bf/add_37/n53
	u_bf/mult_31/n428
	u_ctrl/rem_36/u_div_u_add_B3/n143
	u_bf/add_37/n54
	u_bf/mult_31/FE_RN_1732_0
	u_ctrl/rem_36/u_div_u_add_B3/n157
	u_bf/mult_31/n453
	u_ctrl/rem_36/u_div_u_add_B3/n159
	u_bf/add_37/n67
	u_bf/mult_31/n454
	u_ctrl/rem_36/u_div_u_add_B3/FE_RN_451_0
	u_bf/add_37/n7
	u_bf/mult_31/n473
	u_ctrl/rem_36/u_div_u_add_B3/n163
	u_bf/add_37/n102
	u_bf/mult_31/n474
	u_ctrl/rem_36/u_div_u_add_B3/n168
	u_bf/add_37/n103
	u_bf/mult_31/n493
	u_ctrl/rem_36/u_div_u_add_B5/n160
	u_bf/mult_31/n494
	sram_din_b_int[19]
	u_bf/mult_31/n499
	u_ctrl/rem_36/u_div_u_add_B5/n116
	sram_din_b_int[18]
	u_bf/mult_31/n317
	u_ctrl/rem_36/u_div_u_add_B5/n118
	sram_din_b_int[2]
	u_bf/mult_31/n325
	u_ctrl/rem_36/u_div_u_add_B5/n143
	sram_din_b_int[0]
	u_bf/mult_31/n326
	u_ctrl/rem_36/u_div_u_add_B5/n124
	u_ctrl/FE_OCPN1624_group_idx_5
	u_bf/mult_31/n329
	u_ctrl/rem_36/u_div_u_add_B5/n179
	u_ctrl/rem_36/n30
	u_bf/mult_31/n330
	u_ctrl/rem_36/u_div_u_add_B5/n126
	u_ctrl/rem_36/u_div_SumTmp_1__1__5_
	u_bf/mult_31/n341
	u_ctrl/rem_36/u_div_u_add_B5/n154
	u_ctrl/rem_36/u_div_SumTmp_5__1__5_
	u_bf/mult_31/n342
	u_ctrl/rem_36/u_div_u_add_B5/n156
	u_ctrl/rem_36/u_div_CryOut_2__1_
	u_bf/mult_31/n347
	u_ctrl/rem_36/u_div_u_add_B5/FE_RN_1518_0
	u_ctrl/rem_36/u_div_SumTmp_3__1__5_
	u_bf/mult_31/n348
	u_ctrl/rem_36/u_div_u_add_B6/n173
	u_ctrl/rem_36/n475
	u_sram/FE_OFN305_din_a_q_28
	u_bf/mult_31/n349
	u_ctrl/rem_36/u_div_u_add_B6/n120
	u_ctrl/rem_36/n477
	u_sram/FE_OFN307_din_a_q_27
	u_bf/mult_31/n350
	u_ctrl/rem_36/u_div_u_add_B6/n125
	u_ctrl/rem_36/FE_RN_4
	u_sram/FE_OFN309_din_a_q_26
	u_bf/mult_31/n355
	u_ctrl/rem_36/u_div_u_add_B6/n126
	u_sram/FE_OFN316_din_a_q_9
	u_bf/mult_31/n356
	u_ctrl/rem_36/u_div_u_add_B6/n129
	u_ctrl/rem_36/u_div_u_add_PartRem_1_2/n98
	u_sram/FE_OFN300_din_a_q_31
	u_bf/mult_31/n363
	u_ctrl/rem_36/u_div_u_add_B6/n180
	u_sram/FE_OFN302_din_a_q_30
	u_bf/mult_31/n364
	u_ctrl/rem_36/u_div_u_add_B6/n181
	u_ctrl/rem_36/u_div_u_add_PartRem_1_3/n158
	u_sram/FE_OFN1093_din_b_q_24
	u_bf/mult_32/n601
	u_ctrl/rem_36/u_div_u_add_B6/n182
	u_sram/FE_OFN330_din_b_q_25
	u_bf/mult_32/n602
	u_ctrl/rem_36/u_div_u_add_B6/n183
	u_sram/FE_OFN333_din_b_q_23
	u_bf/mult_32/n605
	u_ctrl/rem_36/u_div_u_add_PartRem_1_7/n160
	u_sram/FE_OFN318_din_a_q_8
	u_bf/mult_32/n611
	u_ctrl/rem_36/u_div_u_add_B6/FE_RN_240_0
	u_ctrl/div_37/n19
	u_sram/FE_OFN320_din_a_q_7
	u_bf/mult_32/n624
	u_ctrl/rem_36/u_div_u_add_B6/n150
	u_ctrl/div_37/n47
	u_sram/FE_OFN345_din_b_q_4
	u_bf/mult_32/n625
	u_ctrl/rem_36/u_div_u_add_B6/n151
	u_ctrl/div_37/n308
	u_sram/FE_OFN328_din_b_q_26
	u_bf/mult_32/n626
	u_ctrl/rem_36/u_div_u_add_B6/n157
	u_ctrl/div_37/n338
	u_bf/mult_32/n637
	u_ctrl/rem_36/u_div_u_add_B6/n159
	u_ctrl/div_37/u_div_SumTmp_1__1__5_
	u_bf/mult_32/n638
	u_ctrl/rem_36/u_div_u_add_B6/n163
	u_ctrl/div_37/FE_RN_1612_0
	u_bf/mult_32/n656
	u_ctrl/rem_36/u_div_u_add_B7/n172
	u_bf/mult_32/n657
	u_ctrl/rem_36/u_div_u_add_B7/n175
	u_ctrl/div_37/u_div_u_add_PartRem_1_7/FE_OCPN2013_n141
	u_bf/mult_32/n658
	u_ctrl/rem_36/u_div_u_add_B7/n177
	u_ctrl/div_37/u_div_u_add_PartRem_1_7/FE_RN_70_0
	u_ctrl/rem_36/u_div_u_add_B7/FE_RN_710_0
	u_bf/mult_32/n269
	u_ctrl/rem_36/u_div_u_add_B7/n181
	u_bf/mult_32/n1082
	u_ctrl/rem_36/u_div_u_add_B7/n189
	u_bf/mult_32/n1085
	u_ctrl/rem_36/u_div_u_add_B7/n141
	u_bf/y1_im_full[18]
	u_bf/mult_32/n270
	u_ctrl/rem_36/u_div_u_add_B7/n147
	u_bf/mult_32/n275
	u_ctrl/rem_36/u_div_u_add_B7/FE_RN_3
	u_bf/mult_32/n673
	u_ctrl/rem_36/u_div_u_add_B7/FE_RN_438_0
	u_bf/sub_36/n410
	u_bf/mult_32/n690
	u_ctrl/rem_36/u_div_u_add_B7/n201
	u_bf/sub_36/n411
	u_bf/mult_32/n509
	u_bf/sub_36/n412
	u_bf/mult_32/n510
	u_ctrl/rem_36/u_div_u_add_B7/n168
	u_bf/sub_36/FE_RN_843_0
	u_bf/mult_32/n513
	u_ctrl/rem_36/u_div_u_add_PartRem_1_1/n119
	u_bf/sub_36/FE_RN_690_0
	u_bf/mult_32/n514
	u_ctrl/rem_36/u_div_u_add_PartRem_1_1/n141
	u_bf/sub_36/FE_RN_692_0
	u_bf/mult_32/FE_RN_1629_0
	u_ctrl/rem_36/u_div_u_add_PartRem_1_1/n145
	u_bf/sub_36/FE_RN_1260_0
	u_bf/mult_32/FE_RN_856_0
	u_ctrl/rem_36/u_div_u_add_PartRem_1_1/n146
	u_bf/sub_36/FE_RN_1250_0
	u_bf/mult_32/n541
	u_ctrl/rem_36/u_div_u_add_PartRem_1_1/n139
	u_bf/sub_36/FE_RN_939_0
	u_bf/mult_32/n542
	u_bf/add_37/n110
	u_bf/mult_32/n543
	u_ctrl/rem_36/u_div_u_add_PartRem_1_2/n127
	u_bf/add_37/n115
	u_bf/mult_32/n546
	u_ctrl/rem_36/u_div_u_add_PartRem_1_2/n128
	u_bf/add_37/FE_OCPN1604_n88
	u_bf/mult_32/FE_RN_908_0
	u_ctrl/rem_36/u_div_u_add_PartRem_1_3/n155
	u_bf/add_37/n215
	u_bf/mult_32/n554
	u_ctrl/rem_36/u_div_u_add_PartRem_1_3/n156
	u_bf/add_37/n124
	u_bf/mult_32/n555
	u_ctrl/rem_36/u_div_u_add_PartRem_1_4/n120
	u_bf/add_37/FE_RN_875_0
	u_bf/mult_32/n556
	u_ctrl/rem_36/u_div_u_add_PartRem_1_4/n89
	u_bf/add_37/n91
	u_bf/mult_32/n570
	u_bf/mult_32/n571
	u_bf/add_37/n130
	u_bf/mult_32/n572
	u_ctrl/rem_36/u_div_u_add_PartRem_1_5/n147
	u_bf/add_37/FE_RN_1
	u_bf/mult_32/n573
	u_ctrl/rem_36/u_div_u_add_PartRem_1_5/n125
	u_bf/add_37/FE_RN_4
	u_bf/mult_32/n574
	u_bf/add_37/FE_RN_829_0
	u_bf/mult_32/n575
	u_ctrl/rem_36/u_div_u_add_PartRem_1_6/n168
	u_bf/add_37/FE_RN_5
	u_bf/mult_32/n576
	u_ctrl/rem_36/u_div_u_add_PartRem_1_6/n150
	u_bf/add_37/FE_OCPN2037_n70
	u_bf/mult_32/n587
	u_ctrl/rem_36/u_div_u_add_PartRem_1_6/n153
	u_bf/add_37/FE_OCPN2021_n103
	u_bf/mult_32/n588
	u_bf/add_37/n356
	u_bf/mult_32/FE_OCPN1777_n277
	u_bf/add_37/n358
	u_bf/mult_32/FE_RN_747_0
	u_ctrl/rem_36/u_div_u_add_PartRem_1_7/n152
	u_bf/add_37/n360
	u_bf/mult_32/n429
	u_ctrl/rem_36/u_div_u_add_PartRem_1_7/n155
	u_bf/add_37/FE_RN_490_0
	u_bf/mult_32/FE_OCPN1779_n641
	u_bf/add_37/n42
	u_bf/mult_32/n430
	u_ctrl/rem_36/u_div_u_add_PartRem_0_1/n118
	u_bf/add_37/n43
	u_bf/mult_32/n441
	u_ctrl/rem_36/u_div_u_add_PartRem_0_1/n119
	u_bf/add_37/n375
	u_bf/mult_32/n442
	u_rom/FE_OFN1118_n
	u_ctrl/rem_36/u_div_u_add_PartRem_0_1/n147
	u_bf/add_37/FE_RN_1247_0
	u_bf/mult_32/n443
	u_ctrl/rem_36/u_div_u_add_PartRem_0_1/n149
	u_bf/add_37/n51
	u_bf/mult_32/n444
	u_ctrl/n232
	u_ctrl/rem_36/u_div_u_add_PartRem_0_1/n153
	u_bf/add_37/FE_RN_421_0
	u_bf/mult_32/FE_RN_1105_0
	u_ctrl/n32
	u_ctrl/rem_36/u_div_u_add_PartRem_0_1/n154
	u_bf/add_37/n60
	u_bf/mult_32/n495
	u_ctrl/n33
	u_ctrl/rem_36/u_div_u_add_PartRem_0_2/n117
	u_bf/add_37/n61
	u_ctrl/n36
	u_bf/mult_32/n496
	u_ctrl/rem_36/u_div_u_add_PartRem_0_2/n118
	u_bf/add_37/FE_OCPN1694_n67
	u_bf/mult_32/n317
	u_ctrl/n42
	u_ctrl/rem_36/u_div_u_add_PartRem_0_2/n119
	u_bf/add_37/n2
	u_bf/mult_32/n719
	u_ctrl/n43
	u_bf/add_37/n3
	u_bf/mult_32/n322
	u_ctrl/n44
	u_ctrl/rem_36/u_div_u_add_PartRem_0_2/n150
	u_bf/add_37/FE_OCPN2028_n102
	u_ctrl/n49
	u_bf/mult_32/n323
	u_ctrl/rem_36/u_div_u_add_PartRem_0_2/n151
	u_bf/add_37/FE_RN_777_0
	u_bf/mult_32/n324
	u_ctrl/n50
	u_ctrl/rem_36/u_div_u_add_PartRem_0_3/n193
	u_bf/add_37/FE_RN_423_0
	u_bf/mult_32/n720
	u_ctrl/FE_OCPN1582_n1000
	u_ctrl/rem_36/u_div_u_add_PartRem_0_3/n194
	u_bf/add_37/FE_RN_488_0
	u_bf/mult_32/n724
	u_ctrl/n90
	u_ctrl/rem_36/u_div_u_add_PartRem_0_4/n119
	u_bf/add_37/n109
	u_ctrl/n91
	u_bf/mult_32/n738
	u_ctrl/rem_36/u_div_u_add_PartRem_0_4/FE_RN_1856_0
	sram_din_b_int[3]
	u_bf/mult_32/n741
	u_ctrl/n112
	sram_din_b_mux[19]
	u_bf/mult_32/n755
	u_ctrl/n115
	sram_din_b_mux[18]
	u_bf/mult_32/n757
	u_ctrl/n117
	u_ctrl/rem_36/u_div_u_add_PartRem_0_5/n146
	sram_din_b_mux[2]
	u_ctrl/N57
	u_bf/mult_32/n369
	sram_din_b_mux[0]
	u_bf/mult_32/n379
	u_ctrl/n124
	u_ctrl/rem_36/u_div_u_add_PartRem_0_5/n187
	u_ctrl/rem_36/FE_RN_6_0
	u_bf/mult_32/n774
	u_ctrl/n125
	u_ctrl/rem_36/u_div_u_add_PartRem_0_6/n202
	u_ctrl/rem_36/n29
	u_bf/mult_32/n380
	u_ctrl/N74
	u_ctrl/rem_36/n98
	u_ctrl/N75
	u_bf/mult_32/FE_RN_1679_0
	u_ctrl/rem_36/u_div_u_add_PartRem_0_7/n193
	u_ctrl/rem_36/FE_RN_550_0
	u_bf/mult_32/n789
	u_ctrl/n138
	u_ctrl/rem_36/u_div_u_add_PartRem_0_7/n194
	u_ctrl/rem_36/u_div_CryOut_7__1_
	u_bf/mult_32/n392
	u_ctrl/FE_RN_1456_0
	u_ctrl/rem_36/u_div_CryOut_3__1_
	u_bf/mult_33/n603
	u_ctrl/n152
	u_ctrl/div_37/n10
	u_ctrl/rem_36/FE_OCPN1667_n475
	u_ctrl/n155
	u_bf/mult_33/n604
	u_ctrl/div_37/u_div_SumTmp_5__1__1_
	u_ctrl/rem_36/u_div_u_add_PartRem_1_2/n99
	u_bf/mult_33/FE_RN_197_0
	u_ctrl/N97
	u_ctrl/div_37/FE_OFN259_u_div_BInv_5__3
	u_ctrl/n160
	u_ctrl/div_37/u_div_SumTmp_1__2__1_
	u_bf/mult_33/FE_RN_1883_0
	u_ctrl/n164
	u_ctrl/div_37/u_div_BInv_6__4_
	u_ctrl/div_37/n87
	u_ctrl/n169
	u_bf/mult_33/FE_OFN930_n321
	u_ctrl/div_37/n60
	u_ctrl/div_37/n301
	u_bf/mult_33/n275
	u_ctrl/div_37/n61
	u_ctrl/div_37/n303
	u_bf/mult_33/n276
	u_ctrl/FE_OFN250_n295
	u_ctrl/div_37/u_div_BInv_3__2_
	u_ctrl/div_37/n309
	u_bf/mult_33/FE_RN_621_0
	u_ctrl/n170
	u_ctrl/div_37/u_div_SumTmp_6__1__1_
	u_ctrl/div_37/n311
	u_ctrl/n211
	u_bf/mult_33/n1097
	u_ctrl/div_37/n143
	u_ctrl/div_37/n212
	u_bf/mult_33/n93
	u_ctrl/n212
	u_ctrl/div_37/u_div_SumTmp_5__2__1_
	u_ctrl/div_37/u_div_u_add_PartRem_1_7/n155
	u_bf/mult_33/n94
	u_ctrl/add_103/carry[2]
	u_ctrl/div_37/n153
	u_ctrl/div_37/u_div_u_add_PartRem_1_7/n137
	u_bf/mult_33/FE_RN_293_0
	u_ctrl/div_37/u_div_SumTmp_7__2__1_
	u_ctrl/mult_39/n149
	u_bf/mult_33/n503
	u_ctrl/div_37/n156
	u_ctrl/mult_39/n155
	u_bf/mult_33/n504
	u_ctrl/div_37/n176
	u_bf/y1_re_full[19]
	u_bf/mult_33/n509
	u_ctrl/add_108/carry[4]
	u_ctrl/div_37/FE_OFN258_u_div_BInv_5__2
	u_bf/y1_re_full[20]
	u_bf/mult_33/n510
	u_ctrl/div_37/n388
	u_bf/y1_re_full[21]
	u_ctrl/rem_36/n220
	u_bf/mult_33/n513
	u_ctrl/div_37/u_div_SumTmp_4__1__2_
	u_bf/y1_im_full[16]
	u_bf/mult_33/n514
	u_ctrl/rem_36/n222
	u_ctrl/div_37/u_div_SumTmp_3__2__1_
	u_bf/mult_33/n519
	u_ctrl/rem_36/n227
	u_ctrl/div_37/FE_OCPN1749_u_div_BInv_5__3
	u_bf/sub_36/n71
	u_bf/mult_33/n520
	u_ctrl/div_37/FE_OFN421_u_div_BInv_7__2
	u_bf/sub_36/FE_RN_187_0
	u_ctrl/rem_36/n42
	u_bf/mult_33/n571
	u_ctrl/div_37/u_div_u_add_PartRem_2_1/n106
	u_bf/sub_36/FE_RN_840_0
	u_bf/mult_33/n572
	u_ctrl/rem_36/n235
	u_ctrl/div_37/u_div_u_add_PartRem_2_1/n99
	u_bf/mult_33/FE_OCPN1772_n586
	u_ctrl/rem_36/n240
	u_bf/sub_36/n80
	u_bf/mult_33/n584
	u_ctrl/rem_36/n243
	u_ctrl/div_37/u_div_u_add_PartRem_2_2/n88
	u_bf/sub_36/FE_RN_844_0
	u_ctrl/rem_36/n249
	u_bf/mult_33/n413
	u_ctrl/div_37/u_div_u_add_PartRem_2_2/n101
	u_bf/sub_36/n96
	u_bf/mult_33/FE_RN_318_0
	u_ctrl/rem_36/n251
	u_ctrl/div_37/u_div_u_add_PartRem_2_2/n96
	u_bf/mult_33/n414
	u_ctrl/rem_36/n252
	u_ctrl/div_37/u_div_u_add_PartRem_2_2/n99
	u_bf/mult_33/n425
	u_bf/sub_36/FE_RN_940_0
	u_bf/mult_33/n426
	u_ctrl/div_37/u_div_u_add_PartRem_2_3/n139
	u_bf/sub_36/FE_RN_682_0
	u_bf/mult_33/n427
	u_ctrl/div_37/u_div_u_add_PartRem_2_3/n129
	u_bf/sub_36/n37
	u_bf/mult_33/n428
	u_bf/sub_36/FE_RN_1716_0
	u_bf/mult_33/n429
	u_ctrl/rem_36/u_div_u_add_PartRem_2_3/n125
	u_ctrl/div_37/u_div_u_add_PartRem_2_4/n80
	u_bf/sub_36/n64
	u_bf/mult_33/n430
	u_bf/add_37/n72
	u_bf/mult_33/FE_RN_321_0
	u_ctrl/div_37/u_div_u_add_PartRem_2_5/n130
	u_bf/add_37/n73
	u_bf/mult_33/FE_PSN2060_n655
	u_ctrl/div_37/u_div_u_add_PartRem_2_5/n129
	u_bf/mult_33/FE_RN_616_0
	u_bf/add_37/FE_RN_1839_0
	u_bf/mult_33/n451
	u_ctrl/div_37/u_div_u_add_PartRem_2_6/n129
	u_bf/add_37/n218
	u_bf/mult_33/n452
	u_bf/add_37/FE_RN_876_0
	u_bf/mult_33/n465
	u_ctrl/div_37/u_div_u_add_PartRem_2_7/n127
	u_bf/add_37/FE_RN_1688_0
	u_bf/mult_33/n466
	u_bf/add_37/FE_RN_1111_0
	u_bf/mult_33/FE_RN_295_0
	u_ctrl/div_37/u_div_u_add_B3/n173
	u_bf/add_37/FE_RN_1112_0
	u_bf/mult_33/n497
	u_ctrl/div_37/u_div_u_add_B3/n120
	u_bf/add_37/FE_RN_538_0
	u_bf/mult_33/n498
	u_ctrl/rem_36/u_div_u_add_PartRem_0_5/n156
	u_ctrl/div_37/u_div_u_add_B3/FE_RN_465_0
	u_bf/add_37/n357
	u_bf/mult_33/n317
	u_ctrl/rem_36/u_div_u_add_PartRem_0_6/n175
	u_ctrl/div_37/u_div_u_add_B3/n186
	u_bf/add_37/n40
	u_ctrl/div_37/u_div_SumTmp_2__1__0_
	u_bf/mult_33/n325
	u_ctrl/div_37/u_div_u_add_B3/n187
	u_bf/add_37/n370
	u_bf/mult_33/n326
	u_ctrl/div_37/u_div_u_add_B3/n131
	u_bf/add_37/n41
	u_bf/mult_33/FE_RN_1873_0
	u_ctrl/div_37/u_div_u_add_B3/n132
	u_bf/add_37/FE_RN_1840_0
	u_bf/mult_33/n335
	u_ctrl/div_37/n247
	u_bf/add_37/n376
	u_ctrl/div_37/n248
	u_bf/mult_33/n336
	u_bf/add_37/n49
	u_bf/mult_33/FE_RN_1877_0
	u_ctrl/div_37/n249
	u_bf/add_37/FE_RN_1541_0
	u_bf/mult_33/FE_RN_324_0
	u_ctrl/div_37/u_div_u_add_B3/n152
	u_bf/add_37/n58
	u_bf/mult_33/FE_RN_619_0
	u_ctrl/div_37/n250
	u_ctrl/div_37/u_div_u_add_B3/n156
	u_bf/add_37/FE_RN_776_0
	u_ctrl/div_37/n251
	u_bf/mult_33/FE_RN_1880_0
	u_ctrl/div_37/u_div_u_add_B3/n162
	u_bf/add_37/n65
	u_bf/mult_33/n367
	u_ctrl/div_37/n252
	u_ctrl/div_37/u_div_u_add_B3/n163
	u_bf/add_37/n66
	u_bf/mult_33/n368
	u_ctrl/div_37/n254
	u_ctrl/div_37/u_div_u_add_B3/n114
	u_bf/add_37/n5
	u_bf/mult_34/n604
	u_ctrl/div_37/u_div_u_add_B3/n116
	u_bf/add_37/n6
	u_ctrl/div_37/n256
	u_bf/mult_34/n605
	u_ctrl/div_37/u_div_u_add_B5/n170
	u_bf/add_37/n108
	u_bf/mult_34/n606
	u_ctrl/div_37/n263
	u_ctrl/div_37/u_div_u_add_B5/n171
	u_bf/mult_34/n609
	u_ctrl/div_37/n271
	u_ctrl/div_37/u_div_u_add_B5/n174
	u_bf/mult_34/n621
	u_ctrl/div_37/n275
	u_ctrl/div_37/u_div_u_add_B5/n121
	u_ctrl/div_37/n276
	u_bf/mult_34/n623
	u_ctrl/div_37/u_div_u_add_B5/n122
	u_bf/mult_34/n625
	u_ctrl/div_37/n277
	u_ctrl/div_37/u_div_u_add_B5/n123
	sram_din_b_int[22]
	u_bf/mult_34/n54
	u_ctrl/div_37/u_div_u_add_B5/n129
	sram_din_b_int[21]
	u_bf/mult_34/FE_RN_782_0
	u_ctrl/div_37/u_div_u_add_B5/n180
	sram_din_b_int[20]
	u_bf/mult_34/n642
	u_ctrl/div_37/u_div_u_add_B5/n139
	sram_din_b_int[1]
	u_bf/mult_34/n652
	u_ctrl/div_37/n204
	u_ctrl/div_37/u_div_u_add_B5/FE_OCPN1871_n176
	sram_din_b_mux[3]
	u_bf/mult_34/n656
	u_ctrl/div_37/u_div_u_add_B5/n190
	u_ctrl/group_idx[4]
	u_bf/mult_34/n657
	u_ctrl/div_37/u_div_u_add_PartRem_2_1/n94
	u_ctrl/div_37/u_div_u_add_B5/n143
	u_ctrl/rem_36/FE_RN_1842_0
	u_bf/mult_34/n658
	u_ctrl/rem_36/n75
	u_bf/mult_34/n659
	u_ctrl/div_37/u_div_u_add_B5/FE_OCPN1634_FE_OFN262_n77
	u_ctrl/rem_36/u_div_SumTmp_2__1__5_
	u_ctrl/div_37/u_div_u_add_B5/FE_RN_477_0
	u_ctrl/rem_36/n472
	u_bf/mult_34/n79
	u_ctrl/rem_36/n6
	u_ctrl/div_37/u_div_u_add_PartRem_2_4/n79
	u_bf/mult_34/n269
	u_ctrl/div_37/u_div_u_add_B5/n111
	u_ctrl/rem_36/FE_RN_1843_0
	u_bf/mult_34/n660
	u_ctrl/div_37/u_div_u_add_B5/n115
	u_bf/mult_34/n80
	u_ctrl/div_37/u_div_u_add_B5/FE_RN_1116_0
	u_ctrl/div_37/n407
	u_bf/mult_34/n270
	u_ctrl/div_37/u_div_u_add_B6/n174
	u_ctrl/div_37/n18
	u_bf/mult_34/n273
	u_ctrl/div_37/u_div_u_add_B6/n124
	u_ctrl/div_37/n221
	u_bf/mult_34/n1094
	u_ctrl/div_37/u_div_u_add_B6/n133
	u_ctrl/div_37/n415
	u_bf/mult_34/n93
	u_ctrl/div_37/u_div_u_add_B6/n134
	u_bf/mult_34/n94
	u_ctrl/div_37/u_div_u_add_B6/n135
	u_ctrl/div_37/FE_OFN1925_n303
	u_bf/mult_34/FE_RN_233_0
	u_ctrl/div_37/u_div_u_add_B6/n139
	u_ctrl/div_37/u_div_SumTmp_7__1__4_
	u_bf/mult_34/n930
	u_ctrl/div_37/u_div_u_add_B6/n194
	u_ctrl/div_37/u_div_CryOut_7__1_
	u_bf/mult_34/n543
	u_ctrl/div_37/u_div_u_add_B6/n149
	u_ctrl/div_37/n82
	u_bf/mult_34/n544
	u_ctrl/div_37/u_div_u_add_B6/FE_OCPN1702_n177
	u_ctrl/div_37/FE_OCPN1318_n303
	u_bf/mult_34/n556
	u_ctrl/div_37/n90
	u_bf/mult_34/n557
	u_ctrl/div_37/u_div_u_add_B6/FE_RN_543_0
	u_ctrl/div_37/n127
	u_bf/mult_34/n572
	u_ctrl/div_37/n206
	u_bf/mult_34/n573
	u_ctrl/div_37/u_div_u_add_B6/FE_RN_541_0
	u_ctrl/div_37/n207
	u_bf/mult_34/n576
	u_ctrl/div_37/u_div_u_add_B6/n117
	u_ctrl/div_37/n208
	u_bf/mult_34/n585
	u_ctrl/div_37/FE_RN_5
	u_bf/mult_34/n592
	u_ctrl/div_37/u_div_u_add_PartRem_0_4/n109
	u_ctrl/div_37/u_div_u_add_B7/FE_RN_1383_0
	u_ctrl/div_37/n401
	u_bf/mult_34/n401
	u_ctrl/div_37/u_div_u_add_B7/n130
	u_bf/mult_34/n402
	u_ctrl/div_37/u_div_u_add_B7/n194
	u_bf/mult_34/n455
	u_ctrl/div_37/u_div_u_add_B7/FE_RN_1381_0
	u_ctrl/div_37/u_div_u_add_PartRem_1_7/n128
	u_bf/mult_34/n456
	u_ctrl/div_37/u_div_u_add_B7/n196
	u_ctrl/mult_39/n229
	u_bf/mult_34/FE_RN_873_0
	u_ctrl/div_37/u_div_u_add_B7/n208
	u_ctrl/mult_39/n135
	u_bf/mult_34/FE_OCPN1738_n775
	u_ctrl/div_37/u_div_u_add_B7/FE_RN_526_0
	u_bf/mult_34/n723
	u_ctrl/div_37/u_div_u_add_B7/n214
	u_ctrl/mult_39/n140
	u_bf/mult_34/n331
	u_ctrl/div_37/u_div_u_add_B7/FE_RN_97_0
	u_ctrl/mult_39/n228
	u_bf/mult_34/n332
	u_ctrl/add_94/carry[4]
	u_ctrl/div_37/u_div_u_add_B7/n161
	u_bf/mult_34/FE_RN_783_0
	u_ctrl/div_37/u_div_u_add_B7/n165
	u_bf/mult_34/n351
	u_ctrl/div_37/u_div_u_add_B7/n166
	u_bf/y1_re_full[22]
	u_bf/mult_34/n359
	u_ctrl/div_37/u_div_u_add_B7/n169
	u_bf/mult_34/n757
	u_ctrl/div_37/u_div_u_add_B7/FE_RN_607_0
	u_bf/mult_34/n360
	u_ctrl/div_37/u_div_u_add_B7/n220
	u_bf/y1_im_full[20]
	u_bf/mult_34/n370
	u_bf/sub_23/n70
	u_ctrl/div_37/u_div_u_add_B7/n221
	u_bf/sub_36/FE_RN_188_0
	u_bf/mult_34/n379
	u_bf/sub_23/n71
	u_bf/sub_36/FE_RN_1195_0
	u_bf/mult_34/n774
	u_bf/sub_23/n79
	u_ctrl/div_37/u_div_u_add_PartRem_1_1/n140
	u_bf/sub_36/FE_RN_556_0
	u_bf/sub_23/FE_OCPN1733_n61
	u_bf/mult_34/n380
	u_ctrl/div_37/u_div_u_add_PartRem_1_1/n142
	u_bf/mult_34/n392
	u_bf/sub_23/n113
	u_ctrl/div_37/u_div_u_add_PartRem_1_1/n124
	u_bf/sub_36/FE_RN_683_0
	u_bf/sub_23/n114
	u_ctrl/rem_36/u_div_BInv_5__11_
	u_bf/sub_36/FE_RN_937_0
	u_bf/sub_23/n217
	u_ctrl/rem_36/n84
	u_ctrl/div_37/u_div_u_add_PartRem_1_2/n124
	u_bf/sub_36/FE_RN_938_0
	u_bf/sub_23/n86
	u_ctrl/rem_36/u_div_BInv_7__12_
	u_ctrl/div_37/u_div_u_add_PartRem_1_2/n105
	u_bf/sub_36/FE_RN_792_0
	u_bf/sub_23/n87
	u_ctrl/rem_36/n416
	u_ctrl/div_37/u_div_u_add_PartRem_1_2/n107
	u_bf/sub_36/FE_RN_919_0
	u_bf/sub_23/n121
	u_ctrl/rem_36/u_div_BInv_7__7_
	u_ctrl/div_37/u_div_u_add_PartRem_1_3/n151
	u_bf/sub_36/FE_RN_1556_0
	u_bf/sub_23/n127
	u_ctrl/rem_36/n497
	u_ctrl/div_37/u_div_u_add_PartRem_1_3/n130
	u_bf/add_37/n71
	u_bf/sub_23/n129
	u_ctrl/rem_36/FE_OCPN1711_u_div_BInv_7__9
	u_ctrl/div_37/u_div_u_add_PartRem_1_4/n113
	u_bf/add_37/FE_RN_540_0
	u_bf/sub_23/n98
	u_ctrl/rem_36/u_div_u_add_PartRem_2_3/n141
	u_ctrl/div_37/u_div_u_add_PartRem_1_4/n95
	u_bf/add_37/FE_PSN2061_n370
	u_bf/sub_23/n99
	u_ctrl/rem_36/u_div_u_add_PartRem_2_5/n140
	u_bf/add_37/n96
	u_bf/sub_23/n131
	u_ctrl/rem_36/u_div_u_add_PartRem_2_5/n143
	u_ctrl/div_37/u_div_u_add_PartRem_1_4/n88
	u_bf/add_37/FE_RN_877_0
	u_bf/sub_23/n134
	u_bf/add_37/FE_RN_824_0
	u_bf/sub_23/n136
	u_ctrl/rem_36/u_div_u_add_PartRem_2_6/n139
	u_bf/add_37/FE_RN_878_0
	u_bf/sub_23/n137
	u_bf/add_37/FE_OCPN2019_n370
	u_bf/sub_23/n139
	u_ctrl/div_37/u_div_u_add_PartRem_1_5/n151
	u_bf/add_37/FE_RN_1689_0
	u_bf/sub_23/FE_OCPN1605_n105
	u_ctrl/rem_36/u_div_u_add_B3/n128
	u_bf/add_37/FE_RN_826_0
	u_bf/sub_23/FE_OCPN1593_n52
	u_ctrl/div_37/u_div_u_add_PartRem_1_6/n168
	u_bf/add_37/FE_RN_539_0
	u_bf/sub_23/FE_PSN2059_n116
	u_ctrl/rem_36/u_div_u_add_B6/FE_RN_1482_0
	u_ctrl/div_37/u_div_u_add_PartRem_1_6/n169
	u_bf/sub_23/FE_RN_2
	u_ctrl/rem_36/u_div_u_add_B7/FE_RN_440_0
	u_bf/add_37/FE_RN_81_0
	u_bf/sub_23/FE_RN_3
	u_ctrl/rem_36/u_div_u_add_B7/n133
	u_bf/add_37/n359
	u_bf/sub_23/FE_OCPN1693_n49
	u_ctrl/rem_36/u_div_u_add_B7/n140
	u_ctrl/div_37/u_div_u_add_PartRem_1_6/n152
	u_bf/add_37/FE_RN_83_0
	u_bf/sub_23/FE_RN_5
	u_ctrl/rem_36/u_div_u_add_B7/FE_RN_439_0
	u_bf/add_37/n38
	u_bf/sub_23/n12
	u_ctrl/div_37/u_div_u_add_PartRem_1_6/n138
	u_bf/add_37/n39
	u_bf/sub_23/FE_OCPN1570_n110
	u_ctrl/rem_36/u_div_u_add_B7/FE_RN_125_0
	u_ctrl/div_37/u_div_u_add_PartRem_1_7/n148
	u_bf/add_37/n369
	u_bf/sub_23/FE_OCPN1653_n65
	u_bf/add_37/n373
	u_bf/sub_23/FE_OCPN1682_n68
	u_ctrl/rem_36/u_div_u_add_PartRem_1_5/n158
	u_ctrl/div_37/u_div_u_add_PartRem_1_7/n151
	u_bf/add_37/FE_RN_1841_0
	u_bf/sub_23/n24
	u_ctrl/rem_36/u_div_u_add_PartRem_1_6/n160
	u_bf/add_37/n64
	u_bf/sub_23/n25
	u_ctrl/rem_36/u_div_u_add_PartRem_1_6/n162
	u_ctrl/div_37/u_div_u_add_PartRem_0_1/n112
	u_bf/add_37/FE_RN_422_0
	u_bf/sub_23/FE_OCPN1525_n82
	u_bf/sub_23/FE_OCPN1844_n119
	u_ctrl/rem_36/u_div_u_add_PartRem_0_5/n198
	u_ctrl/div_37/u_div_u_add_PartRem_0_2/n110
	sram_din_b_int[23]
	u_bf/sub_23/n33
	u_ctrl/rem_36/u_div_u_add_PartRem_0_6/n209
	sram_din_b_int[5]
	u_bf/sub_23/n34
	sram_din_b_mux[22]
	u_bf/sub_23/FE_OCPN1628_n65
	u_ctrl/div_37/u_div_BInv_7__11_
	u_ctrl/div_37/u_div_u_add_PartRem_0_2/FE_RN_1844_0
	sram_din_b_mux[21]
	u_bf/sub_23/n42
	u_ctrl/div_37/n233
	u_ctrl/div_37/u_div_u_add_PartRem_0_3/FE_RN_1858_0
	sram_din_b_mux[20]
	u_bf/sub_23/FE_OCPN1689_n68
	u_ctrl/div_37/n116
	u_ctrl/div_37/u_div_u_add_PartRem_0_4/n110
	sram_din_b_mux[1]
	u_bf/sub_23/n43
	u_ctrl/div_37/n137
	u_ctrl/div_37/u_div_u_add_PartRem_0_4/n113
	u_ctrl/rem_36/n99
	u_bf/sub_23/FE_OCPN1717_n119
	u_ctrl/div_37/n147
	u_ctrl/div_37/u_div_u_add_PartRem_0_4/FE_RN_167_0
	u_ctrl/rem_36/n294
	u_bf/sub_23/n59
	u_ctrl/div_37/n149
	u_ctrl/rem_36/n295
	u_bf/sub_23/FE_PSN2075_n124
	u_ctrl/div_37/FE_OCPN1497_u_div_BInv_3__10
	u_ctrl/rem_36/FE_OFN1929_n99
	u_bf/sub_23/n4
	u_ctrl/div_37/n179
	u_ctrl/div_37/u_div_u_add_PartRem_0_5/FE_RN_1387_0
	u_ctrl/rem_36/n126
	u_bf/sub_24/FE_OCPN1565_n96
	u_ctrl/div_37/u_div_BInv_5__11_
	u_ctrl/rem_36/n302
	u_bf/sub_24/n121
	u_ctrl/div_37/n191
	u_ctrl/div_37/n12
	u_bf/sub_24/n127
	u_ctrl/div_37/u_div_BInv_7__10_
	u_ctrl/div_37/u_div_u_add_PartRem_0_7/FE_RN_1792_0
	u_ctrl/div_37/n414
	u_bf/sub_24/n129
	u_ctrl/div_37/u_div_u_add_PartRem_2_3/n140
	u_bf/add_re_full[9]
	u_ctrl/div_37/n222
	u_bf/sub_24/n12
	u_ctrl/div_37/u_div_u_add_PartRem_2_5/n135
	u_ctrl/div_37/n223
	u_bf/sub_24/n14
	u_ctrl/div_37/u_div_u_add_PartRem_2_5/n138
	u_bf/FE_OCPN1281_FE_OFN528_sub_im_full_5
	u_ctrl/div_37/n419
	u_bf/sub_24/FE_RN_1632_0
	u_bf/sub_re_full_12_
	u_ctrl/div_37/n23
	u_bf/sub_24/n17
	u_ctrl/div_37/u_div_u_add_PartRem_2_6/n137
	u_bf/add_re_full[10]
	u_ctrl/div_37/n421
	u_bf/sub_24/FE_OCPN1615_n118
	u_ctrl/div_37/u_div_u_add_PartRem_2_7/n140
	u_bf/add_re_full[11]
	u_ctrl/div_37/n33
	u_bf/sub_24/n130
	u_bf/add_re_full[12]
	u_ctrl/div_37/u_div_SumTmp_7__1__5_
	u_bf/sub_24/n4
	u_bf/FE_OFN517_sub_re_full_16
	u_ctrl/div_37/n286
	u_bf/sub_24/n131
	u_bf/n8
	u_ctrl/div_37/n289
	u_bf/sub_24/n7
	u_bf/add_re_full[13]
	u_ctrl/div_37/n83
	u_bf/sub_24/n136
	u_bf/FE_OCPN1303_sub_im_full_16
	u_ctrl/div_37/n304
	u_bf/sub_24/n70
	u_bf/mult_ir_0_
	u_ctrl/div_37/n8
	u_bf/sub_24/n71
	u_bf/add_re_full[14]
	u_ctrl/div_37/n314
	u_bf/sub_24/FE_OCPN1623_n124
	u_ctrl/div_37/u_div_u_add_PartRem_1_6/n160
	u_bf/FE_OFN528_sub_im_full_5
	u_ctrl/div_37/n317
	u_bf/sub_24/n79
	u_ctrl/div_37/u_div_u_add_PartRem_1_6/n162
	u_bf/add_re_full[15]
	u_ctrl/div_37/FE_RN_24_0
	u_bf/sub_24/n24
	u_bf/mult_ii_0_
	u_ctrl/div_37/FE_RN_804_0
	u_bf/sub_24/n25
	u_ctrl/div_37/n335
	u_bf/sub_24/FE_OCPN1163_n82
	u_ctrl/div_37/n341
	u_bf/sub_24/FE_OCPN2027_n116
	u_ctrl/div_37/n344
	u_bf/sub_24/n87
	u_ctrl/div_37/n375
	u_bf/sub_24/n33
	u_bf/sub_im_full_7_
	u_ctrl/div_37/n384
	u_bf/sub_24/n34
	u_bf/mult_ir_4_
	u_ctrl/div_37/n396
	u_bf/sub_24/FE_RN_2
	u_bf/sub_36/n204
	u_bf/sub_im_full_8_
	u_ctrl/div_37/n399
	u_bf/sub_24/FE_RN_5
	u_bf/sub_36/n205
	u_ctrl/div_37/FE_RN_3
	u_bf/sub_24/n93
	u_bf/sub_36/n269
	u_bf/sub_23/FE_RN_161_0
	u_ctrl/div_37/FE_RN_44_0
	u_bf/sub_24/n98
	u_bf/add_37/n206
	u_bf/sub_24/FE_RN_238_0
	u_ctrl/div_37/n400
	u_bf/sub_24/n99
	u_bf/add_37/n345
	u_bf/sub_24/FE_RN_87_0
	u_ctrl/div_37/n402
	u_bf/sub_24/n42
	u_bf/sub_24/FE_RN_163_0
	u_ctrl/div_37/n210
	u_bf/sub_24/n43
	u_bf/add_37/n201
	u_bf/sub_24/FE_RN_212_0
	u_ctrl/div_37/n405
	u_bf/sub_24/FE_OCPN1859_n115
	u_bf/mult_31/n603
	u_bf/sub_24/FE_RN_203_0
	u_bf/sub_24/n110
	u_bf/mult_31/n79
	u_ctrl/mult_39/n66
	u_bf/sub_24/n113
	u_bf/mult_31/n269
	u_ctrl/mult_39/n132
	u_bf/sub_24/n114
	u_bf/mult_31/n80
	u_bf/sub_24/FE_RN_249_0
	u_ctrl/mult_39/n71
	u_bf/sub_24/n58
	u_bf/mult_31/n270
	u_bf/sub_24/n214
	u_ctrl/mult_39/n72
	u_bf/sub_24/n59
	u_bf/mult_31/n273
	u_ctrl/mult_39/n73
	u_bf/add_21/n122
	u_bf/mult_31/FE_RN_338_0
	u_ctrl/mult_39/n100
	u_bf/add_21/n127
	u_bf/mult_31/n109
	u_ctrl/mult_39/n101
	u_bf/add_21/n60
	u_bf/mult_31/n507
	u_ctrl/mult_39/n102
	u_bf/add_21/n129
	u_bf/mult_31/n508
	u_ctrl/mult_39/n103
	u_bf/add_21/n13
	u_bf/mult_31/n513
	u_ctrl/mult_39/n98
	u_bf/add_21/n17
	u_bf/mult_31/n514
	u_ctrl/mult_39/n99
	u_bf/add_21/n131
	u_bf/mult_31/n120
	u_bf/y1_re_full[23]
	u_bf/add_21/n132
	u_bf/mult_31/n978
	u_bf/add_21/n133
	u_bf/mult_31/n400
	u_bf/mult_31/FE_RN_1727_0
	u_bf/y1_re_full[24]
	u_bf/add_21/n7
	u_bf/mult_31/n413
	u_bf/mult_31/n1018
	u_bf/y1_re_full[25]
	u_bf/add_21/n135
	u_bf/mult_31/n414
	u_bf/mult_31/n1029
	u_bf/y1_im_full[19]
	u_bf/add_21/n137
	u_bf/mult_31/n425
	u_bf/mult_31/FE_OFN437_n985
	u_bf/y1_re_full[26]
	u_bf/add_21/n71
	u_bf/mult_31/n426
	u_bf/mult_31/FE_OCPN1798_n949
	u_bf/y1_re_full[27]
	u_bf/add_21/n72
	u_bf/mult_31/FE_RN_1736_0
	u_bf/y1_im_full[21]
	u_bf/add_21/n25
	u_bf/mult_31/n435
	u_bf/mult_31/n1047
	u_bf/y1_re_full[30]
	u_bf/add_21/n26
	u_bf/mult_31/n436
	u_bf/mult_31/FE_OFN438_n986
	u_bf/add_21/n141
	u_bf/mult_31/n441
	u_bf/mult_31/FE_RN_752_0
	u_bf/add_21/n80
	u_bf/mult_31/n463
	u_bf/add_21/n81
	u_bf/mult_31/n464
	u_bf/mult_31/FE_RN_1670_0
	u_bf/add_21/n87
	u_bf/mult_31/n475
	u_bf/mult_31/n680
	u_bf/add_21/n88
	u_bf/mult_31/n476
	u_bf/mult_31/n683
	u_bf/sub_36/FE_RN_16_0
	u_bf/add_21/n34
	u_bf/mult_31/n481
	u_bf/mult_31/n697
	u_bf/add_21/n35
	u_bf/mult_31/n482
	u_bf/sub_36/FE_RN_1360_0
	u_bf/mult_31/n1100
	u_bf/mult_31/n936
	u_bf/add_21/n43
	u_bf/mult_31/n1101
	u_bf/mult_31/FE_RN_1345_0
	u_bf/add_37/FE_RN_489_0
	u_bf/add_21/n44
	u_bf/mult_31/n491
	u_bf/mult_31/n942
	u_bf/add_37/n80
	u_bf/mult_31/n492
	u_bf/mult_31/n943
	u_bf/add_37/FE_RN_115_0
	u_bf/add_21/n59
	u_bf/mult_31/n333
	u_bf/mult_31/n948
	u_bf/add_37/FE_RN_830_0
	u_bf/add_22/n122
	u_bf/mult_31/n334
	u_bf/mult_31/FE_RN_1028_0
	u_bf/add_37/n87
	u_bf/add_22/n127
	u_bf/mult_31/n339
	u_bf/mult_31/n950
	u_bf/add_22/n129
	u_bf/mult_31/n340
	u_bf/mult_31/n951
	u_bf/add_22/n16
	u_bf/mult_31/n345
	u_bf/mult_31/n954
	u_bf/add_37/n37
	u_bf/add_22/n130
	u_bf/mult_31/n346
	u_bf/mult_31/n955
	u_bf/add_37/FE_RN_304_0
	u_bf/add_22/n133
	u_bf/mult_31/n353
	u_bf/mult_31/n956
	u_bf/add_37/n46
	u_bf/add_22/n8
	u_bf/mult_31/n354
	u_bf/mult_31/n959
	u_bf/add_37/n55
	u_bf/add_22/n135
	u_bf/mult_31/n399
	u_bf/mult_31/n963
	u_bf/add_37/FE_RN_1690_0
	u_bf/add_22/n9
	u_bf/mult_32/n603
	u_bf/mult_31/FE_RN_471_0
	u_bf/add_22/n136
	u_bf/mult_32/n606
	u_bf/mult_31/n972
	u_bf/add_22/n137
	u_bf/mult_32/n607
	u_bf/mult_31/n973
	u_bf/add_22/n138
	u_bf/mult_32/n608
	u_bf/mult_31/FE_OCPN2002_n949
	u_bf/add_22/n71
	u_bf/mult_32/n619
	u_bf/mult_31/n802
	sram_din_b_int[31]
	u_bf/add_22/n72
	u_bf/mult_32/n620
	u_bf/mult_31/n1105
	sram_din_b_int[28]
	u_bf/add_22/n25
	u_bf/mult_32/n621
	u_bf/mult_31/n1106
	sram_din_b_int[27]
	u_bf/add_22/n26
	u_bf/mult_32/n622
	u_bf/mult_31/n1110
	sram_din_b_int[26]
	u_bf/add_22/n140
	u_bf/mult_32/n623
	u_bf/mult_31/n1111
	sram_din_b_int[25]
	u_bf/add_22/n141
	u_bf/mult_32/n640
	u_bf/mult_31/FE_OFN436_n18
	sram_din_b_int[24]
	u_bf/mult_32/n655
	u_bf/add_22/n80
	u_bf/mult_31/n700
	sram_din_b_int[6]
	u_bf/mult_32/n79
	u_bf/add_22/n81
	u_bf/mult_31/FE_OFN1262_n982
	sram_din_b_int[4]
	u_bf/mult_32/n267
	u_bf/add_22/n87
	u_bf/mult_31/n714
	sram_din_b_mux[23]
	u_bf/add_22/n88
	u_bf/mult_32/FE_RN_1562_0
	u_bf/mult_31/n717
	sram_din_b_mux[5]
	u_bf/mult_32/n1084
	u_bf/add_22/n34
	u_bf/mult_31/n730
	u_ctrl/rem_36/FE_RN_1686_0
	u_bf/mult_32/n80
	u_bf/add_22/n35
	u_bf/mult_31/n731
	u_ctrl/rem_36/n59
	u_bf/mult_32/n273
	u_bf/add_22/n100
	u_bf/mult_31/n732
	u_ctrl/rem_36/n112
	u_bf/add_22/n99
	u_bf/mult_32/n276
	u_bf/mult_31/n734
	u_ctrl/rem_36/n113
	u_bf/mult_32/n93
	u_bf/add_22/n43
	u_bf/mult_31/n747
	u_ctrl/rem_36/n114
	u_bf/mult_32/n94
	u_bf/add_22/n44
	u_bf/mult_31/n748
	u_ctrl/rem_36/n124
	u_bf/mult_32/FE_RN_767_0
	u_bf/add_22/n114
	u_bf/mult_31/n751
	u_ctrl/rem_36/n125
	u_bf/add_22/n115
	u_bf/mult_32/FE_RN_412_0
	u_bf/mult_31/FE_OCPN1165_n940
	u_ctrl/rem_36/n127
	u_bf/mult_32/n501
	u_bf/mult_31/n764
	u_ctrl/rem_36/n128
	u_bf/mult_32/n502
	u_bf/mult_31/n765
	u_ctrl/rem_36/n129
	u_bf/mult_32/n507
	u_bf/mult_31/FE_RN_514_0
	u_ctrl/rem_36/n179
	u_bf/mult_32/n508
	u_bf/mult_31/n768
	u_ctrl/rem_36/FE_RN_1755_0
	u_bf/mult_32/FE_RN_1655_0
	u_bf/mult_31/n781
	u_ctrl/rem_36/FE_OCPN1490_n126
	u_bf/mult_32/FE_RN_748_0
	u_bf/mult_31/n1086
	u_bf/mult_31/n782
	u_ctrl/rem_36/n461
	u_bf/mult_32/n544
	u_bf/mult_31/n1087
	u_bf/mult_31/n785
	u_ctrl/rem_36/n462
	u_bf/mult_32/n545
	u_bf/mult_31/FE_RN_589_0
	u_ctrl/rem_36/FE_OCPN1708_n126
	u_bf/mult_32/n557
	u_bf/mult_31/n822
	u_bf/mult_31/n799
	u_ctrl/rem_36/n387
	u_bf/mult_32/n558
	u_bf/mult_32/n1010
	u_ctrl/div_37/n413
	u_bf/mult_32/FE_OFN542_n321
	u_bf/mult_32/FE_RN_1544_0
	u_ctrl/div_37/n420
	u_bf/mult_32/n585
	u_bf/mult_32/n1020
	u_ctrl/div_37/n288
	u_bf/mult_32/n589
	u_bf/mult_32/n616
	u_ctrl/div_37/n305
	u_bf/mult_32/n590
	u_ctrl/div_37/n307
	u_bf/mult_32/FE_RN_1564_0
	u_bf/mult_32/n633
	u_ctrl/div_37/FE_RN_22_0
	u_bf/mult_32/FE_OCPN1776_n570
	u_ctrl/div_37/n315
	u_bf/mult_32/n477
	u_bf/mult_32/FE_RN_1771_0
	u_ctrl/div_37/n316
	u_bf/mult_32/n478
	u_bf/mult_32/n650
	u_ctrl/div_37/n332
	u_bf/mult_32/n485
	u_bf/mult_32/FE_RN_401_0
	u_ctrl/div_37/n333
	u_bf/mult_32/n486
	u_bf/mult_32/FE_OFN400_n983
	u_ctrl/div_37/n334
	u_bf/mult_32/n487
	u_bf/mult_32/FE_RN_689_0
	u_ctrl/div_37/FE_RN_348_0
	u_bf/mult_32/n488
	u_bf/mult_32/FE_RN_655_0
	u_ctrl/div_37/FE_RN_806_0
	u_bf/mult_32/FE_RN_414_0
	u_bf/mult_32/n679
	u_ctrl/div_37/n342
	u_bf/mult_32/n493
	u_bf/mult_32/n681
	u_ctrl/div_37/n343
	u_bf/mult_32/n494
	u_bf/mult_32/n683
	u_ctrl/div_37/FE_RN_810_0
	u_bf/mult_32/FE_RN_772_0
	u_bf/mult_32/FE_RN_871_0
	u_ctrl/div_37/n363
	u_bf/mult_32/n315
	u_bf/mult_32/n698
	u_ctrl/div_37/n364
	u_bf/mult_32/n331
	u_bf/mult_32/FE_RN_1767_0
	u_ctrl/div_37/n376
	u_bf/mult_32/n332
	u_bf/mult_32/n1073
	u_bf/mult_32/n939
	u_ctrl/div_37/n377
	u_bf/mult_32/n335
	u_bf/mult_32/FE_RN_1636_0
	u_ctrl/div_37/n385
	u_bf/mult_32/n336
	u_bf/mult_32/n551
	u_ctrl/div_37/n386
	u_bf/mult_32/n826
	u_bf/mult_32/n351
	u_bf/mult_32/n567
	u_ctrl/div_37/n389
	u_bf/mult_32/n359
	u_ctrl/div_37/n390
	u_bf/mult_32/n360
	u_bf/mult_32/FE_RN_1677_0
	u_ctrl/div_37/n391
	u_bf/mult_32/n370
	u_bf/mult_32/n583
	u_ctrl/div_37/n397
	u_bf/mult_32/n377
	u_bf/mult_32/FE_RN_766_0
	u_ctrl/div_37/n398
	u_bf/mult_32/n378
	u_bf/mult_32/n984
	u_ctrl/div_37/n403
	u_bf/mult_32/n387
	u_bf/mult_32/n599
	u_ctrl/div_37/n211
	u_bf/mult_32/n388
	u_bf/mult_32/n800
	u_ctrl/mult_39/FE_RN_1835_0
	u_bf/mult_32/FE_RN_417_0
	u_bf/mult_32/n802
	u_bf/mult_33/FE_RN_316_0
	u_bf/mult_32/FE_RN_1101_0
	u_bf/mult_33/n55
	u_bf/mult_33/FE_RN_614_0
	u_bf/mult_33/FE_RN_286_0
	u_bf/mult_33/n79
	u_bf/mult_32/n700
	u_bf/mult_33/n267
	u_bf/mult_32/FE_RN_959_0
	u_bf/y1_re_full[28]
	u_bf/mult_33/n269
	u_bf/y1_re_full[29]
	u_bf/mult_33/n80
	u_bf/mult_32/n713
	u_bf/y1_im_full[22]
	u_bf/mult_33/n270
	u_bf/mult_32/n715
	u_bf/mult_33/n819
	u_bf/mult_33/n85
	u_bf/mult_32/n717
	u_bf/y1_im_full[23]
	u_bf/mult_33/n273
	u_bf/mult_32/FE_OFN1959_n949
	u_bf/mult_33/n1096
	u_bf/mult_32/FE_RN_384_0
	u_bf/y1_im_full[26]
	u_bf/mult_33/n1099
	u_bf/mult_32/n730
	u_bf/mult_33/FE_RN_580_0
	u_bf/mult_32/n732
	u_bf/mult_33/FE_RN_1148_0
	u_bf/mult_32/n734
	u_bf/add_37/FE_RN_1691_0
	u_bf/mult_33/n109
	u_bf/mult_32/FE_OFN1912_n972
	u_bf/mult_33/n500
	u_bf/mult_32/n747
	u_bf/add_37/FE_RN_116_0
	u_bf/mult_33/n507
	u_bf/mult_32/n749
	u_bf/add_37/FE_RN_598_0
	u_bf/mult_33/n508
	u_bf/mult_32/FE_RN_891_0
	u_bf/add_37/FE_RN_825_0
	u_bf/mult_33/FE_RN_315_0
	u_bf/mult_32/n751
	u_bf/add_37/FE_RN_82_0
	u_bf/mult_33/n921
	u_bf/mult_32/n766
	u_bf/add_37/FE_RN_209_0
	u_bf/mult_33/n922
	u_bf/mult_32/n768
	u_bf/mult_33/n923
	u_bf/mult_32/n783
	u_bf/mult_33/FE_RN_322_0
	u_bf/mult_32/n785
	u_bf/add_37/FE_RN_1205_0
	u_bf/mult_33/FE_RN_289_0
	u_bf/mult_33/n1010
	u_bf/mult_34/n1082
	u_bf/mult_33/FE_RN_620_0
	u_bf/mult_33/n1011
	u_bf/mult_34/n1084
	u_bf/mult_33/FE_RN_296_0
	u_bf/mult_33/n1012
	sram_din_b_int[30]
	u_bf/mult_33/FE_RN_191_0
	u_bf/mult_33/n1025
	sram_din_b_int[29]
	u_bf/mult_33/n400
	u_bf/mult_33/n1026
	sram_din_b_int[11]
	u_bf/mult_34/n821
	u_bf/mult_33/FE_RN_665_0
	u_bf/mult_33/n1027
	sram_din_b_int[8]
	u_bf/mult_34/n822
	u_bf/mult_33/n410
	u_bf/mult_33/n1028
	sram_din_b_int[7]
	u_bf/mult_33/n411
	u_bf/mult_33/n1035
	sram_din_b_mux[31]
	u_bf/mult_33/n412
	sram_din_b_mux[28]
	u_bf/mult_33/FE_RN_1874_0
	u_bf/mult_33/n1049
	sram_din_b_mux[27]
	u_bf/mult_33/n435
	u_bf/mult_33/FE_RN_495_0
	sram_din_b_mux[26]
	u_bf/mult_33/n436
	u_bf/mult_33/n1078
	sram_din_b_mux[25]
	u_bf/mult_33/FE_RN_612_0
	sram_din_b_mux[24]
	u_bf/mult_33/FE_RN_1881_0
	u_bf/mult_33/n1082
	sram_din_b_mux[6]
	u_bf/mult_33/FE_OCPN1768_n571
	u_bf/mult_33/FE_RN_946_0
	sram_din_b_mux[4]
	u_bf/mult_33/n485
	u_bf/mult_33/n680
	u_ctrl/rem_36/n274
	u_bf/mult_33/n486
	u_bf/mult_33/n683
	u_ctrl/rem_36/n276
	u_bf/mult_33/n1101
	u_bf/mult_33/n697
	u_ctrl/rem_36/n93
	u_bf/mult_33/n493
	u_bf/mult_33/n920
	u_ctrl/rem_36/n94
	u_bf/mult_33/n494
	u_bf/mult_33/n932
	u_ctrl/rem_36/n296
	u_bf/mult_33/n499
	u_bf/mult_33/n937
	u_ctrl/rem_36/n115
	u_bf/mult_33/n329
	u_bf/mult_33/n942
	u_ctrl/rem_36/FE_RN_814_0
	u_bf/mult_33/n330
	u_bf/mult_33/n946
	u_ctrl/rem_36/n405
	u_bf/mult_33/n343
	u_bf/mult_33/n948
	u_ctrl/rem_36/n407
	u_bf/mult_33/n344
	u_bf/mult_33/FE_RN_468_0
	u_ctrl/rem_36/n411
	u_bf/mult_33/n359
	u_bf/mult_33/n950
	u_ctrl/rem_36/n413
	u_bf/mult_33/n365
	u_bf/mult_33/n951
	u_ctrl/rem_36/FE_RN_821_0
	u_bf/mult_33/n366
	u_bf/mult_33/n952
	u_ctrl/rem_36/n432
	u_bf/mult_33/n389
	u_bf/mult_33/n953
	u_ctrl/rem_36/n434
	u_bf/mult_33/FE_RN_294_0
	u_bf/mult_33/n958
	u_ctrl/rem_36/n437
	u_sram/FE_OFN1095_FE_OFN309_din_a_q_26
	u_bf/mult_33/n390
	u_bf/mult_33/n960
	u_ctrl/rem_36/n439
	u_bf/mult_33/n397
	u_bf/mult_33/n972
	u_ctrl/rem_36/n458
	u_bf/mult_33/n398
	u_bf/mult_33/FE_OFN1946_n939
	u_ctrl/rem_36/n460
	u_bf/mult_33/n399
	u_bf/mult_33/FE_OFN395_n980
	u_ctrl/rem_36/FE_RN_813_0
	u_bf/mult_34/n622
	u_bf/mult_33/n993
	u_ctrl/rem_36/n300
	u_bf/mult_34/n639
	u_bf/mult_33/n994
	u_ctrl/rem_36/FE_RN_817_0
	u_bf/mult_34/n55
	u_bf/mult_33/n802
	u_ctrl/rem_36/n322
	u_bf/mult_34/n641
	u_bf/mult_33/FE_RN_1296_0
	u_ctrl/rem_36/n338
	u_bf/mult_34/FE_RN_148_0
	u_bf/mult_33/FE_RN_325_0
	u_ctrl/rem_36/n342
	u_bf/mult_33/n1104
	u_ctrl/rem_36/n344
	u_bf/mult_34/n276
	u_bf/mult_33/n1105
	u_ctrl/rem_36/n364
	u_bf/mult_34/n501
	u_bf/mult_33/n1110
	u_ctrl/rem_36/n365
	u_bf/mult_34/n502
	u_bf/mult_33/n1111
	u_ctrl/rem_36/n382
	u_bf/mult_34/n509
	u_bf/mult_33/n700
	u_ctrl/rem_36/n386
	u_bf/mult_34/n510
	u_bf/mult_33/n714
	u_ctrl/rem_36/n388
	u_bf/mult_34/n513
	u_bf/mult_33/n717
	u_ctrl/rem_36/n390
	u_bf/mult_34/n514
	u_bf/mult_33/FE_RN_1705_0
	u_ctrl/div_37/n412
	u_bf/mult_34/n927
	u_bf/mult_33/n730
	u_ctrl/div_37/FE_RN_609_0
	u_bf/mult_34/FE_RN_143_0
	u_bf/mult_33/n731
	u_ctrl/div_37/FE_RN_349_0
	u_bf/mult_34/n589
	u_bf/mult_33/n732
	u_ctrl/div_37/FE_RN_807_0
	u_bf/mult_34/FE_RN_874_0
	u_bf/mult_33/n748
	u_ctrl/div_37/n287
	u_bf/mult_34/n411
	u_bf/mult_33/FE_RN_1600_0
	u_ctrl/div_37/n84
	u_bf/mult_34/n412
	u_bf/mult_33/n751
	u_ctrl/div_37/n86
	u_bf/mult_34/n413
	u_bf/mult_33/FE_RN_223_0
	u_ctrl/div_37/FE_RN_627_0
	u_bf/mult_34/n414
	u_rom/FE_OFN1119_n
	u_bf/mult_33/FE_RN_548_0
	u_ctrl/div_37/n306
	u_bf/mult_34/n425
	u_bf/mult_33/n764
	u_ctrl/div_37/n312
	u_bf/mult_34/n426
	u_ctrl/n216
	u_bf/mult_33/n765
	u_ctrl/div_37/n362
	u_bf/mult_34/n427
	u_ctrl/FE_RN_1426_0
	u_bf/mult_33/n768
	u_ctrl/div_37/n368
	u_bf/mult_34/n428
	u_ctrl/n226
	u_bf/mult_33/n781
	u_ctrl/div_37/n382
	u_ctrl/n228
	u_bf/mult_34/FE_RN_142_0
	u_bf/mult_33/n782
	u_ctrl/div_37/n383
	u_bf/mult_34/n451
	u_ctrl/n29
	u_bf/mult_33/n785
	u_ctrl/div_37/FE_RN_2
	u_bf/mult_34/n452
	u_ctrl/n1010
	u_bf/mult_33/n1009
	u_ctrl/div_37/n404
	u_bf/mult_34/n453
	u_ctrl/n45
	u_bf/mult_33/n799
	u_bf/y1_im_full[30]
	u_ctrl/n46
	u_bf/mult_34/n454
	u_bf/mult_34/n1017
	u_bf/mult_34/n477
	u_ctrl/n48
	u_bf/mult_34/n1018
	u_bf/mult_34/n478
	u_ctrl/n263
	u_bf/mult_34/FE_OFN1939_n1102
	u_bf/mult_34/n485
	u_ctrl/n470
	u_bf/mult_34/FE_RN_928_0
	u_bf/y1_im_full[24]
	u_ctrl/FE_OCPN1504_n112
	u_bf/mult_34/n486
	u_bf/mult_34/n616
	u_bf/mult_34/n493
	u_ctrl/n296
	u_bf/mult_34/FE_RN_749_0
	u_bf/mult_34/n494
	u_ctrl/FE_RN_553_0
	u_bf/y1_im_full[28]
	u_bf/mult_34/n495
	u_bf/mult_34/n633
	u_bf/y1_im_full[29]
	u_bf/mult_34/n496
	u_bf/mult_34/FE_RN_1312_0
	u_bf/add_37/FE_RN_1692_0
	u_bf/mult_34/n315
	u_ctrl/FE_RN_1362_0
	u_bf/mult_34/n650
	u_bf/mult_34/FE_RN_1799_0
	u_ctrl/N58
	u_bf/mult_34/FE_RN_476_0
	u_bf/add_37/FE_RN_597_0
	u_bf/mult_34/n325
	u_ctrl/n6
	u_bf/mult_34/n683
	u_ctrl/n3001
	u_bf/mult_34/n326
	u_bf/mult_34/n698
	u_bf/mult_34/n335
	u_ctrl/N76
	u_bf/mult_34/n551
	u_bf/mult_34/n336
	u_ctrl/FE_RN_1429_0
	u_bf/mult_34/n953
	u_bf/mult_34/n343
	u_ctrl/FE_OFN244_n91
	u_bf/mult_34/n567
	u_ctrl/n156
	u_bf/mult_34/n344
	u_bf/mult_34/FE_RN_945_0
	u_bf/mult_34/FE_RN_145_0
	u_ctrl/n158
	u_bf/mult_34/n583
	u_bf/mult_34/n352
	u_ctrl/N98
	u_bf/mult_34/FE_OFN1234_n964
	u_bf/mult_34/n357
	u_ctrl/n162
	u_bf/mult_34/n599
	u_ctrl/n163
	u_bf/mult_34/n358
	u_bf/mult_34/n801
	u_bf/mult_34/n365
	u_ctrl/n167
	u_bf/mult_34/n802
	u_bf/mult_34/n366
	u_ctrl/FE_RN_1416_0
	u_bf/mult_34/FE_RN_639_0
	sram_din_b_int[15]
	u_bf/mult_34/n367
	u_ctrl/n2301
	u_bf/mult_34/FE_OFN1890_n965
	sram_din_b_int[14]
	u_ctrl/n209
	u_bf/mult_34/n368
	u_bf/mult_34/FE_RN_1027_0
	sram_din_b_int[13]
	u_bf/mult_34/n377
	u_ctrl/add_103/carry[3]
	u_bf/mult_34/FE_RN_728_0
	sram_din_b_int[9]
	u_bf/mult_34/n378
	sram_din_b_mux[30]
	u_bf/mult_34/FE_RN_1641_0
	u_ctrl/add_108/carry[5]
	sram_din_b_mux[29]
	u_ctrl/rem_36/FE_OCPN1632_u_div_BInv_7__12
	sram_din_b_mux[11]
	u_ctrl/rem_36/FE_RN_812_0
	u_ctrl/rem_36/n54
	u_bf/mult_34/n700
	sram_din_b_mux[8]
	u_ctrl/rem_36/u_div_SumTmp_4__2__0_
	u_ctrl/rem_36/n85
	sram_din_b_mux[7]
	u_ctrl/rem_36/u_div_SumTmp_4__2__1_
	u_ctrl/rem_36/u_div_BInv_6__11_
	u_bf/mult_34/n713
	u_ctrl/rem_36/n272
	u_ctrl/rem_36/n217
	u_ctrl/rem_36/u_div_BInv_7__6_
	u_bf/mult_34/n715
	u_ctrl/rem_36/n275
	u_ctrl/rem_36/n218
	u_ctrl/rem_36/u_div_BInv_7__8_
	u_bf/mult_34/n716
	u_ctrl/rem_36/n297
	u_ctrl/rem_36/FE_OFN946_n254
	u_ctrl/rem_36/FE_OCPN1140_u_div_BInv_7__7
	u_bf/mult_34/n717
	u_ctrl/rem_36/n299
	u_ctrl/rem_36/n43
	u_ctrl/rem_36/u_div_BInv_3__10_
	u_bf/mult_34/FE_OFN1893_n991
	u_ctrl/rem_36/FE_RN_811_0
	u_ctrl/rem_36/n231
	u_ctrl/rem_36/n406
	u_ctrl/rem_36/n44
	u_ctrl/rem_36/u_div_u_add_PartRem_2_3/n139
	u_bf/mult_34/n733
	u_ctrl/rem_36/FE_RN_818_0
	u_ctrl/rem_36/n232
	u_ctrl/rem_36/u_div_u_add_PartRem_2_5/n137
	u_bf/mult_34/n734
	u_ctrl/rem_36/n412
	u_ctrl/rem_36/n45
	u_ctrl/rem_36/u_div_u_add_PartRem_2_5/n138
	u_bf/mult_34/n750
	u_ctrl/rem_36/n433
	u_ctrl/rem_36/n237
	u_ctrl/rem_36/u_div_u_add_PartRem_2_5/n139
	u_bf/mult_34/n751
	u_ctrl/rem_36/n438
	u_ctrl/rem_36/n238
	u_bf/mult_34/n766
	u_ctrl/rem_36/n459
	u_ctrl/rem_36/n241
	u_bf/mult_34/n767
	u_ctrl/rem_36/n320
	u_ctrl/rem_36/u_div_u_add_PartRem_2_7/n139
	u_bf/mult_34/n768
	u_ctrl/rem_36/n323
	u_ctrl/rem_36/n337
	u_ctrl/rem_36/n247
	u_bf/mult_34/n783
	u_ctrl/rem_36/n339
	u_bf/mult_34/n784
	u_ctrl/rem_36/n341
	u_ctrl/rem_36/FE_OFN947_n254
	u_ctrl/rem_36/u_div_u_add_B7/FE_RN_441_0
	u_bf/mult_34/n785
	u_ctrl/rem_36/n345
	u_ctrl/rem_36/u_div_u_add_B7/FE_RN_432_0
	u_bf/mult_34/FE_RN_872_0
	u_ctrl/rem_36/n362
	u_ctrl/rem_36/u_div_BInv_1__0_
	u_bf/mult_34/FE_OFN429_n962
	u_ctrl/rem_36/n381
	u_ctrl/rem_36/u_div_BInv_1__1_
	u_ctrl/rem_36/n383
	u_ctrl/rem_36/u_div_BInv_1__3_
	u_ctrl/rem_36/u_div_u_add_B7/FE_RN_467_0
	u_ctrl/rem_36/n385
	u_ctrl/rem_36/n194
	n42
	u_ctrl/rem_36/n389
	u_ctrl/rem_36/n195
	u_ctrl/rem_36/u_div_u_add_PartRem_1_6/FE_RN_50_0
	n43
	u_ctrl/rem_36/FE_RN_2
	n44
	u_ctrl/div_37/n283
	n45
	u_ctrl/div_37/n284
	n46
	u_ctrl/div_37/FE_RN_1758_0
	u_ctrl/rem_36/FE_OFN285_u_div_BInv_1__0
	n47
	u_ctrl/div_37/n313
	n48
	u_ctrl/div_37/n339
	u_ctrl/div_37/n234
	n49
	u_ctrl/div_37/n157
	u_ctrl/div_37/FE_OCPN1869_u_div_BInv_7__11
	u_ctrl/div_37/n369
	u_ctrl/div_37/n123
	u_ctrl/div_37/n395
	u_ctrl/div_37/n138
	u_ctrl/div_37/FE_RN_628_0
	u_ctrl/div_37/n192
	bf_y0_re[14]
	u_ctrl/div_37/n198
	bf_y0_re[13]
	u_ctrl/div_37/n200
	bf_y0_re[12]
	u_ctrl/div_37/u_div_u_add_PartRem_2_3/n137
	bf_y0_re[11]
	u_bf/y1_im_full[25]
	u_ctrl/div_37/u_div_u_add_PartRem_2_5/n136
	bf_y0_re[10]
	u_bf/y1_im_full[27]
	u_ctrl/div_37/u_div_u_add_PartRem_2_6/n134
	bf_y0_re[9]
	u_ctrl/div_37/u_div_u_add_PartRem_2_7/n133
	bf_y0_re[8]
	u_ctrl/div_37/u_div_u_add_PartRem_2_7/n134
	u_rom/FE_OFN1182_n5
	u_ctrl/div_37/u_div_u_add_PartRem_2_7/FE_RN_43_0
	u_rom/FE_OFN1181_n5
	u_ctrl/div_37/u_div_u_add_PartRem_1_3/n160
	u_rom/FE_RN_1418_0
	u_rom/FE_RN_1419_0
	u_rom/FE_OFN1194_FE_OFN1124_n
	u_ctrl/div_37/u_div_u_add_PartRem_1_5/n158
	u_ctrl/n299
	u_ctrl/FE_RN_1524_0
	sram_din_b_int[12]
	u_ctrl/n141
	sram_din_b_int[10]
	u_ctrl/rem_36/n19
	sram_din_b_mux[15]
	u_ctrl/rem_36/u_div_SumTmp_6__0__2_
	sram_din_b_mux[14]
	u_ctrl/rem_36/n292
	sram_din_b_mux[13]
	u_ctrl/rem_36/n510
	sram_din_b_mux[9]
	u_ctrl/rem_36/u_div_BInv_6__4_
	u_ctrl/rem_36/n271
	u_ctrl/rem_36/n542
	u_ctrl/rem_36/n273
	u_bf/mult_rr_5_
	u_ctrl/rem_36/FE_OFN279_u_div_BInv_7__3
	u_ctrl/rem_36/n97
	u_bf/mult_ri_4_
	u_ctrl/rem_36/u_div_SumTmp_7__1__1_
	u_ctrl/rem_36/n298
	u_bf/mult_ri_5_
	u_ctrl/rem_36/n441
	u_ctrl/rem_36/FE_RN_815_0
	u_ctrl/rem_36/u_div_u_add_B7/FE_RN_1
	u_bf/mult_ir_5_
	u_ctrl/rem_36/u_div_SumTmp_7__2__1_
	u_ctrl/rem_36/FE_RN_822_0
	u_bf/mult_ii_4_
	u_ctrl/rem_36/u_div_u_add_PartRem_2_1/n103
	u_ctrl/rem_36/n403
	u_ctrl/rem_36/u_div_u_add_PartRem_1_1/n123
	u_bf/mult_ii_5_
	u_ctrl/rem_36/u_div_u_add_PartRem_2_1/n91
	u_ctrl/rem_36/n404
	u_bf/mult_rr_4_
	u_ctrl/rem_36/u_div_u_add_PartRem_2_1/n96
	u_ctrl/rem_36/n430
	u_bf/sub_36/n415
	u_ctrl/rem_36/u_div_u_add_PartRem_2_2/n95
	u_ctrl/rem_36/n431
	u_bf/sub_36/n375
	u_ctrl/rem_36/u_div_u_add_PartRem_2_2/n97
	u_ctrl/rem_36/n321
	u_ctrl/rem_36/u_div_u_add_PartRem_2_3/n136
	u_ctrl/rem_36/n340
	u_ctrl/rem_36/n363
	u_ctrl/rem_36/u_div_u_add_PartRem_2_5/n144
	u_ctrl/rem_36/FE_OFN1980_n97
	u_ctrl/rem_36/u_div_u_add_PartRem_2_5/n127
	u_ctrl/rem_36/n384
	u_bf/sub_36/n201
	u_ctrl/rem_36/u_div_u_add_PartRem_2_6/n143
	u_ctrl/div_37/FE_OFN1924_n9
	u_ctrl/rem_36/u_div_u_add_PartRem_1_5/n130
	u_ctrl/rem_36/u_div_u_add_PartRem_2_6/n130
	u_ctrl/div_37/FE_OCPN2010_FE_RN_1758_0
	u_bf/add_37/n387
	u_ctrl/div_37/n9
	u_ctrl/rem_36/u_div_u_add_PartRem_2_7/n136
	u_ctrl/div_37/n340
	u_ctrl/rem_36/u_div_u_add_PartRem_2_7/n121
	u_ctrl/div_37/FE_OFN1990_n195
	u_bf/mult_31/n56
	u_ctrl/div_37/FE_RN_1757_0
	u_ctrl/rem_36/u_div_u_add_PartRem_1_7/n137
	u_bf/mult_31/n244
	u_ctrl/rem_36/u_div_u_add_B3/n185
	u_bf/mult_31/n57
	u_ctrl/rem_36/u_div_u_add_B3/n131
	u_ctrl/rem_36/u_div_u_add_PartRem_0_1/n124
	u_bf/mult_31/n245
	u_ctrl/rem_36/u_div_u_add_B3/n133
	u_bf/mult_31/n247
	u_ctrl/rem_36/u_div_u_add_B3/n134
	u_bf/mult_31/n248
	u_ctrl/rem_36/u_div_u_add_B3/n138
	u_ctrl/rem_36/u_div_u_add_PartRem_0_2/n124
	u_bf/mult_31/n256
	u_ctrl/rem_36/u_div_u_add_B3/n141
	u_bf/mult_31/n261
	sram_din_b_mux[12]
	u_bf/mult_31/n267
	u_ctrl/rem_36/u_div_u_add_B3/n162
	sram_din_b_mux[10]
	u_ctrl/rem_36/u_div_u_add_B3/n166
	u_ctrl/rem_36/FE_RN_823_0
	u_ctrl/rem_36/u_div_u_add_PartRem_0_3/n156
	u_bf/mult_31/n271
	u_ctrl/rem_36/u_div_u_add_B3/n169
	u_ctrl/rem_36/n269
	u_bf/mult_31/n1090
	u_ctrl/rem_36/u_div_u_add_B3/n114
	u_ctrl/rem_36/n270
	u_ctrl/rem_36/u_div_u_add_PartRem_0_4/n124
	u_bf/mult_31/n1091
	u_ctrl/rem_36/u_div_u_add_B5/FE_RN_1439_0
	u_ctrl/rem_36/FE_RN_80_0
	u_bf/mult_31/n1094
	u_ctrl/rem_36/u_div_u_add_B5/n163
	u_ctrl/rem_36/FE_OFN1981_n271
	u_bf/mult_31/n1097
	u_ctrl/rem_36/u_div_u_add_B5/n119
	u_ctrl/rem_36/n5
	u_bf/mult_31/n1098
	u_ctrl/rem_36/u_div_u_add_B5/n144
	u_ctrl/rem_36/n9
	u_ctrl/rem_36/u_div_u_add_B5/n175
	u_ctrl/rem_36/FE_RN_1433_0
	u_bf/mult_31/n104
	u_ctrl/rem_36/u_div_u_add_B5/n152
	u_ctrl/rem_36/FE_RN_79_0
	u_bf/mult_31/n107
	u_ctrl/rem_36/u_div_u_add_B5/n155
	u_ctrl/rem_36/n318
	u_bf/mult_31/n118
	u_ctrl/rem_36/n319
	u_bf/mult_31/n128
	u_ctrl/rem_36/u_div_u_add_B6/n172
	u_ctrl/rem_36/n360
	u_bf/mult_31/n131
	u_ctrl/rem_36/u_div_u_add_B6/n174
	u_ctrl/rem_36/n361
	u_ctrl/div_37/u_div_BInv_1__0_
	u_bf/mult_31/n137
	u_ctrl/rem_36/u_div_u_add_B6/n178
	u_ctrl/div_37/n230
	u_bf/mult_31/n138
	u_ctrl/rem_36/u_div_u_add_B6/n179
	u_ctrl/div_37/FE_RN_805_0
	u_bf/mult_31/n155
	u_ctrl/rem_36/u_div_u_add_B6/n123
	u_ctrl/div_37/FE_OFN422_n197
	u_ctrl/div_37/n257
	u_bf/mult_31/n166
	u_ctrl/rem_36/u_div_u_add_B6/FE_RN_1483_0
	u_ctrl/div_37/FE_OFN1881_n195
	u_ctrl/div_37/n258
	u_bf/mult_31/n976
	u_ctrl/rem_36/u_div_u_add_B6/n143
	u_ctrl/div_37/n285
	u_ctrl/div_37/n259
	u_bf/mult_31/n977
	u_ctrl/rem_36/u_div_u_add_B6/n148
	u_ctrl/div_37/n100
	u_ctrl/div_37/n265
	u_bf/mult_31/n410
	u_ctrl/rem_36/u_div_u_add_B6/FE_RN_2
	u_ctrl/div_37/n195
	u_ctrl/div_37/n266
	u_bf/mult_31/n423
	u_ctrl/rem_36/u_div_u_add_B6/n158
	u_ctrl/div_37/n196
	u_ctrl/div_37/n267
	u_bf/mult_31/n424
	u_ctrl/div_37/u_div_PartRem_1__5_
	u_bf/mult_31/n442
	u_ctrl/div_37/FE_RN_1
	u_ctrl/div_37/u_div_BInv_1__5_
	u_bf/mult_31/n449
	u_ctrl/rem_36/u_div_u_add_B6/n114
	u_bf/mult_31/n450
	u_ctrl/div_37/u_div_SumTmp_4__2__1_
	u_bf/mult_31/n461
	u_ctrl/rem_36/u_div_u_add_B7/n176
	u_ctrl/div_37/n94
	u_bf/mult_31/n462
	u_ctrl/rem_36/u_div_u_add_B7/n188
	u_ctrl/div_37/n150
	u_bf/mult_31/n471
	u_ctrl/rem_36/u_div_u_add_B7/n137
	u_ctrl/rem_36/FE_RN_442_0
	u_ctrl/div_37/n155
	u_bf/mult_31/n472
	u_ctrl/rem_36/u_div_u_add_B7/n197
	u_ctrl/rem_36/n146
	u_ctrl/div_37/n158
	u_bf/mult_31/n315
	u_ctrl/rem_36/u_div_u_add_B7/n199
	u_ctrl/rem_36/n147
	u_ctrl/div_37/n159
	u_bf/mult_31/FE_RN_399_0
	u_ctrl/rem_36/u_div_u_add_B7/n144
	u_ctrl/rem_36/n148
	u_ctrl/div_37/n169
	u_bf/mult_31/n389
	u_ctrl/rem_36/u_div_u_add_B7/n205
	u_ctrl/rem_36/FE_RN_1434_0
	u_ctrl/div_37/FE_OFN420_n164
	u_bf/mult_31/n390
	u_ctrl/rem_36/u_div_u_add_B7/n207
	u_ctrl/rem_36/n429
	u_ctrl/div_37/FE_OCPN1488_n152
	u_bf/mult_31/n397
	u_ctrl/rem_36/u_div_u_add_B7/n208
	u_ctrl/rem_36/u_div_PartRem_1__7_
	u_bf/mult_31/n398
	u_ctrl/rem_36/u_div_u_add_B7/n209
	u_ctrl/rem_36/u_div_PartRem_1__8_
	u_ctrl/div_37/u_div_u_add_PartRem_2_1/n95
	u_bf/mult_32/FE_RN_1656_0
	u_ctrl/rem_36/u_div_u_add_B7/n152
	u_ctrl/rem_36/FE_RN_671_0
	u_bf/mult_32/n654
	u_ctrl/rem_36/u_div_u_add_B7/n153
	u_ctrl/rem_36/FE_RN_443_0
	u_ctrl/div_37/u_div_u_add_PartRem_2_7/n123
	u_bf/mult_32/n261
	u_ctrl/rem_36/u_div_u_add_B7/n210
	u_bf/mult_32/n77
	u_bf/mult_32/n265
	u_ctrl/rem_36/u_div_u_add_PartRem_1_1/n140
	u_bf/mult_32/n78
	u_ctrl/rem_36/u_div_u_add_PartRem_1_1/n142
	u_ctrl/rem_36/u_div_u_add_PartRem_0_4/n115
	u_bf/mult_32/FE_RN_1275_0
	u_ctrl/rem_36/u_div_u_add_PartRem_1_1/n143
	u_ctrl/rem_36/u_div_u_add_PartRem_0_4/n141
	u_bf/mult_32/n1083
	u_ctrl/rem_36/u_div_u_add_PartRem_1_1/n158
	u_bf/mult_32/n1089
	u_ctrl/rem_36/u_div_u_add_PartRem_1_1/n137
	u_ctrl/rem_36/u_div_u_add_PartRem_1_2/n122
	u_ctrl/rem_36/u_div_u_add_PartRem_0_6/n192
	u_bf/mult_32/n271
	u_ctrl/rem_36/u_div_u_add_PartRem_0_6/n193
	u_bf/mult_32/n85
	u_ctrl/rem_36/u_div_u_add_PartRem_1_2/n125
	u_ctrl/rem_36/u_div_u_add_PartRem_1_2/n101
	u_ctrl/div_37/n215
	u_bf/mult_32/n292
	u_ctrl/rem_36/u_div_u_add_PartRem_1_3/n152
	u_ctrl/div_37/n216
	u_bf/mult_32/n500
	u_ctrl/rem_36/u_div_u_add_PartRem_1_3/n133
	u_ctrl/div_37/n217
	u_bf/mult_32/FE_PSN2044_n351
	u_ctrl/rem_36/u_div_u_add_PartRem_1_4/n121
	u_ctrl/div_37/n17
	u_bf/mult_32/n586
	u_ctrl/div_37/u_div_PartRem_1__7_
	u_bf/mult_32/FE_RN_415_0
	u_ctrl/rem_36/u_div_u_add_PartRem_1_4/FE_RN_1888_0
	u_ctrl/div_37/FE_RN_1403_0
	u_bf/mult_32/n401
	u_ctrl/rem_36/u_div_u_add_PartRem_1_5/n126
	u_ctrl/div_37/FE_RN_1365_0
	u_bf/mult_32/n402
	u_ctrl/div_37/n38
	u_bf/mult_32/n411
	u_ctrl/rem_36/u_div_u_add_PartRem_1_6/n128
	u_ctrl/div_37/n39
	u_bf/mult_32/n412
	u_ctrl/rem_36/u_div_u_add_PartRem_1_6/n151
	u_ctrl/div_37/FE_RN_1110_0
	u_bf/mult_32/n413
	u_ctrl/rem_36/u_div_u_add_PartRem_1_6/FE_OFN503_n152
	u_ctrl/div_37/FE_OCPN1554_n285
	u_bf/mult_32/n414
	u_ctrl/div_37/FE_RN_1375_0
	u_bf/mult_32/n425
	u_ctrl/rem_36/u_div_u_add_PartRem_1_7/n150
	u_ctrl/div_37/n81
	u_bf/mult_32/n426
	u_ctrl/rem_36/u_div_u_add_PartRem_1_7/n151
	u_ctrl/div_37/FE_RN_1404_0
	u_bf/mult_32/n427
	u_ctrl/rem_36/u_div_u_add_PartRem_1_7/n153
	u_ctrl/div_37/FE_RN_1366_0
	u_bf/mult_32/n428
	u_ctrl/div_37/FE_RN_1109_0
	u_bf/mult_32/n439
	u_ctrl/rem_36/u_div_u_add_PartRem_0_1/n163
	u_ctrl/div_37/FE_RN_1376_0
	u_bf/mult_32/n440
	u_ctrl/div_37/u_div_u_add_PartRem_0_1/n108
	u_ctrl/rem_36/u_div_u_add_PartRem_0_1/n117
	u_ctrl/div_37/u_div_PartRem_1__3_
	u_ctrl/div_37/u_div_u_add_PartRem_0_2/n105
	u_bf/mult_32/n453
	u_ctrl/div_37/n197
	u_bf/mult_32/n454
	u_ctrl/div_37/u_div_u_add_PartRem_0_3/n148
	u_ctrl/rem_36/u_div_u_add_PartRem_0_1/n145
	u_bf/mult_32/n455
	u_ctrl/div_37/u_div_u_add_PartRem_0_5/FE_RN_569_0
	u_ctrl/rem_36/u_div_u_add_PartRem_0_1/n148
	u_bf/mult_32/n456
	u_ctrl/div_37/u_div_u_add_PartRem_0_5/n149
	u_ctrl/rem_36/u_div_u_add_PartRem_0_1/n150
	u_ctrl/div_37/u_div_u_add_PartRem_0_6/n150
	u_bf/mult_32/FE_RN_1277_0
	u_ctrl/rem_36/u_div_u_add_PartRem_0_1/n151
	u_bf/mult_32/n473
	u_ctrl/add_94/carry[5]
	u_ctrl/rem_36/u_div_u_add_PartRem_0_2/n113
	u_bf/mult_32/n474
	u_ctrl/rem_36/u_div_u_add_PartRem_0_2/n147
	u_bf/mult_32/n475
	u_ctrl/mult_39/n130
	u_ctrl/rem_36/u_div_u_add_PartRem_0_2/n154
	u_ctrl/div_37/u_div_u_add_PartRem_0_4/n111
	u_bf/mult_32/n476
	u_ctrl/rem_36/u_div_u_add_PartRem_0_3/n191
	u_bf/mult_32/n483
	u_ctrl/rem_36/u_div_u_add_PartRem_0_3/n188
	u_bf/mult_32/n484
	u_bf/sub_im_full_1_
	u_ctrl/rem_36/u_div_u_add_PartRem_0_4/n154
	u_ctrl/div_37/u_div_u_add_PartRem_0_4/FE_OCPN1606_n196
	u_bf/mult_32/n491
	u_ctrl/rem_36/u_div_u_add_PartRem_0_5/n147
	u_bf/sub_23/FE_RN_403_0
	u_bf/mult_32/n492
	u_ctrl/rem_36/u_div_u_add_PartRem_0_5/FE_OFN479_u_div_BInv_5__3
	u_bf/mult_32/FE_RN_418_0
	u_bf/sub_23/n112
	u_ctrl/div_37/u_div_u_add_PartRem_0_5/FE_OCPN1145_u_div_PartRem_1__4
	u_bf/mult_32/n499
	u_bf/sub_23/FE_RN_405_0
	u_ctrl/rem_36/u_div_u_add_PartRem_0_6/n148
	u_bf/mult_32/n325
	u_bf/sub_23/n212
	u_bf/sub_23/n80
	u_bf/mult_32/n326
	u_ctrl/rem_36/u_div_u_add_PartRem_0_6/n200
	u_bf/mult_32/n329
	u_bf/sub_23/n214
	u_ctrl/rem_36/u_div_u_add_PartRem_0_7/n191
	u_bf/mult_32/n330
	u_bf/sub_23/FE_OCPN1669_n129
	u_ctrl/rem_36/u_div_u_add_PartRem_0_7/n148
	u_bf/mult_32/n343
	u_bf/sub_23/n84
	u_bf/sub_23/n85
	u_bf/mult_32/n344
	u_ctrl/rem_36/u_div_u_add_PartRem_0_7/n188
	u_bf/mult_32/n357
	u_bf/sub_23/FE_RN_562_0
	u_ctrl/div_37/u_div_SumTmp_7__1__1_
	u_ctrl/group_idx[3]
	u_bf/mult_32/n358
	u_bf/sub_23/n120
	u_ctrl/div_37/n426
	u_ctrl/rem_36/FE_OCPN1685_u_div_PartRem_1__8
	u_bf/mult_32/n367
	u_bf/sub_23/n91
	u_ctrl/div_37/u_div_SumTmp_2__1__2_
	u_ctrl/rem_36/n152
	u_bf/sub_23/n226
	u_bf/mult_32/n368
	u_ctrl/div_37/u_div_BInv_6__5_
	u_ctrl/rem_36/n164
	u_bf/mult_32/n389
	u_bf/sub_23/FE_RN_564_0
	u_ctrl/div_37/FE_RN_809_0
	u_ctrl/rem_36/u_div_PartRem_1__3_
	u_bf/mult_32/FE_RN_768_0
	u_bf/sub_23/FE_RN_1130_0
	u_ctrl/div_37/u_div_BInv_6__6_
	u_ctrl/rem_36/u_div_PartRem_1__6_
	u_bf/mult_32/n390
	u_bf/sub_23/FE_OCPN1500_n71
	u_ctrl/div_37/u_div_SumTmp_3__1__1_
	u_ctrl/rem_36/FE_RN_672_0
	u_bf/sub_23/FE_OCPN1510_n217
	u_bf/mult_33/FE_RN_133_0
	u_ctrl/div_37/u_div_BInv_3__3_
	u_ctrl/rem_36/FE_OFN278_u_div_PartRem_1__3
	u_bf/mult_33/FE_RN_1876_0
	u_bf/sub_23/FE_RN_1133_0
	u_ctrl/div_37/u_div_SumTmp_2__2__2_
	u_ctrl/rem_36/FE_OCPN1633_u_div_PartRem_1__8
	u_bf/mult_33/n54
	u_bf/sub_23/FE_RN_1134_0
	u_ctrl/div_37/FE_OFN935_u_div_BInv_7__2
	u_ctrl/rem_36/FE_OFN292_n133
	u_bf/mult_33/n56
	u_bf/sub_23/FE_RN_1
	u_ctrl/div_37/u_div_BInv_7__4_
	u_ctrl/rem_36/FE_OCPN1138_n429
	u_bf/sub_23/n10
	u_bf/mult_33/n256
	u_ctrl/div_37/n185
	u_ctrl/rem_36/u_div_u_add_PartRem_0_1/n138
	u_bf/mult_33/n261
	u_bf/sub_23/n13
	u_ctrl/div_37/n387
	u_ctrl/rem_36/u_div_u_add_PartRem_0_1/n139
	u_bf/mult_33/n77
	u_bf/sub_23/n14
	u_ctrl/div_37/u_div_CryOut_1__2_
	u_ctrl/rem_36/u_div_u_add_PartRem_0_2/n141
	u_bf/mult_33/n265
	u_bf/sub_23/n15
	u_ctrl/div_37/FE_OFN270_n144
	u_bf/sub_23/n17
	u_ctrl/div_37/n393
	u_ctrl/rem_36/u_div_u_add_PartRem_0_2/n139
	u_bf/mult_33/n271
	u_bf/sub_23/n18
	u_ctrl/rem_36/u_div_u_add_PartRem_0_3/n176
	u_bf/mult_33/n1092
	u_bf/sub_23/n22
	u_ctrl/div_37/u_div_u_add_PartRem_2_1/n98
	u_ctrl/rem_36/u_div_u_add_PartRem_0_3/n177
	u_bf/mult_33/n1095
	u_bf/sub_23/n23
	u_ctrl/rem_36/u_div_u_add_PartRem_0_4/n140
	u_bf/sub_23/FE_OCPN1774_n70
	u_bf/mult_33/n1098
	u_ctrl/div_37/u_div_u_add_PartRem_2_2/n97
	u_ctrl/rem_36/u_div_u_add_PartRem_0_4/FE_RN_225_0
	u_bf/sub_23/FE_RN_84_0
	u_ctrl/add_39/CO
	u_ctrl/div_37/u_div_u_add_PartRem_2_2/n98
	u_bf/mult_33/n107
	u_bf/sub_23/n31
	u_ctrl/add_40/CO
	u_bf/mult_33/FE_RN_319_0
	u_bf/sub_23/n32
	u_ctrl/rem_36/divide_by_0
	u_ctrl/div_37/u_div_u_add_PartRem_2_3/n131
	u_bf/sub_23/n40
	u_bf/mult_33/n120
	u_ctrl/rem_36/quotient[0]
	u_ctrl/div_37/u_div_u_add_PartRem_2_3/n132
	u_ctrl/rem_36/u_div_u_add_PartRem_0_5/n178
	u_bf/mult_33/FE_RN_1875_0
	u_bf/sub_23/n41
	u_ctrl/rem_36/quotient[1]
	u_ctrl/rem_36/u_div_u_add_PartRem_0_5/n179
	u_bf/mult_33/FE_RN_613_0
	u_bf/sub_23/FE_RN_58_0
	u_ctrl/rem_36/quotient[2]
	u_ctrl/div_37/u_div_u_add_PartRem_2_5/n142
	u_ctrl/rem_36/u_div_u_add_PartRem_0_6/n166
	u_bf/mult_33/FE_RN_617_0
	u_bf/sub_23/n58
	u_ctrl/rem_36/quotient[3]
	u_ctrl/div_37/u_div_u_add_PartRem_2_5/n127
	u_ctrl/rem_36/u_div_u_add_PartRem_0_6/n151
	u_bf/sub_23/FE_OCPN1816_n98
	u_bf/mult_33/FE_RN_1882_0
	u_ctrl/rem_36/quotient[4]
	u_ctrl/div_37/u_div_u_add_PartRem_2_6/n143
	u_bf/mult_33/n409
	u_bf/sub_23/n5
	u_ctrl/rem_36/quotient[5]
	u_bf/mult_33/n441
	u_bf/sub_23/n6
	u_ctrl/rem_36/quotient[6]
	u_ctrl/rem_36/u_div_u_add_PartRem_0_7/n176
	u_bf/mult_33/FE_RN_288_0
	u_bf/sub_23/n7
	u_ctrl/rem_36/quotient[7]
	u_ctrl/div_37/u_div_u_add_PartRem_2_6/n128
	u_ctrl/rem_36/u_div_u_add_PartRem_0_7/n177
	u_bf/sub_23/n9
	u_bf/mult_33/n475
	u_ctrl/rem_36/quotient[8]
	u_ctrl/div_37/n229
	u_bf/mult_33/n487
	u_bf/sub_23/n101
	u_ctrl/rem_36/u_div_u_add_B3/CO
	u_ctrl/div_37/u_div_u_add_PartRem_2_7/n126
	u_ctrl/div_37/u_div_PartRem_1__8_
	u_bf/mult_33/n491
	u_bf/sub_23/n108
	u_ctrl/rem_36/u_div_u_add_B5/CO
	u_bf/mult_33/n492
	u_bf/sub_24/FE_RN_516_0
	u_ctrl/rem_36/u_div_u_add_B6/CO
	u_ctrl/div_37/u_div_u_add_B3/n172
	u_ctrl/div_37/FE_OFN252_u_div_PartRem_1__4
	u_bf/sub_24/FE_RN_107_0
	u_bf/mult_33/n315
	u_ctrl/rem_36/u_div_u_add_B7/CO
	u_ctrl/div_37/u_div_u_add_B3/n124
	u_ctrl/div_37/n4
	u_bf/mult_33/n341
	u_bf/sub_24/n120
	u_ctrl/div_37/divide_by_0
	u_ctrl/div_37/u_div_u_add_B3/n126
	u_ctrl/div_37/FE_OFN1984_n38
	u_bf/mult_33/n342
	u_bf/sub_24/FE_RN_1633_0
	u_ctrl/div_37/remainder[0]
	u_ctrl/div_37/u_div_u_add_B3/n128
	u_ctrl/div_37/FE_OCPN1530_n17
	u_bf/mult_33/n347
	u_bf/sub_24/n10
	u_ctrl/div_37/remainder[1]
	u_ctrl/div_37/u_div_u_add_B3/n182
	u_ctrl/div_37/n160
	u_bf/sub_24/n11
	u_bf/mult_33/n348
	u_ctrl/div_37/remainder[2]
	u_ctrl/div_37/n193
	u_bf/mult_33/FE_RN_287_0
	u_bf/sub_24/n2
	u_ctrl/div_37/remainder[3]
	u_ctrl/div_37/u_div_u_add_B3/n154
	u_ctrl/div_37/u_div_PartRem_1__6_
	u_bf/mult_33/n360
	u_bf/sub_24/n3
	u_ctrl/div_37/remainder[4]
	u_ctrl/div_37/u_div_u_add_B3/n157
	u_ctrl/div_37/u_div_u_add_PartRem_0_1/n116
	u_bf/mult_33/n363
	u_bf/sub_24/n5
	u_ctrl/div_37/remainder[5]
	u_ctrl/div_37/u_div_u_add_B3/n159
	u_ctrl/div_37/u_div_u_add_PartRem_0_1/n118
	u_bf/sub_24/n6
	u_bf/mult_33/n364
	u_ctrl/div_37/remainder[6]
	u_ctrl/div_37/u_div_u_add_B3/FE_RN_354_0
	u_ctrl/div_37/u_div_u_add_PartRem_0_1/FE_RN_363_0
	u_bf/mult_33/n375
	u_bf/sub_24/FE_RN_105_0
	u_ctrl/div_37/remainder[7]
	u_ctrl/div_37/u_div_u_add_B3/n160
	u_bf/mult_33/n376
	u_bf/sub_24/n8
	u_ctrl/div_37/remainder[8]
	u_ctrl/div_37/u_div_u_add_B3/n115
	u_ctrl/div_37/u_div_u_add_PartRem_0_1/FE_OCPN1146_u_div_PartRem_1__4
	u_bf/mult_33/n383
	u_bf/sub_24/n9
	u_ctrl/div_37/remainder[9]
	u_ctrl/div_37/u_div_u_add_B3/n117
	u_ctrl/div_37/u_div_u_add_PartRem_0_2/FE_RN_535_0
	u_bf/sub_24/n137
	u_bf/mult_33/n384
	u_ctrl/div_37/u_div_u_add_B3/CO
	u_ctrl/div_37/u_div_u_add_B3/n119
	u_bf/mult_33/n385
	u_ctrl/div_37/u_div_u_add_B5/CO
	u_ctrl/div_37/u_div_u_add_B5/n187
	u_ctrl/div_37/u_div_u_add_PartRem_0_2/n124
	u_bf/mult_33/n386
	u_bf/sub_24/n22
	u_ctrl/div_37/u_div_u_add_B6/CO
	u_ctrl/div_37/u_div_u_add_B5/n130
	u_ctrl/div_37/u_div_u_add_PartRem_0_2/FE_RN_732_0
	u_bf/mult_34/n603
	u_bf/sub_24/n23
	u_ctrl/div_37/u_div_u_add_B7/CO
	u_ctrl/div_37/u_div_u_add_B5/n193
	u_ctrl/div_37/u_div_u_add_PartRem_0_2/FE_RN_534_0
	u_bf/sub_24/FE_RN_250_0
	u_bf/mult_34/FE_RN_1548_0
	u_ctrl/div_37/u_div_u_add_PartRem_0_1/SUM[8]
	u_ctrl/div_37/u_div_u_add_B5/n142
	u_bf/mult_34/FE_RN_279_0
	u_bf/sub_24/FE_RN_152_0
	u_ctrl/div_37/u_div_u_add_PartRem_0_1/SUM[3]
	u_ctrl/div_37/u_div_u_add_B5/n147
	u_ctrl/div_37/u_div_u_add_PartRem_0_3/n146
	u_bf/mult_34/n78
	u_bf/sub_24/FE_OCPN1548_n93
	u_ctrl/div_37/u_div_u_add_PartRem_0_1/SUM[12]
	u_ctrl/div_37/u_div_u_add_B5/FE_RN_585_0
	u_ctrl/div_37/u_div_u_add_PartRem_0_3/n156
	u_bf/mult_34/n267
	u_bf/sub_24/n80
	u_ctrl/div_37/u_div_u_add_PartRem_0_1/SUM[6]
	u_ctrl/div_37/u_div_u_add_B5/n149
	u_bf/sub_24/n86
	u_bf/mult_34/n271
	u_ctrl/div_37/u_div_u_add_PartRem_0_1/SUM[1]
	u_ctrl/div_37/u_div_u_add_B5/FE_RN_577_0
	u_ctrl/div_37/u_div_u_add_PartRem_0_4/n118
	u_bf/mult_34/n1096
	u_bf/sub_24/FE_RN_634_0
	u_ctrl/div_37/u_div_u_add_PartRem_0_1/SUM[10]
	u_ctrl/div_37/u_div_u_add_B5/FE_RN_583_0
	u_ctrl/div_37/u_div_u_add_PartRem_0_4/n124
	u_bf/mult_34/n1099
	u_bf/sub_24/n31
	u_ctrl/div_37/u_div_u_add_PartRem_0_1/SUM[9]
	u_ctrl/div_37/u_div_u_add_B5/FE_OCPN1647_n170
	u_ctrl/div_37/u_div_u_add_PartRem_0_4/n127
	u_bf/sub_24/FE_RN_1282_0
	u_ctrl/div_37/u_div_u_add_PartRem_0_1/SUM[4]
	u_ctrl/div_37/u_div_u_add_B5/n162
	u_ctrl/div_37/u_div_u_add_PartRem_0_4/n128
	u_bf/sub_24/n32
	u_bf/mult_34/FE_RN_13
	u_ctrl/div_37/u_div_u_add_PartRem_0_1/SUM[7]
	u_ctrl/div_37/u_div_u_add_B5/n165
	u_ctrl/div_37/u_div_u_add_PartRem_0_4/n131
	u_bf/mult_34/n109
	u_bf/sub_24/FE_RN_6
	u_ctrl/div_37/u_div_u_add_PartRem_0_1/SUM[2]
	u_ctrl/div_37/u_div_u_add_B5/n117
	u_ctrl/div_37/u_div_u_add_PartRem_0_5/n167
	u_bf/mult_34/n500
	u_bf/sub_24/FE_OCPN1590_n110
	u_ctrl/div_37/u_div_u_add_PartRem_0_1/SUM[11]
	u_ctrl/div_37/u_div_u_add_B5/n118
	u_ctrl/div_37/u_div_u_add_PartRem_0_5/FE_RN_276_0
	u_bf/mult_34/n507
	u_bf/sub_24/n101
	u_ctrl/div_37/u_div_u_add_PartRem_0_1/SUM[5]
	u_ctrl/div_37/u_div_u_add_B6/n172
	u_ctrl/div_37/u_div_u_add_PartRem_0_5/n170
	u_bf/sub_24/n40
	u_bf/mult_34/n508
	u_ctrl/div_37/u_div_u_add_PartRem_0_1/SUM[0]
	u_ctrl/div_37/u_div_u_add_B6/n178
	u_ctrl/div_37/u_div_u_add_PartRem_0_5/n156
	u_bf/mult_34/n925
	u_bf/sub_24/n41
	u_ctrl/div_37/u_div_u_add_PartRem_0_2/SUM[8]
	u_ctrl/div_37/u_div_u_add_PartRem_0_5/n158
	u_bf/mult_34/n938
	u_bf/sub_24/FE_OCPN1775_n98
	u_ctrl/div_37/u_div_u_add_PartRem_0_2/SUM[3]
	u_ctrl/div_37/u_div_u_add_B6/n125
	u_bf/mult_34/n939
	u_bf/sub_24/FE_RN_1280_0
	u_ctrl/div_37/u_div_u_add_PartRem_0_2/SUM[12]
	u_ctrl/div_37/u_div_u_add_B6/n136
	u_ctrl/div_37/u_div_u_add_PartRem_0_6/n161
	u_bf/sub_24/n213
	u_bf/mult_34/n940
	u_ctrl/div_37/u_div_u_add_PartRem_0_2/SUM[6]
	u_ctrl/div_37/u_div_u_add_B6/n196
	u_ctrl/div_37/u_div_u_add_PartRem_0_6/n163
	u_bf/mult_34/n588
	u_bf/sub_24/FE_RN_248_0
	u_ctrl/div_37/u_div_u_add_PartRem_0_2/SUM[1]
	u_ctrl/div_37/u_div_u_add_B6/n147
	u_bf/mult_34/n400
	u_bf/sub_24/n217
	u_ctrl/div_37/u_div_u_add_PartRem_0_2/SUM[10]
	u_ctrl/div_37/u_div_u_add_PartRem_0_6/n148
	u_bf/mult_34/n410
	u_bf/sub_24/FE_OCPN1704_n71
	u_ctrl/div_37/u_div_u_add_PartRem_0_2/SUM[9]
	u_ctrl/div_37/u_div_u_add_B6/n118
	u_ctrl/div_37/u_div_u_add_PartRem_0_6/FE_RN_1851_0
	u_bf/sub_24/FE_RN_1635_0
	u_bf/mult_34/n439
	u_ctrl/div_37/u_div_u_add_PartRem_0_2/SUM[4]
	u_ctrl/div_37/u_div_u_add_B7/FE_RN_606_0
	u_bf/mult_34/n440
	u_bf/sub_24/n221
	u_ctrl/div_37/u_div_u_add_PartRem_0_2/SUM[7]
	u_ctrl/div_37/u_div_u_add_B7/FE_RN_605_0
	u_ctrl/div_37/u_div_u_add_PartRem_0_7/n152
	u_bf/mult_34/FE_RN_146_0
	u_bf/sub_24/n222
	u_ctrl/div_37/u_div_u_add_PartRem_0_2/SUM[2]
	u_ctrl/div_37/u_div_u_add_B7/n134
	u_ctrl/div_37/u_div_u_add_PartRem_0_7/n155
	u_bf/mult_34/n463
	u_bf/add_21/n121
	u_ctrl/div_37/u_div_u_add_PartRem_0_2/SUM[11]
	u_ctrl/div_37/u_div_u_add_B7/n191
	u_ctrl/div_37/u_div_u_add_PartRem_0_7/n156
	u_bf/add_21/n10
	u_bf/mult_34/n464
	u_ctrl/div_37/u_div_u_add_PartRem_0_2/SUM[5]
	u_ctrl/div_37/u_div_u_add_B7/n192
	u_bf/mult_34/n465
	u_bf/add_21/n11
	u_ctrl/div_37/u_div_u_add_PartRem_0_2/SUM[0]
	u_ctrl/div_37/u_div_u_add_B7/n193
	u_bf/mult_34/n466
	u_bf/add_21/n12
	u_ctrl/div_37/u_div_u_add_PartRem_0_3/SUM[8]
	u_ctrl/div_37/u_div_u_add_B7/FE_RN_2
	u_ctrl/rem_36/n10
	u_bf/mult_34/FE_OCPN1756_n478
	u_bf/add_21/n14
	u_ctrl/div_37/u_div_u_add_PartRem_0_3/SUM[3]
	u_ctrl/div_37/u_div_u_add_B7/n201
	u_ctrl/rem_36/n50
	u_bf/add_21/n18
	u_bf/mult_34/n474
	u_ctrl/div_37/u_div_u_add_PartRem_0_3/SUM[12]
	u_ctrl/div_37/u_div_u_add_B7/n158
	u_ctrl/rem_36/n52
	u_bf/mult_34/n483
	u_bf/add_21/n2
	u_ctrl/div_37/u_div_u_add_PartRem_0_3/SUM[6]
	u_ctrl/div_37/u_div_u_add_B7/n162
	u_ctrl/rem_36/n118
	u_bf/mult_34/n484
	u_bf/add_21/n3
	u_ctrl/div_37/u_div_u_add_PartRem_0_3/SUM[1]
	u_ctrl/rem_36/n134
	u_bf/mult_34/n491
	u_bf/add_21/n4
	u_ctrl/div_37/u_div_u_add_PartRem_0_3/SUM[10]
	u_ctrl/div_37/u_div_u_add_B7/FE_RN_96_0
	u_ctrl/rem_36/n135
	u_bf/add_21/n5
	u_bf/mult_34/n492
	u_ctrl/div_37/u_div_u_add_PartRem_0_3/SUM[9]
	u_ctrl/div_37/u_div_u_add_PartRem_1_1/n143
	u_ctrl/rem_36/FE_OFN466_u_div_PartRem_1__7
	u_bf/mult_34/n499
	u_bf/add_21/n6
	u_ctrl/div_37/u_div_u_add_PartRem_0_3/SUM[4]
	u_ctrl/div_37/u_div_u_add_PartRem_1_1/n146
	u_ctrl/rem_36/n165
	u_bf/mult_34/n329
	u_bf/add_21/n8
	u_ctrl/div_37/u_div_u_add_PartRem_0_3/SUM[7]
	u_ctrl/div_37/u_div_u_add_PartRem_1_1/n147
	u_ctrl/rem_36/n166
	u_bf/mult_34/n330
	u_bf/add_21/n9
	u_ctrl/div_37/u_div_u_add_PartRem_0_3/SUM[2]
	u_ctrl/div_37/u_div_u_add_PartRem_1_1/n149
	u_ctrl/rem_36/n167
	u_bf/add_21/n73
	u_bf/mult_34/n341
	u_ctrl/div_37/u_div_u_add_PartRem_0_3/SUM[11]
	u_ctrl/div_37/u_div_u_add_PartRem_1_1/n155
	u_ctrl/rem_36/n177
	u_bf/mult_34/n342
	u_bf/add_21/n74
	u_ctrl/div_37/u_div_u_add_PartRem_0_3/SUM[5]
	u_ctrl/div_37/u_div_u_add_PartRem_1_1/n138
	u_ctrl/rem_36/n178
	u_bf/mult_34/n347
	u_bf/add_21/n23
	u_ctrl/div_37/u_div_u_add_PartRem_0_3/SUM[0]
	u_ctrl/div_37/u_div_u_add_PartRem_1_2/n95
	u_ctrl/rem_36/FE_OCPN1666_u_div_PartRem_1__6
	u_bf/mult_34/n348
	u_bf/add_21/n24
	u_ctrl/div_37/u_div_u_add_PartRem_0_4/SUM[8]
	u_ctrl/div_37/u_div_u_add_PartRem_1_2/n122
	u_ctrl/rem_36/FE_RN_1478_0
	u_bf/add_21/n32
	u_bf/mult_34/n349
	u_ctrl/div_37/u_div_u_add_PartRem_0_4/SUM[3]
	u_ctrl/rem_36/FE_OFN293_n134
	u_bf/mult_34/n350
	u_bf/add_21/n33
	u_ctrl/div_37/u_div_u_add_PartRem_0_4/SUM[12]
	u_ctrl/rem_36/u_div_u_add_PartRem_0_1/n113
	u_bf/mult_34/n355
	u_bf/add_21/n41
	u_ctrl/div_37/u_div_u_add_PartRem_0_4/SUM[6]
	u_ctrl/div_37/u_div_u_add_PartRem_1_3/n149
	u_bf/mult_34/n356
	u_bf/add_21/n42
	u_ctrl/div_37/u_div_u_add_PartRem_0_4/SUM[1]
	u_ctrl/div_37/u_div_u_add_PartRem_1_4/n122
	u_bf/add_21/n110
	u_bf/mult_34/FE_RN_149_0
	u_ctrl/div_37/u_div_u_add_PartRem_0_4/SUM[10]
	u_ctrl/div_37/u_div_u_add_PartRem_1_5/n149
	u_bf/mult_34/n363
	u_bf/add_21/n111
	u_ctrl/div_37/u_div_u_add_PartRem_0_4/SUM[9]
	u_ctrl/div_37/u_div_u_add_PartRem_1_5/n150
	u_ctrl/rem_36/u_div_u_add_PartRem_0_2/n162
	u_bf/mult_34/n364
	u_bf/add_21/n116
	u_ctrl/div_37/u_div_u_add_PartRem_0_4/SUM[4]
	u_ctrl/div_37/u_div_u_add_PartRem_1_5/n152
	u_ctrl/rem_36/u_div_u_add_PartRem_0_2/n163
	u_bf/mult_34/FE_RN_764_0
	u_bf/add_21/n117
	u_ctrl/div_37/u_div_u_add_PartRem_0_4/SUM[7]
	u_ctrl/div_37/u_div_u_add_PartRem_1_6/FE_OFN573_n143
	u_ctrl/rem_36/u_div_u_add_PartRem_0_2/n140
	u_bf/add_22/n121
	u_bf/mult_34/n397
	u_ctrl/div_37/u_div_u_add_PartRem_0_4/SUM[2]
	u_bf/mult_34/n398
	u_bf/add_22/n10
	u_ctrl/div_37/u_div_u_add_PartRem_0_4/SUM[11]
	u_ctrl/rem_36/u_div_u_add_PartRem_0_2/n138
	u_bf/mult_34/n399
	u_bf/add_22/n11
	u_ctrl/div_37/u_div_u_add_PartRem_0_4/SUM[5]
	u_ctrl/div_37/u_div_u_add_PartRem_1_6/n154
	u_bf/add_22/n12
	u_ctrl/rem_36/n26
	u_ctrl/div_37/u_div_u_add_PartRem_0_4/SUM[0]
	u_ctrl/div_37/u_div_u_add_PartRem_1_6/FE_OFN476_u_div_BInv_6__4
	u_bf/add_22/n13
	u_ctrl/rem_36/n55
	u_ctrl/div_37/u_div_u_add_PartRem_0_5/SUM[8]
	u_ctrl/div_37/u_div_u_add_PartRem_1_7/FE_OFN936_u_div_BInv_7__2
	u_bf/add_22/n14
	u_ctrl/rem_36/FE_OCPN1721_u_div_BInv_7__8
	u_ctrl/div_37/u_div_u_add_PartRem_0_5/SUM[3]
	u_bf/add_22/n15
	u_ctrl/rem_36/n82
	u_ctrl/div_37/u_div_u_add_PartRem_0_5/SUM[12]
	u_ctrl/div_37/u_div_u_add_PartRem_1_7/n146
	u_ctrl/rem_36/u_div_u_add_PartRem_0_3/n175
	u_bf/add_22/n17
	u_ctrl/rem_36/u_div_BInv_7__10_
	u_ctrl/div_37/u_div_u_add_PartRem_0_5/SUM[6]
	u_ctrl/div_37/u_div_u_add_PartRem_0_1/n109
	u_bf/add_22/n18
	u_ctrl/rem_36/u_div_BInv_7__11_
	u_ctrl/div_37/u_div_u_add_PartRem_0_5/SUM[1]
	u_ctrl/div_37/u_div_u_add_PartRem_0_2/FE_RN_271_0
	u_bf/add_22/n2
	u_ctrl/rem_36/FE_OCPN2018_u_div_BInv_7__6
	u_ctrl/div_37/u_div_u_add_PartRem_0_5/SUM[10]
	u_ctrl/div_37/u_div_u_add_PartRem_0_4/FE_RN_797_0
	u_ctrl/rem_36/u_div_u_add_PartRem_0_4/FE_RN_1907_0
	u_bf/add_22/n3
	u_ctrl/rem_36/u_div_u_add_PartRem_2_3/n132
	u_ctrl/div_37/u_div_u_add_PartRem_0_5/SUM[9]
	u_ctrl/div_37/u_div_u_add_PartRem_0_5/FE_RN_579_0
	u_bf/add_22/n4
	u_ctrl/rem_36/u_div_u_add_PartRem_2_5/n135
	u_ctrl/div_37/u_div_u_add_PartRem_0_5/SUM[4]
	u_ctrl/div_37/u_div_u_add_PartRem_0_5/FE_RN_1860_0
	u_ctrl/rem_36/u_div_u_add_PartRem_0_4/n144
	u_bf/add_22/n5
	u_ctrl/rem_36/u_div_u_add_PartRem_2_6/n138
	u_ctrl/div_37/u_div_u_add_PartRem_0_5/SUM[7]
	u_bf/add_22/n6
	u_ctrl/rem_36/u_div_u_add_PartRem_2_7/n140
	u_ctrl/div_37/u_div_u_add_PartRem_0_5/SUM[2]
	u_ctrl/rem_36/u_div_u_add_PartRem_0_4/n150
	u_bf/add_22/n7
	u_ctrl/rem_36/u_div_u_add_PartRem_2_7/n141
	u_ctrl/div_37/u_div_u_add_PartRem_0_5/SUM[11]
	u_ctrl/div_37/u_div_u_add_PartRem_0_6/FE_OFN939_u_div_BInv_6__4
	u_ctrl/rem_36/u_div_u_add_PartRem_0_4/n151
	u_bf/add_22/n73
	u_ctrl/div_37/u_div_u_add_PartRem_0_5/SUM[5]
	u_ctrl/rem_36/u_div_u_add_PartRem_0_4/n155
	u_bf/add_22/n74
	u_ctrl/div_37/u_div_u_add_PartRem_0_5/SUM[0]
	u_ctrl/rem_36/u_div_u_add_PartRem_0_4/n156
	u_bf/add_22/n23
	u_ctrl/div_37/u_div_u_add_PartRem_0_6/SUM[8]
	u_bf/sub_im_full_9_
	u_bf/add_22/n24
	u_ctrl/div_37/u_div_u_add_PartRem_0_6/SUM[3]
	u_ctrl/rem_36/u_div_u_add_PartRem_0_4/FE_RN_1
	u_bf/add_22/n85
	u_ctrl/rem_36/u_div_u_add_PartRem_1_3/n161
	u_ctrl/div_37/u_div_u_add_PartRem_0_6/SUM[12]
	u_bf/add_22/n86
	u_ctrl/div_37/u_div_u_add_PartRem_0_6/SUM[6]
	u_bf/FE_PSN2055_FE_OCPN1303_sub_im_full_16
	u_bf/add_22/n32
	u_ctrl/div_37/u_div_u_add_PartRem_0_6/SUM[1]
	u_bf/sub_im_full_10_
	u_ctrl/rem_36/u_div_u_add_PartRem_0_5/n177
	u_bf/add_22/n33
	u_ctrl/rem_36/u_div_u_add_PartRem_0_3/n197
	u_ctrl/div_37/u_div_u_add_PartRem_0_6/SUM[10]
	u_bf/FE_OFN489_sub_im_full_16
	u_bf/add_22/n101
	u_ctrl/div_37/u_div_u_add_PartRem_0_6/SUM[9]
	u_bf/sub_im_full_11_
	u_ctrl/rem_36/u_div_u_add_PartRem_0_6/n167
	u_bf/add_22/n102
	u_ctrl/div_37/u_div_u_add_PartRem_0_6/SUM[4]
	u_bf/sub_re_full_13_
	u_ctrl/rem_36/u_div_u_add_PartRem_0_6/n196
	u_bf/add_22/n41
	u_ctrl/rem_36/u_div_u_add_PartRem_0_7/n198
	u_ctrl/div_37/u_div_u_add_PartRem_0_6/SUM[7]
	u_bf/sub_im_full_12_
	u_ctrl/rem_36/u_div_u_add_PartRem_0_6/n198
	u_bf/add_22/n42
	u_ctrl/div_37/u_div_CryOut_3__2_
	u_ctrl/div_37/u_div_u_add_PartRem_0_6/SUM[2]
	u_bf/FE_OCPN1280_FE_OFN528_sub_im_full_5
	u_bf/add_22/n113
	u_ctrl/div_37/u_div_CryOut_7__2_
	u_ctrl/div_37/u_div_u_add_PartRem_0_6/SUM[11]
	u_bf/sub_im_full_13_
	u_ctrl/rem_36/u_div_u_add_PartRem_0_6/n156
	u_ctrl/div_37/n170
	u_ctrl/div_37/u_div_u_add_PartRem_0_6/SUM[5]
	u_bf/sub_im_full_14_
	u_bf/mult_31/n1041
	u_ctrl/div_37/u_div_CryOut_6__2_
	u_ctrl/div_37/u_div_u_add_PartRem_0_6/SUM[0]
	u_bf/sub_im_full_15_
	u_ctrl/rem_36/u_div_u_add_PartRem_0_6/FE_OCPN1177_n429
	u_bf/mult_31/n1044
	u_ctrl/div_37/n201
	u_ctrl/div_37/u_div_u_add_PartRem_0_7/SUM[8]
	u_bf/FE_OCPN1294_sub_im_full_5
	u_bf/mult_31/n1059
	u_ctrl/div_37/u_div_u_add_PartRem_0_7/SUM[3]
	u_bf/mult_rr_0_
	u_ctrl/div_37/u_div_u_add_PartRem_2_5/n134
	u_ctrl/div_37/u_div_u_add_PartRem_0_7/SUM[12]
	u_bf/mult_ri_0_
	u_ctrl/div_37/u_div_u_add_PartRem_0_7/SUM[6]
	u_ctrl/rem_36/u_div_u_add_PartRem_0_7/n175
	u_ctrl/div_37/u_div_u_add_PartRem_0_7/SUM[1]
	u_bf/mult_31/n929
	u_ctrl/div_37/u_div_u_add_PartRem_1_3/n125
	u_ctrl/div_37/n65
	u_ctrl/div_37/u_div_u_add_PartRem_0_7/SUM[10]
	u_ctrl/div_37/u_div_u_add_PartRem_1_5/n160
	u_ctrl/div_37/n68
	u_ctrl/div_37/u_div_u_add_PartRem_0_7/SUM[9]
	u_ctrl/div_37/u_div_u_add_PartRem_1_6/n161
	u_ctrl/div_37/u_div_u_add_PartRem_0_7/SUM[4]
	u_ctrl/div_37/n70
	u_bf/mult_31/n995
	u_ctrl/div_37/u_div_u_add_PartRem_0_7/SUM[7]
	u_ctrl/div_37/n71
	u_ctrl/div_37/u_div_u_add_PartRem_1_7/n159
	u_bf/mult_31/n823
	u_ctrl/div_37/FE_OCPN1701_u_div_PartRem_1__8
	u_ctrl/div_37/u_div_u_add_PartRem_0_7/SUM[2]
	u_ctrl/div_37/n88
	u_ctrl/div_37/u_div_u_add_PartRem_0_7/SUM[11]
	u_ctrl/div_37/u_div_u_add_PartRem_0_3/FE_OFN556_n123
	u_bf/mult_31/n824
	u_ctrl/div_37/u_div_u_add_PartRem_0_7/SUM[5]
	u_ctrl/div_37/n89
	u_ctrl/div_37/u_div_u_add_PartRem_0_5/FE_OFN555_n198
	u_bf/mult_31/n826
	u_ctrl/div_37/u_div_u_add_PartRem_0_7/SUM[0]
	u_ctrl/div_37/n99
	u_ctrl/div_37/u_div_u_add_PartRem_0_6/n157
	u_ctrl/div_37/n103
	u_bf/sub_23/CO
	u_ctrl/div_37/n104
	u_bf/sub_24/CO
	u_bf/add_21/CO
	u_ctrl/div_37/n161
	u_bf/mult_ir_6_
	u_bf/add_22/CO
	u_ctrl/div_37/u_div_u_add_PartRem_0_1/n117
	u_bf/mult_ii_6_
	u_bf/sub_36/CO
	u_bf/mult_31/n613
	u_bf/sub_36/n267
	u_ctrl/div_37/u_div_u_add_PartRem_0_1/FE_RN_178_0
	u_bf/add_37/CO
	u_bf/mult_31/n614
	u_bf/sub_36/n268
	FE_RN_2
	u_bf/mult_31/n616
	u_ctrl/div_37/u_div_u_add_PartRem_0_1/FE_RN_361_0
	u_bf/sub_36/n198
	FE_RN_1
	u_bf/mult_31/FE_OFN1916_n948
	u_ctrl/div_37/u_div_u_add_PartRem_0_1/n105
	u_ctrl/SYNOPSYS_UNCONNECTED__0
	u_bf/mult_31/FE_RN_853_0
	u_ctrl/div_37/u_div_u_add_PartRem_0_1/n130
	u_bf/add_37/n351
	u_ctrl/SYNOPSYS_UNCONNECTED__1
	u_bf/add_37/n193
	u_ctrl/SYNOPSYS_UNCONNECTED__2
	u_ctrl/div_37/u_div_u_add_PartRem_0_2/FE_RN_1846_0
	u_bf/add_37/n196
	u_ctrl/SYNOPSYS_UNCONNECTED__3
	u_bf/mult_31/n630
	u_bf/add_37/n197
	u_ctrl/SYNOPSYS_UNCONNECTED__4
	u_bf/mult_31/n631
	u_bf/add_37/n198
	u_ctrl/SYNOPSYS_UNCONNECTED__5
	u_bf/mult_31/n633
	u_ctrl/SYNOPSYS_UNCONNECTED__6
	u_bf/mult_31/n647
	u_ctrl/div_37/u_div_u_add_PartRem_0_3/n165
	u_bf/mult_31/FE_RN_1044_0
	u_ctrl/SYNOPSYS_UNCONNECTED__7
	u_bf/mult_31/n648
	u_ctrl/div_37/u_div_u_add_PartRem_0_3/n168
	u_bf/mult_31/FE_OCPN1764_n245
	u_ctrl/SYNOPSYS_UNCONNECTED__8
	u_bf/mult_31/n650
	u_ctrl/div_37/u_div_u_add_PartRem_0_3/FE_RN_1415_0
	u_bf/mult_31/n239
	u_ctrl/SYNOPSYS_UNCONNECTED__9
	u_bf/mult_31/n665
	u_bf/mult_31/n242
	u_ctrl/FE_UNCONNECTEDZ_0
	u_bf/mult_31/n669
	u_ctrl/div_37/u_div_u_add_PartRem_0_3/n155
	u_bf/mult_31/n243
	u_ctrl/FE_UNCONNECTEDZ_1
	u_bf/mult_31/n676
	u_bf/mult_31/n58
	u_ctrl/FE_UNCONNECTEDZ_2
	u_bf/mult_31/n677
	u_ctrl/div_37/u_div_u_add_PartRem_0_4/n112
	u_bf/mult_31/n251
	u_ctrl/SYNOPSYS_UNCONNECTED__10
	u_bf/mult_31/n682
	u_ctrl/div_37/u_div_u_add_PartRem_0_4/FE_RN_170_0
	u_bf/mult_31/n254
	u_bf/mult_31/n686
	u_ctrl/div_37/u_div_u_add_PartRem_0_4/n126
	u_bf/mult_31/n259
	u_bf/mult_31/n693
	u_ctrl/div_37/u_div_u_add_PartRem_0_4/n129
	u_bf/mult_31/n75
	u_bf/mult_31/n695
	u_bf/mult_31/n76
	u_ctrl/rem_36/SYNOPSYS_UNCONNECTED__0
	u_bf/mult_31/n699
	u_bf/mult_31/n77
	u_ctrl/rem_36/SYNOPSYS_UNCONNECTED__1
	u_bf/mult_31/FE_OCPN1690_n959
	u_ctrl/div_37/u_div_u_add_PartRem_0_5/FE_RN_1774_0
	u_bf/mult_32/n1014
	u_bf/mult_31/n265
	u_ctrl/rem_36/SYNOPSYS_UNCONNECTED__100
	u_bf/mult_31/n531
	u_ctrl/div_37/u_div_u_add_PartRem_0_5/FE_RN_1389_0
	u_bf/mult_31/n78
	u_ctrl/rem_36/SYNOPSYS_UNCONNECTED__2
	u_bf/mult_31/n532
	u_ctrl/div_37/u_div_u_add_PartRem_0_5/n164
	u_bf/mult_32/n1052
	u_bf/mult_31/n268
	u_ctrl/rem_36/SYNOPSYS_UNCONNECTED__101
	u_bf/mult_31/n533
	u_ctrl/div_37/u_div_u_add_PartRem_0_5/n166
	u_bf/mult_32/n1054
	u_bf/mult_31/n1093
	u_ctrl/rem_36/SYNOPSYS_UNCONNECTED__3
	u_bf/mult_31/n534
	u_bf/mult_31/n296
	u_ctrl/rem_36/SYNOPSYS_UNCONNECTED__102
	u_bf/mult_31/n535
	u_ctrl/div_37/u_div_u_add_PartRem_0_5/n157
	u_bf/mult_31/n102
	u_ctrl/rem_36/SYNOPSYS_UNCONNECTED__4
	u_bf/mult_31/n536
	u_ctrl/div_37/u_div_u_add_PartRem_0_5/FE_RN_174_0
	u_bf/mult_32/n1074
	u_bf/mult_31/FE_RN_341_0
	u_ctrl/rem_36/SYNOPSYS_UNCONNECTED__103
	u_bf/mult_31/n537
	u_ctrl/div_37/u_div_u_add_PartRem_0_6/FE_RN_1864_0
	u_bf/mult_32/FE_RN_1357_0
	u_bf/mult_31/n105
	u_ctrl/rem_36/SYNOPSYS_UNCONNECTED__5
	u_bf/mult_31/n538
	u_bf/mult_31/n126
	u_ctrl/rem_36/SYNOPSYS_UNCONNECTED__104
	u_bf/mult_31/n937
	u_ctrl/div_37/u_div_u_add_PartRem_0_6/FE_RN_800_0
	u_bf/mult_31/n127
	u_ctrl/rem_36/SYNOPSYS_UNCONNECTED__6
	u_bf/mult_31/FE_RN_1020_0
	u_ctrl/div_37/u_div_u_add_PartRem_0_6/n170
	u_bf/mult_31/n930
	u_ctrl/rem_36/SYNOPSYS_UNCONNECTED__105
	u_bf/mult_31/FE_OCPN2041_FE_OFN517_sub_re_full_16
	u_bf/mult_32/FE_RN_1356_0
	u_bf/mult_31/n931
	u_ctrl/rem_36/SYNOPSYS_UNCONNECTED__7
	u_bf/mult_31/n549
	u_ctrl/div_37/u_div_u_add_PartRem_0_6/FE_RN_463_0
	u_bf/mult_32/n822
	u_bf/mult_31/n140
	u_ctrl/rem_36/SYNOPSYS_UNCONNECTED__106
	u_bf/mult_31/n551
	u_bf/mult_32/n824
	u_bf/mult_31/n150
	u_ctrl/rem_36/SYNOPSYS_UNCONNECTED__8
	u_bf/mult_31/n957
	u_ctrl/div_37/u_div_u_add_PartRem_0_7/FE_OCPN1739_n155
	u_bf/mult_32/n825
	u_bf/mult_31/n153
	u_ctrl/rem_36/SYNOPSYS_UNCONNECTED__107
	u_bf/mult_31/n958
	u_ctrl/div_37/u_div_u_add_PartRem_0_7/n164
	u_bf/mult_31/n164
	u_ctrl/rem_36/SYNOPSYS_UNCONNECTED__9
	u_bf/mult_31/n565
	u_ctrl/div_37/u_div_u_add_PartRem_0_7/n167
	u_bf/mult_31/n407
	u_ctrl/rem_36/SYNOPSYS_UNCONNECTED__108
	u_bf/mult_31/n567
	u_ctrl/div_37/u_div_u_add_PartRem_0_7/FE_RN_251_0
	u_bf/mult_31/n408
	u_ctrl/rem_36/SYNOPSYS_UNCONNECTED__109
	u_bf/mult_31/n960
	u_ctrl/div_37/u_div_u_add_PartRem_0_7/n153
	u_bf/mult_31/n409
	u_ctrl/rem_36/SYNOPSYS_UNCONNECTED__110
	u_bf/mult_31/n961
	u_bf/mult_31/FE_RN_1042_0
	u_ctrl/rem_36/SYNOPSYS_UNCONNECTED__111
	u_bf/mult_31/n962
	u_ctrl/div_37/u_div_u_add_PartRem_0_7/FE_OCPN1503_n4
	u_bf/mult_31/n437
	u_ctrl/rem_36/SYNOPSYS_UNCONNECTED__112
	u_bf/mult_31/n964
	u_bf/mult_31/n438
	u_ctrl/rem_36/SYNOPSYS_UNCONNECTED__113
	u_bf/mult_31/n965
	u_ctrl/mult_39/n150
	u_bf/mult_31/n447
	u_ctrl/rem_36/SYNOPSYS_UNCONNECTED__114
	u_bf/mult_31/FE_RN_1214_0
	u_ctrl/rem_36/n51
	u_bf/mult_31/n448
	u_ctrl/rem_36/SYNOPSYS_UNCONNECTED__115
	u_bf/mult_31/n581
	u_ctrl/rem_36/n53
	u_bf/mult_31/n459
	u_ctrl/rem_36/SYNOPSYS_UNCONNECTED__116
	u_bf/mult_31/n583
	u_ctrl/rem_36/n119
	u_bf/mult_31/n460
	u_ctrl/rem_36/SYNOPSYS_UNCONNECTED__117
	u_bf/mult_31/n982
	u_ctrl/rem_36/n120
	u_bf/mult_31/FE_RN_343_0
	u_ctrl/rem_36/SYNOPSYS_UNCONNECTED__118
	u_bf/mult_31/n596
	u_ctrl/rem_36/n121
	u_bf/mult_31/n310
	u_ctrl/rem_36/SYNOPSYS_UNCONNECTED__119
	u_bf/mult_31/n597
	u_ctrl/rem_36/u_div_u_add_PartRem_0_1/n111
	u_bf/mult_31/n311
	u_ctrl/rem_36/SYNOPSYS_UNCONNECTED__120
	u_bf/mult_31/n599
	u_ctrl/rem_36/u_div_u_add_PartRem_0_1/n165
	u_bf/mult_31/n375
	u_ctrl/rem_36/SYNOPSYS_UNCONNECTED__121
	u_bf/mult_31/n801
	u_ctrl/rem_36/u_div_u_add_PartRem_0_1/n141
	u_bf/mult_31/n376
	u_ctrl/rem_36/SYNOPSYS_UNCONNECTED__122
	u_bf/mult_31/FE_RN_590_0
	u_ctrl/rem_36/u_div_u_add_PartRem_0_1/n142
	u_bf/mult_31/n383
	u_ctrl/rem_36/SYNOPSYS_UNCONNECTED__123
	u_bf/mult_31/n417
	u_ctrl/rem_36/u_div_u_add_PartRem_0_1/n128
	u_bf/mult_31/n384
	u_ctrl/rem_36/SYNOPSYS_UNCONNECTED__124
	u_bf/mult_31/FE_OFN1971_n950
	u_ctrl/rem_36/u_div_u_add_PartRem_0_1/n129
	u_bf/mult_32/FE_RN_1358_0
	u_bf/mult_31/n385
	u_ctrl/rem_36/SYNOPSYS_UNCONNECTED__125
	u_bf/mult_31/FE_RN_493_0
	u_bf/mult_31/n386
	u_ctrl/rem_36/SYNOPSYS_UNCONNECTED__126
	u_bf/mult_31/FE_OFN1252_n972
	u_bf/mult_32/n604
	u_ctrl/rem_36/SYNOPSYS_UNCONNECTED__127
	u_bf/mult_31/FE_OFN1972_n955
	u_ctrl/rem_36/u_div_u_add_PartRem_0_2/n110
	u_bf/mult_32/n639
	u_ctrl/rem_36/SYNOPSYS_UNCONNECTED__128
	u_bf/mult_31/FE_RN_1273_0
	u_ctrl/rem_36/u_div_u_add_PartRem_0_2/FE_OCPN1872_n50
	u_bf/mult_32/n54
	u_ctrl/rem_36/SYNOPSYS_UNCONNECTED__129
	u_bf/mult_31/n703
	u_ctrl/rem_36/u_div_u_add_PartRem_0_2/n125
	u_bf/mult_32/n55
	u_ctrl/rem_36/SYNOPSYS_UNCONNECTED__130
	u_bf/mult_31/n713
	u_ctrl/rem_36/u_div_u_add_PartRem_0_2/n126
	u_bf/mult_32/n247
	u_ctrl/rem_36/SYNOPSYS_UNCONNECTED__131
	u_bf/mult_31/n716
	u_ctrl/rem_36/u_div_u_add_PartRem_0_2/n128
	u_bf/mult_32/n248
	u_ctrl/rem_36/SYNOPSYS_UNCONNECTED__132
	u_bf/mult_31/FE_OFN518_sub_re_full_16
	u_ctrl/rem_36/u_div_u_add_PartRem_0_2/n105
	u_bf/mult_32/FE_OCPN1796_n439
	u_ctrl/rem_36/SYNOPSYS_UNCONNECTED__133
	u_bf/mult_31/FE_RN_716_0
	u_bf/mult_33/n1084
	u_bf/mult_32/n256
	u_ctrl/rem_36/SYNOPSYS_UNCONNECTED__134
	u_bf/mult_31/n720
	u_ctrl/rem_36/u_div_u_add_PartRem_0_2/n108
	u_bf/mult_33/n1085
	u_bf/mult_32/n259
	u_ctrl/rem_36/SYNOPSYS_UNCONNECTED__135
	u_bf/mult_31/n726
	u_ctrl/rem_36/u_div_u_add_PartRem_0_2/n136
	u_bf/mult_33/n824
	u_bf/mult_32/n76
	u_ctrl/rem_36/SYNOPSYS_UNCONNECTED__136
	u_bf/mult_31/n727
	u_ctrl/rem_36/u_div_u_add_PartRem_0_2/FE_RN_1
	u_bf/mult_33/n826
	u_bf/mult_32/n268
	u_ctrl/rem_36/SYNOPSYS_UNCONNECTED__137
	u_bf/mult_31/n729
	u_ctrl/rem_36/u_div_u_add_PartRem_0_3/n162
	u_bf/mult_32/n1086
	u_ctrl/rem_36/SYNOPSYS_UNCONNECTED__138
	u_bf/mult_31/FE_RN_1082_0
	u_ctrl/rem_36/u_div_u_add_PartRem_0_3/n163
	u_bf/mult_32/n1087
	u_ctrl/rem_36/SYNOPSYS_UNCONNECTED__139
	u_bf/mult_31/n733
	u_ctrl/rem_36/u_div_u_add_PartRem_0_3/n166
	u_bf/mult_32/FE_RN_912_0
	u_ctrl/rem_36/SYNOPSYS_UNCONNECTED__140
	u_bf/mult_31/FE_OFN1263_n982
	u_ctrl/rem_36/u_div_u_add_PartRem_0_3/n179
	u_bf/mult_32/FE_RN_1614_0
	u_ctrl/rem_36/SYNOPSYS_UNCONNECTED__141
	u_bf/mult_31/n743
	u_ctrl/rem_36/u_div_u_add_PartRem_0_3/n150
	u_bf/mult_32/FE_RN_1178_0
	u_ctrl/rem_36/SYNOPSYS_UNCONNECTED__142
	u_bf/mult_31/n744
	u_ctrl/rem_36/u_div_u_add_PartRem_0_3/n158
	u_ctrl/rem_36/SYNOPSYS_UNCONNECTED__143
	u_bf/mult_31/n750
	u_ctrl/rem_36/u_div_u_add_PartRem_0_3/n159
	u_bf/mult_32/FE_RN_1577_0
	u_ctrl/rem_36/SYNOPSYS_UNCONNECTED__144
	u_bf/mult_31/n760
	u_bf/mult_32/n109
	u_ctrl/rem_36/SYNOPSYS_UNCONNECTED__145
	u_bf/mult_31/n762
	u_ctrl/rem_36/u_div_u_add_PartRem_0_3/n181
	u_bf/mult_32/n120
	u_ctrl/rem_36/SYNOPSYS_UNCONNECTED__146
	u_bf/mult_31/n767
	u_ctrl/rem_36/u_div_u_add_PartRem_0_4/FE_OCPN1673_n144
	u_bf/mult_32/FE_RN_408_0
	u_ctrl/rem_36/SYNOPSYS_UNCONNECTED__147
	u_bf/mult_31/n771
	u_ctrl/rem_36/u_div_u_add_PartRem_0_4/n162
	u_bf/mult_32/FE_RN_1561_0
	u_ctrl/rem_36/SYNOPSYS_UNCONNECTED__148
	u_bf/mult_31/n775
	u_ctrl/rem_36/u_div_u_add_PartRem_0_4/n146
	u_bf/mult_32/FE_RN_1278_0
	u_ctrl/rem_36/FE_UNCONNECTEDZ_0
	u_bf/mult_31/n777
	u_ctrl/rem_36/u_div_u_add_PartRem_0_4/n148
	u_bf/mult_32/FE_RN_1565_0
	u_ctrl/rem_36/FE_UNCONNECTEDZ_1
	u_bf/mult_31/n778
	u_ctrl/rem_36/u_div_u_add_PartRem_0_4/FE_RN_650_0
	u_bf/mult_32/FE_RN_975_0
	u_ctrl/rem_36/FE_UNCONNECTEDZ_2
	u_bf/mult_31/n779
	u_ctrl/rem_36/u_div_u_add_PartRem_0_4/n131
	u_bf/mult_32/FE_RN_1173_0
	u_ctrl/rem_36/SYNOPSYS_UNCONNECTED__10
	u_bf/mult_31/FE_OFN1969_n943
	u_ctrl/rem_36/u_div_u_add_PartRem_0_4/n132
	u_bf/mult_32/n451
	u_ctrl/rem_36/SYNOPSYS_UNCONNECTED__11
	u_bf/mult_31/n784
	u_ctrl/rem_36/u_div_u_add_PartRem_0_4/n133
	u_bf/mult_32/n452
	u_ctrl/rem_36/SYNOPSYS_UNCONNECTED__12
	u_bf/mult_31/n788
	u_ctrl/rem_36/u_div_u_add_PartRem_0_4/n134
	u_bf/mult_32/FE_RN_407_0
	u_ctrl/rem_36/SYNOPSYS_UNCONNECTED__13
	u_bf/mult_31/n794
	u_ctrl/rem_36/u_div_u_add_PartRem_0_4/n136
	u_bf/mult_32/n463
	u_ctrl/rem_36/SYNOPSYS_UNCONNECTED__14
	u_bf/mult_31/FE_OFN1915_n942
	u_ctrl/rem_36/u_div_u_add_PartRem_0_4/n138
	u_bf/mult_32/n464
	u_ctrl/rem_36/SYNOPSYS_UNCONNECTED__15
	u_bf/mult_31/n796
	u_ctrl/rem_36/u_div_u_add_PartRem_0_5/n160
	u_bf/mult_34/n1023
	u_bf/mult_32/n471
	u_ctrl/rem_36/SYNOPSYS_UNCONNECTED__16
	u_bf/mult_31/n798
	u_ctrl/rem_36/u_div_u_add_PartRem_0_5/n161
	u_bf/mult_34/n1031
	u_bf/mult_32/n472
	u_ctrl/rem_36/SYNOPSYS_UNCONNECTED__17
	u_ctrl/rem_36/u_div_u_add_PartRem_0_5/n164
	u_bf/mult_32/FE_OCPN1850_n351
	u_ctrl/rem_36/SYNOPSYS_UNCONNECTED__18
	u_ctrl/rem_36/u_div_u_add_PartRem_0_5/n165
	u_bf/mult_34/n1051
	u_bf/mult_32/n481
	u_ctrl/rem_36/SYNOPSYS_UNCONNECTED__19
	u_bf/mult_32/n632
	u_bf/mult_34/n1052
	u_bf/mult_32/n482
	u_ctrl/rem_36/SYNOPSYS_UNCONNECTED__20
	u_bf/mult_32/n1058
	u_ctrl/rem_36/u_div_u_add_PartRem_0_5/n181
	u_bf/mult_34/n1053
	u_bf/mult_32/FE_RN_918_0
	u_ctrl/rem_36/SYNOPSYS_UNCONNECTED__21
	u_bf/mult_32/n1059
	u_ctrl/rem_36/u_div_u_add_PartRem_0_5/n183
	u_bf/mult_34/n1054
	u_bf/mult_32/FE_RN_1176_0
	u_ctrl/rem_36/SYNOPSYS_UNCONNECTED__22
	u_bf/mult_32/FE_RN_410_0
	u_bf/mult_32/n649
	u_ctrl/rem_36/SYNOPSYS_UNCONNECTED__23
	u_ctrl/rem_36/u_div_u_add_PartRem_0_6/n164
	u_bf/mult_34/n1064
	u_bf/mult_32/n341
	u_ctrl/rem_36/SYNOPSYS_UNCONNECTED__24
	u_ctrl/rem_36/u_div_u_add_PartRem_0_6/n194
	u_bf/mult_34/n1083
	u_bf/mult_32/n342
	u_ctrl/rem_36/SYNOPSYS_UNCONNECTED__25
	u_bf/mult_32/n666
	u_ctrl/rem_36/u_div_u_add_PartRem_0_6/n197
	u_bf/mult_34/n1085
	u_bf/mult_32/n347
	u_bf/mult_32/n696
	u_ctrl/rem_36/SYNOPSYS_UNCONNECTED__26
	u_ctrl/rem_36/u_div_u_add_PartRem_0_6/n216
	u_bf/mult_34/n1087
	u_bf/mult_32/n348
	u_bf/mult_32/n929
	u_ctrl/rem_36/SYNOPSYS_UNCONNECTED__27
	u_ctrl/rem_36/u_div_u_add_PartRem_0_6/n147
	u_bf/mult_32/n365
	u_bf/mult_32/n531
	u_ctrl/rem_36/SYNOPSYS_UNCONNECTED__28
	u_ctrl/rem_36/u_div_u_add_PartRem_0_6/n149
	u_bf/mult_32/n366
	u_ctrl/rem_36/SYNOPSYS_UNCONNECTED__29
	u_bf/mult_32/n532
	u_ctrl/rem_36/u_div_u_add_PartRem_0_6/n177
	u_bf/mult_32/FE_RN_1276_0
	u_bf/mult_32/n533
	u_ctrl/rem_36/SYNOPSYS_UNCONNECTED__30
	u_ctrl/rem_36/u_div_u_add_PartRem_0_6/FE_RN_547_0
	u_bf/mult_32/FE_RN_1567_0
	u_bf/mult_32/n534
	u_ctrl/rem_36/SYNOPSYS_UNCONNECTED__31
	u_ctrl/rem_36/u_div_u_add_PartRem_0_6/n178
	u_bf/mult_32/n375
	u_bf/mult_32/n536
	u_ctrl/rem_36/SYNOPSYS_UNCONNECTED__32
	u_ctrl/rem_36/u_div_u_add_PartRem_0_6/n157
	u_bf/mult_34/n823
	u_bf/mult_32/n376
	u_ctrl/rem_36/SYNOPSYS_UNCONNECTED__33
	u_bf/mult_32/n537
	u_ctrl/rem_36/u_div_u_add_PartRem_0_6/n182
	u_bf/mult_34/n824
	u_bf/mult_32/FE_RN_1171_0
	u_bf/mult_32/n538
	u_ctrl/rem_36/SYNOPSYS_UNCONNECTED__34
	u_ctrl/rem_36/u_div_u_add_PartRem_0_6/n185
	u_bf/mult_34/n825
	u_bf/mult_32/n385
	u_bf/mult_32/n550
	u_ctrl/rem_36/SYNOPSYS_UNCONNECTED__35
	u_ctrl/rem_36/u_div_u_add_PartRem_0_7/n162
	u_bf/mult_34/n826
	u_bf/mult_32/n386
	u_bf/mult_32/n954
	u_ctrl/rem_36/SYNOPSYS_UNCONNECTED__36
	u_ctrl/rem_36/u_div_u_add_PartRem_0_7/n163
	u_bf/mult_33/n57
	u_ctrl/rem_36/SYNOPSYS_UNCONNECTED__37
	u_bf/mult_32/n955
	u_ctrl/rem_36/u_div_u_add_PartRem_0_7/n179
	u_bf/mult_33/n247
	u_bf/mult_32/n956
	u_ctrl/rem_36/SYNOPSYS_UNCONNECTED__38
	u_ctrl/rem_36/u_div_u_add_PartRem_0_7/n158
	u_bf/mult_33/n248
	u_bf/mult_32/n958
	u_ctrl/rem_36/SYNOPSYS_UNCONNECTED__39
	u_ctrl/rem_36/u_div_u_add_PartRem_0_7/n159
	u_bf/mult_33/n251
	u_bf/mult_32/n566
	u_ctrl/rem_36/SYNOPSYS_UNCONNECTED__40
	u_bf/mult_33/n254
	u_ctrl/rem_36/SYNOPSYS_UNCONNECTED__41
	u_bf/mult_32/n582
	u_ctrl/rem_36/u_div_u_add_PartRem_0_7/n181
	u_bf/mult_33/n259
	u_bf/mult_32/n985
	u_ctrl/rem_36/SYNOPSYS_UNCONNECTED__42
	u_bf/mult_33/n75
	u_bf/mult_32/n986
	u_ctrl/rem_36/SYNOPSYS_UNCONNECTED__43
	u_ctrl/div_37/n20
	u_bf/mult_33/n76
	u_bf/mult_32/n987
	u_ctrl/rem_36/SYNOPSYS_UNCONNECTED__44
	u_ctrl/div_37/n69
	u_bf/mult_33/n78
	u_ctrl/rem_36/SYNOPSYS_UNCONNECTED__45
	u_bf/mult_32/n988
	u_ctrl/div_37/u_div_u_add_PartRem_0_1/n119
	u_bf/mult_33/n268
	u_bf/mult_32/n598
	u_ctrl/rem_36/SYNOPSYS_UNCONNECTED__46
	u_ctrl/div_37/u_div_u_add_PartRem_0_1/FE_OCPN1540_n65
	u_bf/mult_33/n104
	u_bf/mult_32/FE_OCPN1730_n929
	u_ctrl/rem_36/SYNOPSYS_UNCONNECTED__47
	u_ctrl/div_37/u_div_u_add_PartRem_0_1/FE_RN_329_0
	u_bf/mult_33/n118
	u_bf/mult_32/FE_OFN1957_n929
	u_ctrl/rem_36/SYNOPSYS_UNCONNECTED__48
	u_ctrl/div_37/u_div_u_add_PartRem_0_1/n124
	u_bf/mult_33/FE_RN_1151_0
	u_ctrl/rem_36/SYNOPSYS_UNCONNECTED__49
	u_bf/mult_32/FE_RN_1336_0
	u_ctrl/div_37/u_div_u_add_PartRem_0_1/n126
	u_bf/mult_33/FE_RN_1879_0
	u_ctrl/rem_36/SYNOPSYS_UNCONNECTED__50
	u_ctrl/div_37/u_div_u_add_PartRem_0_1/FE_RN_179_0
	u_bf/mult_33/FE_RN_1065_0
	u_bf/mult_32/FE_RN_854_0
	u_ctrl/rem_36/SYNOPSYS_UNCONNECTED__51
	u_ctrl/div_37/u_div_u_add_PartRem_0_1/FE_RN_1759_0
	u_bf/mult_33/FE_RN_922_0
	u_bf/mult_32/n764
	u_ctrl/rem_36/SYNOPSYS_UNCONNECTED__52
	u_bf/mult_33/n442
	u_ctrl/rem_36/SYNOPSYS_UNCONNECTED__53
	u_bf/mult_32/n781
	u_ctrl/div_37/u_div_u_add_PartRem_0_2/n114
	u_bf/mult_33/n461
	u_bf/mult_32/n798
	u_ctrl/rem_36/SYNOPSYS_UNCONNECTED__54
	u_ctrl/div_37/u_div_u_add_PartRem_0_2/n115
	u_bf/mult_33/n462
	u_bf/mult_32/FE_RN_693_0
	u_ctrl/rem_36/SYNOPSYS_UNCONNECTED__55
	u_ctrl/div_37/u_div_u_add_PartRem_0_2/n116
	u_bf/mult_33/n463
	u_bf/mult_33/n614
	u_ctrl/rem_36/SYNOPSYS_UNCONNECTED__56
	u_ctrl/div_37/u_div_u_add_PartRem_0_2/n117
	u_bf/mult_33/n473
	u_ctrl/rem_36/SYNOPSYS_UNCONNECTED__57
	u_bf/mult_33/n616
	u_ctrl/div_37/u_div_u_add_PartRem_0_2/FE_RN_536_0
	u_bf/mult_33/n474
	u_bf/mult_33/FE_RN_883_0
	u_ctrl/rem_36/SYNOPSYS_UNCONNECTED__58
	u_ctrl/div_37/u_div_u_add_PartRem_0_2/FE_RN_272_0
	u_bf/mult_33/FE_RN_291_0
	u_ctrl/rem_36/SYNOPSYS_UNCONNECTED__59
	u_ctrl/div_37/u_div_u_add_PartRem_0_3/n162
	u_bf/mult_33/n488
	u_ctrl/rem_36/SYNOPSYS_UNCONNECTED__60
	u_ctrl/div_37/u_div_u_add_PartRem_0_3/FE_OCPN1321_n71
	u_bf/mult_33/FE_RN_1153_0
	u_ctrl/rem_36/SYNOPSYS_UNCONNECTED__61
	u_bf/mult_33/n630
	u_ctrl/div_37/u_div_u_add_PartRem_0_3/FE_RN_1824_0
	u_bf/mult_33/n333
	u_bf/mult_33/n631
	u_ctrl/rem_36/SYNOPSYS_UNCONNECTED__62
	u_ctrl/div_37/u_div_u_add_PartRem_0_3/FE_OCPN1534_n99
	u_bf/mult_33/n334
	u_bf/mult_33/n633
	u_ctrl/rem_36/SYNOPSYS_UNCONNECTED__63
	u_ctrl/div_37/u_div_u_add_PartRem_0_3/n157
	u_rom/FE_OFN1121_n
	u_bf/mult_33/n339
	u_bf/mult_33/n1050
	u_ctrl/rem_36/SYNOPSYS_UNCONNECTED__64
	u_ctrl/div_37/u_div_u_add_PartRem_0_3/FE_RN_1
	u_bf/mult_33/n340
	u_ctrl/FE_RN_1363_0
	u_ctrl/rem_36/SYNOPSYS_UNCONNECTED__65
	u_bf/mult_33/n1051
	u_ctrl/div_37/u_div_u_add_PartRem_0_4/FE_RN_247_0
	u_bf/mult_33/n355
	u_ctrl/n13
	u_bf/mult_33/n1052
	u_ctrl/rem_36/SYNOPSYS_UNCONNECTED__66
	u_ctrl/div_37/u_div_u_add_PartRem_0_4/n122
	u_bf/mult_33/n356
	u_ctrl/n14
	u_bf/mult_33/n1053
	u_ctrl/rem_36/SYNOPSYS_UNCONNECTED__67
	u_ctrl/div_37/u_div_u_add_PartRem_0_4/n123
	u_ctrl/n15
	u_bf/mult_33/n373
	u_bf/mult_33/n1054
	u_ctrl/rem_36/SYNOPSYS_UNCONNECTED__68
	u_ctrl/div_37/u_div_u_add_PartRem_0_4/n125
	u_bf/mult_33/n374
	u_ctrl/n16
	u_ctrl/rem_36/SYNOPSYS_UNCONNECTED__69
	u_bf/mult_33/n1055
	u_ctrl/div_37/u_div_u_add_PartRem_0_4/n130
	u_bf/mult_33/n395
	u_ctrl/n229
	u_bf/mult_33/n647
	u_ctrl/rem_36/SYNOPSYS_UNCONNECTED__70
	u_ctrl/div_37/u_div_u_add_PartRem_0_5/n165
	u_bf/mult_33/n396
	u_ctrl/FE_RN_1430_0
	u_bf/mult_33/n648
	u_ctrl/rem_36/SYNOPSYS_UNCONNECTED__71
	u_ctrl/div_37/u_div_u_add_PartRem_0_5/n146
	u_ctrl/n34
	u_bf/mult_33/FE_RN_1149_0
	u_bf/mult_33/n650
	u_ctrl/rem_36/SYNOPSYS_UNCONNECTED__72
	u_bf/mult_34/FE_RN_1872_0
	u_ctrl/FE_OFN928_n112
	u_ctrl/rem_36/SYNOPSYS_UNCONNECTED__73
	u_bf/mult_33/n665
	u_ctrl/div_37/u_div_u_add_PartRem_0_5/FE_RN_1388_0
	u_bf/mult_34/n56
	u_ctrl/n41
	u_bf/mult_33/FE_RN_1857_0
	u_ctrl/rem_36/SYNOPSYS_UNCONNECTED__74
	u_ctrl/div_37/u_div_u_add_PartRem_0_5/FE_RN_175_0
	u_bf/mult_34/n247
	u_ctrl/FE_OFN243_distance_9
	u_bf/mult_33/n675
	u_ctrl/rem_36/SYNOPSYS_UNCONNECTED__75
	u_ctrl/div_37/u_div_u_add_PartRem_0_6/n162
	u_ctrl/FE_OFN245_n91
	u_bf/mult_34/n248
	u_bf/mult_33/n676
	u_ctrl/rem_36/SYNOPSYS_UNCONNECTED__76
	u_ctrl/div_37/u_div_u_add_PartRem_0_6/n164
	u_bf/mult_34/FE_RN_140_0
	u_ctrl/n262
	u_ctrl/rem_36/SYNOPSYS_UNCONNECTED__77
	u_bf/mult_33/n677
	u_ctrl/div_37/u_div_u_add_PartRem_0_6/n165
	u_bf/mult_34/n640
	u_ctrl/FE_RN_1398_0
	u_bf/mult_33/n682
	u_ctrl/rem_36/SYNOPSYS_UNCONNECTED__78
	u_ctrl/div_37/u_div_u_add_PartRem_0_6/n168
	u_bf/mult_34/n256
	u_ctrl/FE_RN_1417_0
	u_bf/mult_33/n690
	u_ctrl/rem_36/SYNOPSYS_UNCONNECTED__79
	u_ctrl/div_37/u_div_u_add_PartRem_0_6/n147
	u_ctrl/FE_RN_576_0
	u_bf/mult_34/n261
	u_bf/mult_33/n691
	u_ctrl/rem_36/SYNOPSYS_UNCONNECTED__80
	u_ctrl/div_37/u_div_u_add_PartRem_0_6/n151
	u_bf/mult_34/n77
	u_ctrl/n298
	u_ctrl/rem_36/SYNOPSYS_UNCONNECTED__81
	u_bf/mult_33/n694
	u_ctrl/div_37/u_div_u_add_PartRem_0_6/n158
	u_bf/mult_34/n265
	u_ctrl/FE_RN_1899_0
	u_bf/mult_33/n696
	u_ctrl/rem_36/SYNOPSYS_UNCONNECTED__82
	u_ctrl/div_37/u_div_u_add_PartRem_0_6/FE_OCPN2014_n99
	u_bf/mult_34/n268
	u_ctrl/n110
	u_bf/mult_33/n699
	u_ctrl/rem_36/SYNOPSYS_UNCONNECTED__83
	u_ctrl/div_37/u_div_u_add_PartRem_0_7/n160
	u_ctrl/N59
	u_bf/mult_34/n1095
	u_bf/mult_33/FE_OCPN1660_n731
	u_ctrl/rem_36/SYNOPSYS_UNCONNECTED__84
	u_ctrl/div_37/u_div_u_add_PartRem_0_7/n161
	u_bf/mult_34/n1098
	u_ctrl/n126
	u_ctrl/rem_36/SYNOPSYS_UNCONNECTED__85
	u_bf/mult_33/FE_OCPN1612_n951
	u_ctrl/div_37/u_div_u_add_PartRem_0_7/FE_RN_346_0
	u_ctrl/n128
	u_bf/mult_33/n919
	u_ctrl/rem_36/SYNOPSYS_UNCONNECTED__86
	u_ctrl/div_37/u_div_u_add_PartRem_0_7/FE_RN_347_0
	u_bf/mult_34/FE_RN_371_0
	u_ctrl/n129
	u_bf/mult_33/FE_OCPN1309_sub_re_full_15
	u_ctrl/rem_36/SYNOPSYS_UNCONNECTED__87
	u_ctrl/div_37/u_div_u_add_PartRem_0_7/FE_RN_1794_0
	u_ctrl/FE_RN_1427_0
	u_bf/mult_34/n107
	u_bf/mult_33/n532
	u_ctrl/rem_36/SYNOPSYS_UNCONNECTED__88
	u_ctrl/div_37/u_div_u_add_PartRem_0_7/n148
	u_bf/mult_34/n120
	u_ctrl/n130
	u_ctrl/rem_36/SYNOPSYS_UNCONNECTED__89
	u_bf/mult_33/n533
	u_ctrl/div_37/u_div_u_add_PartRem_0_7/FE_RN_252_0
	u_bf/mult_34/n923
	u_ctrl/n133
	u_bf/mult_33/n535
	u_ctrl/rem_36/SYNOPSYS_UNCONNECTED__90
	u_ctrl/div_37/u_div_u_add_PartRem_0_7/n150
	u_bf/mult_34/n924
	u_ctrl/n134
	u_bf/mult_33/n536
	u_ctrl/rem_36/SYNOPSYS_UNCONNECTED__91
	u_ctrl/div_37/u_div_u_add_PartRem_0_7/n154
	u_ctrl/n135
	u_bf/mult_34/n928
	u_bf/mult_33/n537
	u_ctrl/rem_36/SYNOPSYS_UNCONNECTED__92
	u_ctrl/div_37/u_div_u_add_PartRem_0_7/FE_RN_1800_0
	u_bf/mult_34/n929
	u_ctrl/N77
	u_ctrl/rem_36/SYNOPSYS_UNCONNECTED__93
	u_bf/mult_33/n538
	u_ctrl/mult_39/n230
	u_bf/mult_34/FE_RN_147_0
	u_ctrl/n153
	u_bf/mult_33/n938
	u_ctrl/rem_36/SYNOPSYS_UNCONNECTED__94
	u_ctrl/mult_39/n156
	u_bf/mult_34/n409
	u_ctrl/FE_OCPN1641_n1010
	u_bf/mult_33/FE_PSN2067_n950
	u_ctrl/rem_36/SYNOPSYS_UNCONNECTED__95
	u_ctrl/rem_36/FE_OCPN1715_n119
	u_ctrl/n157
	u_bf/mult_34/n435
	u_bf/mult_33/FE_RN_326_0
	u_ctrl/rem_36/SYNOPSYS_UNCONNECTED__96
	u_ctrl/rem_36/u_div_SumTmp_4__0__3_
	u_bf/mult_34/n436
	u_ctrl/n159
	u_ctrl/rem_36/SYNOPSYS_UNCONNECTED__97
	u_bf/mult_33/n549
	u_ctrl/rem_36/u_div_u_add_PartRem_0_1/n114
	u_bf/mult_34/n449
	u_ctrl/N99
	u_bf/mult_33/n944
	u_ctrl/rem_36/SYNOPSYS_UNCONNECTED__98
	u_ctrl/rem_36/u_div_u_add_PartRem_0_1/n140
	u_bf/mult_34/n450
	u_ctrl/n166
	u_bf/mult_33/n551
	u_ctrl/rem_36/SYNOPSYS_UNCONNECTED__99
	u_ctrl/rem_36/u_div_u_add_PartRem_0_1/n144
	u_ctrl/n168
	u_bf/mult_34/n481
	u_bf/mult_33/n954
	u_ctrl/rem_36/FE_OCPN1581_n133
	u_ctrl/rem_36/u_div_u_add_PartRem_0_1/n125
	u_bf/mult_34/n482
	u_ctrl/n2101
	u_bf/mult_33/n955
	u_ctrl/rem_36/u_div_u_add_PartRem_0_1/n156
	u_bf/mult_34/n333
	u_ctrl/FE_RN_575_0
	u_bf/mult_33/n956
	u_ctrl/rem_36/u_div_u_add_PartRem_0_1/n106
	u_bf/mult_34/n334
	u_ctrl/FE_RN_1422_0
	u_bf/mult_33/n957
	u_ctrl/rem_36/u_div_u_add_PartRem_0_1/n107
	u_ctrl/FE_OFN419_n158
	u_bf/mult_34/n339
	u_bf/mult_33/n959
	u_ctrl/rem_36/u_div_u_add_PartRem_0_1/n130
	u_bf/mult_34/n340
	u_bf/mult_33/n565
	u_ctrl/rem_36/u_div_u_add_PartRem_0_1/n132
	u_bf/mult_34/n345
	u_bf/mult_33/n567
	u_ctrl/rem_36/u_div_u_add_PartRem_0_1/n136
	u_bf/mult_34/n346
	u_ctrl/FE_RN_1
	u_bf/mult_33/FE_RN_1714_0
	u_ctrl/rem_36/u_div_u_add_PartRem_0_2/n161
	u_bf/mult_34/FE_RN_141_0
	u_bf/mult_33/FE_OCPN1852_sub_re_full_15
	u_ctrl/rem_36/u_div_u_add_PartRem_0_2/n115
	u_bf/mult_34/n353
	u_ctrl/n213
	u_bf/mult_33/n961
	u_ctrl/rem_36/u_div_u_add_PartRem_0_2/n142
	u_bf/mult_34/n354
	u_bf/mult_33/n962
	u_ctrl/rem_36/u_div_u_add_PartRem_0_2/n146
	u_bf/mult_34/n388
	u_ctrl/add_103/carry[4]
	u_bf/mult_33/n973
	u_ctrl/rem_36/u_div_u_add_PartRem_0_2/n148
	u_ctrl/add_108/carry[6]
	u_bf/mult_34/n389
	u_bf/mult_33/n974
	u_ctrl/rem_36/u_div_u_add_PartRem_0_2/FE_RN_28_0
	u_bf/mult_34/n390
	u_bf/mult_33/n975
	u_ctrl/rem_36/u_div_u_add_PartRem_0_2/n132
	u_bf/mult_34/FE_RN_1287_0
	u_bf/mult_33/n977
	u_ctrl/rem_36/u_div_u_add_PartRem_0_2/n133
	u_ctrl/rem_36/n83
	u_bf/mult_33/n978
	u_ctrl/rem_36/u_div_u_add_PartRem_0_2/n137
	u_ctrl/rem_36/n86
	u_bf/mult_33/n581
	u_ctrl/rem_36/u_div_u_add_PartRem_0_2/FE_RN_1364_0
	u_ctrl/rem_36/n90
	u_bf/mult_33/n583
	u_ctrl/rem_36/u_div_u_add_PartRem_0_3/n161
	u_ctrl/rem_36/n100
	u_bf/mult_33/n996
	u_ctrl/rem_36/u_div_u_add_PartRem_0_3/n198
	u_ctrl/rem_36/n14
	u_ctrl/rem_36/u_div_CryOut_3__2_
	u_bf/mult_33/n801
	u_ctrl/rem_36/u_div_u_add_PartRem_0_3/n172
	u_ctrl/rem_36/u_div_BInv_5__0_
	u_ctrl/rem_36/FE_OCPN1703_u_div_BInv_7__6
	u_bf/mult_33/FE_OFN1947_n948
	u_ctrl/rem_36/u_div_u_add_PartRem_0_3/n173
	u_ctrl/rem_36/n208
	u_ctrl/rem_36/u_div_CryOut_5__2_
	u_bf/mult_33/FE_OFN1948_n950
	u_ctrl/rem_36/u_div_u_add_PartRem_0_3/n178
	u_bf/mult_33/FE_OFN1239_n946
	u_ctrl/rem_36/u_div_u_add_PartRem_0_3/n151
	u_ctrl/rem_36/n221
	u_bf/mult_33/FE_RN_925_0
	u_ctrl/rem_36/u_div_u_add_PartRem_0_3/n152
	u_ctrl/rem_36/n236
	u_ctrl/rem_36/u_div_u_add_PartRem_2_6/n123
	u_bf/mult_33/n711
	u_ctrl/rem_36/u_div_u_add_PartRem_0_3/n180
	u_ctrl/rem_36/n244
	u_ctrl/rem_36/u_div_u_add_PartRem_2_7/n133
	u_bf/mult_33/n712
	u_ctrl/rem_36/u_div_u_add_PartRem_0_3/n184
	u_ctrl/rem_36/u_div_u_add_PartRem_2_7/n134
	u_bf/mult_33/n713
	u_ctrl/rem_36/u_div_u_add_PartRem_0_3/n207
	u_ctrl/rem_36/n250
	u_ctrl/rem_36/u_div_u_add_PartRem_2_7/n137
	u_bf/mult_33/n716
	u_ctrl/rem_36/u_div_u_add_PartRem_2_7/n138
	u_bf/mult_33/n726
	u_ctrl/rem_36/u_div_u_add_PartRem_0_4/n114
	u_ctrl/rem_36/u_div_BInv_6__1_
	u_ctrl/rem_36/u_div_u_add_PartRem_1_5/n159
	u_bf/mult_33/n727
	u_ctrl/rem_36/u_div_u_add_PartRem_0_4/n142
	u_ctrl/rem_36/n530
	u_bf/mult_33/n728
	u_ctrl/rem_36/u_div_u_add_PartRem_0_4/n145
	u_ctrl/rem_36/n531
	u_bf/mult_33/n729
	u_ctrl/rem_36/u_div_u_add_PartRem_0_4/n147
	u_ctrl/rem_36/n176
	u_bf/mult_33/n733
	u_ctrl/rem_36/u_div_u_add_PartRem_0_4/n125
	u_ctrl/rem_36/n188
	u_ctrl/rem_36/u_div_u_add_PartRem_0_3/FE_RN_676_0
	u_bf/mult_33/n745
	u_ctrl/rem_36/u_div_u_add_PartRem_0_4/FE_RN_226_0
	u_ctrl/rem_36/n189
	u_ctrl/rem_36/u_div_u_add_PartRem_0_3/FE_OFN554_n26
	u_bf/mult_33/n747
	u_ctrl/rem_36/u_div_u_add_PartRem_0_4/FE_RN_406_0
	u_ctrl/rem_36/n197
	u_ctrl/rem_36/u_div_u_add_PartRem_0_5/n197
	u_bf/mult_33/n750
	u_ctrl/rem_36/u_div_u_add_PartRem_0_4/n130
	u_ctrl/rem_36/n199
	u_bf/mult_33/FE_RN_1746_0
	u_ctrl/rem_36/u_div_u_add_PartRem_0_4/n135
	u_ctrl/rem_36/u_div_u_add_PartRem_2_1/n93
	u_bf/mult_33/n767
	u_ctrl/rem_36/u_div_u_add_PartRem_0_4/n137
	u_ctrl/rem_36/u_div_u_add_PartRem_2_1/n94
	u_bf/mult_33/FE_OCPN1158_n939
	u_ctrl/rem_36/u_div_u_add_PartRem_0_5/n163
	u_ctrl/rem_36/u_div_u_add_PartRem_2_2/n90
	u_ctrl/div_37/n411
	u_bf/mult_33/n779
	u_ctrl/rem_36/u_div_u_add_PartRem_0_5/n168
	u_ctrl/rem_36/u_div_u_add_PartRem_2_3/n123
	u_ctrl/div_37/FE_RN_706_0
	u_bf/mult_33/FE_RN_947_0
	u_ctrl/rem_36/u_div_u_add_PartRem_0_5/n199
	u_ctrl/rem_36/u_div_u_add_PartRem_2_3/n124
	u_ctrl/div_37/FE_RN_566_0
	u_bf/mult_33/n784
	u_ctrl/rem_36/u_div_u_add_PartRem_0_5/n148
	u_ctrl/rem_36/u_div_u_add_PartRem_2_4/n79
	u_ctrl/div_37/u_div_CryOut_5__2_
	u_bf/mult_33/n1003
	u_ctrl/rem_36/u_div_u_add_PartRem_0_5/n149
	u_ctrl/rem_36/u_div_u_add_PartRem_2_6/n127
	u_ctrl/div_37/FE_RN_604_0
	u_bf/mult_33/n796
	u_ctrl/rem_36/u_div_u_add_PartRem_0_5/n174
	u_ctrl/rem_36/u_div_u_add_PartRem_2_7/n124
	u_ctrl/rem_36/u_div_u_add_PartRem_0_5/n157
	u_ctrl/div_37/u_div_u_add_PartRem_1_3/FE_RN_1514_0
	u_bf/mult_34/n632
	u_ctrl/rem_36/u_div_u_add_PartRem_0_5/n180
	u_ctrl/div_37/u_div_u_add_PartRem_1_7/n124
	u_ctrl/rem_36/u_div_u_add_PartRem_0_5/n182
	u_ctrl/div_37/u_div_u_add_PartRem_1_7/n157
	u_bf/mult_34/n649
	u_ctrl/rem_36/u_div_u_add_PartRem_0_5/n185
	u_ctrl/div_37/u_div_u_add_PartRem_0_3/n151
	u_ctrl/rem_36/u_div_u_add_PartRem_0_6/n168
	u_ctrl/rem_36/u_div_u_add_B5/n132
	u_ctrl/div_37/u_div_u_add_PartRem_0_5/n152
	u_ctrl/rem_36/u_div_u_add_PartRem_0_6/n190
	u_ctrl/rem_36/u_div_u_add_B5/n135
	u_ctrl/div_37/u_div_u_add_PartRem_0_7/FE_OFN557_n170
	u_bf/mult_34/n1074
	u_ctrl/rem_36/u_div_u_add_PartRem_0_6/n210
	u_bf/mult_rr_6_
	u_bf/mult_34/n1075
	u_ctrl/rem_36/u_div_u_add_PartRem_0_6/n195
	u_bf/mult_rr_7_
	u_ctrl/rem_36/u_div_u_add_PartRem_0_6/n214
	u_ctrl/rem_36/u_div_u_add_B6/n131
	u_bf/mult_ri_6_
	u_bf/mult_34/FE_OFN1268_n969
	u_ctrl/rem_36/u_div_u_add_PartRem_0_6/n215
	u_ctrl/rem_36/u_div_u_add_B6/n134
	u_bf/mult_ri_7_
	u_bf/mult_34/n676
	u_ctrl/rem_36/u_div_u_add_PartRem_0_6/n170
	u_ctrl/rem_36/u_div_u_add_B6/n138
	u_bf/mult_ir_7_
	u_bf/mult_34/n679
	u_ctrl/rem_36/u_div_u_add_PartRem_0_6/FE_OCPN1720_n164
	u_bf/mult_ii_7_
	u_bf/mult_34/n681
	u_ctrl/rem_36/u_div_u_add_PartRem_0_6/n181
	u_ctrl/rem_36/u_div_u_add_B6/FE_RN_1
	u_bf/mult_34/n696
	u_ctrl/rem_36/u_div_u_add_PartRem_0_6/n186
	u_ctrl/rem_36/u_div_u_add_B7/FE_OCPN1150_n169
	u_bf/mult_34/FE_OFN1231_n955
	u_ctrl/rem_36/u_div_u_add_PartRem_0_6/FE_OCPN2015_n194
	u_ctrl/rem_36/u_div_u_add_B7/n159
	u_bf/mult_34/n699
	u_ctrl/rem_36/u_div_u_add_PartRem_0_6/FE_OCPN1732_n185
	u_bf/sub_36/n266
	u_ctrl/rem_36/u_div_u_add_PartRem_0_7/n161
	u_ctrl/rem_36/u_div_u_add_B7/n164
	u_bf/sub_36/n387
	u_bf/mult_34/n921
	u_ctrl/rem_36/u_div_u_add_PartRem_0_7/n166
	u_bf/sub_36/n193
	u_bf/mult_34/n531
	u_ctrl/rem_36/u_div_u_add_PartRem_0_7/n199
	u_ctrl/rem_36/u_div_u_add_PartRem_1_1/n124
	u_bf/sub_36/n196
	u_bf/mult_34/n532
	u_ctrl/rem_36/u_div_u_add_PartRem_0_7/n172
	u_ctrl/rem_36/u_div_u_add_PartRem_1_1/n125
	u_bf/sub_36/n197
	u_bf/mult_34/n533
	u_ctrl/rem_36/u_div_u_add_PartRem_0_7/n178
	u_ctrl/rem_36/u_div_u_add_PartRem_1_1/n126
	u_bf/mult_34/n534
	u_ctrl/rem_36/u_div_u_add_PartRem_0_7/n150
	u_ctrl/rem_36/u_div_u_add_PartRem_1_2/n110
	u_bf/mult_34/n535
	u_ctrl/rem_36/u_div_u_add_PartRem_0_7/n151
	u_ctrl/rem_36/u_div_u_add_PartRem_1_2/n108
	u_bf/mult_34/n536
	u_ctrl/rem_36/u_div_u_add_PartRem_0_7/n155
	u_ctrl/rem_36/u_div_u_add_PartRem_1_3/n135
	u_bf/add_37/n385
	u_bf/mult_34/n537
	u_ctrl/rem_36/u_div_u_add_PartRem_0_7/n180
	u_ctrl/rem_36/u_div_u_add_PartRem_1_3/n136
	u_bf/mult_31/n225
	u_bf/mult_34/n538
	u_ctrl/rem_36/u_div_u_add_PartRem_0_7/n184
	u_ctrl/rem_36/u_div_u_add_PartRem_1_4/n97
	u_bf/mult_31/n226
	u_bf/mult_34/n954
	u_ctrl/rem_36/u_div_u_add_PartRem_0_7/FE_RN_1470_0
	u_ctrl/rem_36/u_div_u_add_PartRem_1_5/n131
	u_bf/mult_31/n234
	u_bf/mult_34/n955
	u_ctrl/div_37/n21
	u_ctrl/rem_36/u_div_u_add_PartRem_1_5/n132
	u_bf/mult_31/n237
	u_bf/mult_34/n974
	u_ctrl/div_37/n22
	u_ctrl/rem_36/u_div_u_add_PartRem_1_5/n133
	u_bf/mult_31/n252
	u_bf/mult_34/n582
	u_ctrl/div_37/u_div_u_add_PartRem_0_1/n113
	u_ctrl/rem_36/u_div_u_add_PartRem_1_6/n136
	u_bf/mult_31/n73
	u_ctrl/div_37/u_div_u_add_PartRem_0_1/n114
	u_ctrl/rem_36/u_div_u_add_PartRem_1_7/n138
	u_bf/mult_31/n74
	u_bf/mult_34/n994
	u_ctrl/div_37/u_div_u_add_PartRem_0_1/FE_RN_1760_0
	u_ctrl/rem_36/u_div_u_add_PartRem_1_7/n139
	u_bf/mult_31/n263
	u_bf/mult_34/n800
	u_ctrl/div_37/u_div_u_add_PartRem_0_1/n123
	u_ctrl/rem_36/u_div_u_add_PartRem_0_1/n155
	u_bf/mult_31/n1092
	u_ctrl/div_37/u_div_u_add_PartRem_0_1/n125
	u_ctrl/rem_36/u_div_u_add_PartRem_0_2/n123
	u_bf/mult_31/n98
	u_bf/mult_34/FE_RN_754_0
	u_ctrl/div_37/u_div_u_add_PartRem_0_1/n128
	u_ctrl/rem_36/u_div_u_add_PartRem_0_3/n155
	u_bf/mult_34/FE_OCPN1282_FE_OFN528_sub_im_full_5
	u_ctrl/div_37/u_div_u_add_PartRem_0_1/n106
	u_ctrl/div_37/u_div_u_add_PartRem_0_2/n112
	u_ctrl/rem_36/u_div_u_add_PartRem_0_5/n155
	u_bf/mult_31/n103
	u_ctrl/div_37/u_div_u_add_PartRem_0_2/FE_RN_450_0
	u_ctrl/rem_36/u_div_u_add_PartRem_0_6/n174
	u_bf/mult_31/n113
	u_bf/mult_34/n730
	u_ctrl/div_37/u_div_u_add_PartRem_0_2/n120
	u_bf/mult_31/n114
	u_bf/mult_34/n732
	u_ctrl/div_37/u_div_u_add_PartRem_0_2/FE_RN_368_0
	u_ctrl/rem_36/u_div_u_add_PartRem_0_7/n195
	u_bf/mult_31/n124
	u_bf/mult_34/FE_RN_1698_0
	u_ctrl/div_37/u_div_u_add_PartRem_0_2/n103
	u_ctrl/rem_36/u_div_u_add_PartRem_0_7/n154
	u_bf/mult_31/n125
	u_bf/mult_34/n747
	u_ctrl/div_37/u_div_u_add_PartRem_0_2/FE_RN_506_0
	u_ctrl/div_37/n16
	u_bf/mult_31/n922
	u_bf/mult_34/n749
	u_ctrl/div_37/u_div_u_add_PartRem_0_3/n161
	u_bf/mult_31/n925
	u_bf/mult_34/n764
	u_ctrl/div_37/u_div_u_add_PartRem_0_3/n164
	u_ctrl/div_37/FE_OFN944_u_div_BInv_1__5
	u_bf/mult_31/n933
	u_bf/mult_34/n781
	u_ctrl/div_37/u_div_u_add_PartRem_0_3/n152
	u_ctrl/div_37/n231
	u_bf/mult_31/n151
	u_bf/mult_34/FE_RN_6
	u_ctrl/div_37/n31
	u_bf/mult_31/FE_RN_1095_0
	u_bf/mult_34/n798
	u_ctrl/div_37/u_div_u_add_PartRem_0_4/n117
	u_ctrl/div_37/n32
	u_bf/mult_31/FE_OCPN1771_n1093
	sram_din_a_mux[31]
	u_ctrl/div_37/u_div_u_add_PartRem_0_4/n119
	u_ctrl/div_37/n264
	u_bf/mult_31/n421
	sram_din_a_mux[30]
	u_ctrl/div_37/u_div_u_add_PartRem_0_4/n120
	u_bf/mult_31/n422
	sram_din_a_mux[29]
	u_ctrl/div_37/u_div_u_add_PartRem_0_4/n121
	u_bf/mult_31/n433
	sram_din_a_mux[28]
	u_ctrl/div_37/u_div_u_add_PartRem_0_5/n160
	u_ctrl/div_37/u_div_BInv_1__8_
	u_bf/mult_31/n434
	sram_din_a_mux[27]
	u_ctrl/div_37/u_div_u_add_PartRem_0_5/n163
	u_ctrl/div_37/n1
	u_bf/mult_31/FE_RN_1329_0
	sram_din_a_mux[26]
	u_ctrl/div_37/u_div_u_add_PartRem_0_5/n153
	u_ctrl/div_37/n5
	u_bf/mult_31/n373
	sram_din_a_mux[25]
	u_ctrl/div_37/u_div_u_add_PartRem_0_5/n159
	u_ctrl/div_37/n129
	u_bf/mult_31/n374
	sram_din_a_mux[24]
	u_ctrl/div_37/u_div_u_add_PartRem_0_5/FE_RN_1773_0
	u_ctrl/div_37/n140
	u_bf/mult_31/n395
	sram_din_a_mux[23]
	u_ctrl/div_37/n151
	u_bf/mult_31/n396
	sram_din_a_mux[22]
	u_ctrl/div_37/u_div_u_add_PartRem_0_6/n167
	u_ctrl/div_37/n154
	u_bf/mult_32/n239
	sram_din_a_mux[21]
	u_ctrl/div_37/u_div_u_add_PartRem_0_6/FE_RN_1865_0
	u_bf/mult_32/n56
	u_ctrl/div_37/FE_OFN943_u_div_BInv_1__5
	sram_din_a_mux[20]
	u_ctrl/div_37/u_div_u_add_PartRem_0_6/FE_RN_608_0
	u_bf/mult_32/n244
	u_ctrl/div_37/FE_OCPN1674_n158
	sram_din_a_mux[19]
	u_ctrl/div_37/u_div_u_add_PartRem_0_6/n152
	u_ctrl/div_37/n189
	u_bf/mult_32/n57
	sram_din_a_mux[18]
	u_ctrl/div_37/u_div_u_add_PartRem_0_6/n153
	u_bf/mult_32/n245
	sram_din_a_mux[17]
	u_ctrl/div_37/u_div_u_add_PartRem_0_6/n159
	u_bf/mult_32/FE_RN_901_0
	sram_din_a_mux[16]
	u_ctrl/div_37/u_div_u_add_PartRem_0_7/n163
	u_bf/mult_32/n254
	u_ctrl/div_37/u_div_u_add_B3/n142
	sram_din_a_mux[15]
	u_ctrl/div_37/u_div_u_add_PartRem_0_7/FE_OCPN1505_n150
	u_ctrl/div_37/u_div_u_add_B3/n147
	u_bf/mult_32/FE_RN_1603_0
	sram_din_a_mux[14]
	u_ctrl/div_37/u_div_u_add_PartRem_0_7/n149
	u_bf/mult_32/FE_RN_1271_0
	sram_din_a_mux[13]
	u_ctrl/div_37/u_div_u_add_PartRem_0_7/n159
	u_bf/mult_32/n1079
	u_ctrl/div_37/u_div_u_add_B3/FE_RN_166_0
	sram_din_a_mux[12]
	u_ctrl/div_37/u_div_u_add_PartRem_0_7/FE_RN_1801_0
	u_bf/mult_32/n263
	sram_din_a_mux[11]
	u_ctrl/mult_39/n231
	u_bf/mult_32/FE_RN_409_0
	sram_din_a_mux[10]
	u_ctrl/mult_39/n141
	u_bf/mult_32/n1080
	sram_din_a_mux[9]
	u_ctrl/mult_39/FE_OFN1090_group_idx_3
	u_bf/mult_32/FE_RN_1566_0
	sram_din_a_mux[8]
	u_ctrl/mult_39/n152
	u_bf/mult_32/FE_RN_916_0
	sram_din_a_mux[7]
	u_ctrl/rem_36/u_div_SumTmp_6__0__3_
	u_ctrl/div_37/u_div_u_add_B5/n137
	u_bf/mult_32/FE_RN_1174_0
	sram_din_a_mux[6]
	u_ctrl/rem_36/n455
	u_ctrl/div_37/u_div_u_add_B5/n191
	sram_din_a_mux[5]
	u_ctrl/rem_36/u_div_SumTmp_4__0__4_
	u_bf/mult_32/n104
	sram_din_a_mux[4]
	u_ctrl/rem_36/u_div_u_add_PartRem_0_1/n162
	u_bf/mult_32/n107
	u_ctrl/div_37/u_div_u_add_B5/n152
	sram_din_a_mux[3]
	u_ctrl/rem_36/u_div_u_add_PartRem_0_1/n143
	u_ctrl/div_37/u_div_u_add_B5/n155
	u_bf/mult_32/n118
	sram_din_a_mux[2]
	u_ctrl/rem_36/u_div_u_add_PartRem_0_1/n105
	u_bf/mult_32/FE_RN_1185_0
	sram_din_a_mux[1]
	u_ctrl/rem_36/u_div_u_add_PartRem_0_1/n159
	u_bf/mult_32/FE_RN_1558_0
	sram_din_a_mux[0]
	u_ctrl/rem_36/u_div_u_add_PartRem_0_1/FE_RN_651_0
	u_bf/mult_32/FE_RN_1166_0
	u_ctrl/div_37/u_div_u_add_B6/n126
	u_rom/FE_OFN1183_n5
	u_ctrl/rem_36/u_div_u_add_PartRem_0_1/n109
	u_bf/mult_32/FE_RN_1718_0
	u_rom/FE_RN_1499_0
	u_ctrl/rem_36/u_div_u_add_PartRem_0_1/n134
	u_bf/mult_32/FE_RN_911_0
	u_ctrl/div_37/u_div_u_add_B6/n131
	u_rom/FE_RN_1392_0
	u_ctrl/rem_36/u_div_u_add_PartRem_0_1/n137
	u_bf/mult_32/FE_RN_1177_0
	u_rom/FE_OFN1128_n
	u_ctrl/rem_36/u_div_u_add_PartRem_0_2/n160
	u_bf/mult_32/FE_RN_527_0
	u_rom/FE_RN_1521_0
	u_ctrl/rem_36/u_div_u_add_PartRem_0_2/FE_RN_502_0
	u_ctrl/div_37/u_div_u_add_B6/n161
	u_bf/mult_32/n400
	u_ctrl/n219
	u_ctrl/rem_36/u_div_u_add_PartRem_0_2/n144
	u_bf/mult_32/n423
	u_ctrl/div_37/u_div_u_add_B6/n164
	u_ctrl/n17
	u_ctrl/rem_36/u_div_u_add_PartRem_0_2/n101
	u_bf/mult_32/n435
	u_ctrl/div_37/u_div_u_add_B6/n166
	u_ctrl/n18
	u_ctrl/rem_36/u_div_u_add_PartRem_0_2/n102
	u_bf/mult_32/n436
	u_ctrl/div_37/u_div_u_add_B7/n177
	u_ctrl/n19
	u_ctrl/rem_36/u_div_u_add_PartRem_0_2/n109
	u_ctrl/div_37/u_div_u_add_B7/n181
	u_bf/mult_32/FE_RN_903_0
	u_ctrl/rem_36/u_div_SumTmp_1__1__1_
	u_ctrl/rem_36/u_div_u_add_PartRem_0_2/n130
	u_bf/mult_32/FE_RN_1169_0
	u_ctrl/div_37/u_div_u_add_B7/n183
	u_ctrl/rem_36/u_div_SumTmp_1__1__2_
	u_ctrl/rem_36/u_div_u_add_PartRem_0_2/FE_RN_29_0
	u_bf/mult_32/FE_RN_1560_0
	u_ctrl/rem_36/u_div_CryOut_1__2_
	u_ctrl/rem_36/u_div_u_add_PartRem_0_2/n135
	u_bf/mult_32/n465
	u_ctrl/rem_36/u_div_BInv_5__4_
	u_ctrl/rem_36/u_div_u_add_PartRem_0_3/n165
	u_bf/mult_32/n466
	u_ctrl/rem_36/u_div_SumTmp_2__0__2_
	u_ctrl/rem_36/u_div_u_add_PartRem_0_3/n167
	u_bf/mult_32/FE_RN_1683_0
	u_ctrl/rem_36/FE_RN_181_0
	u_ctrl/rem_36/u_div_u_add_PartRem_0_3/n168
	u_bf/mult_32/n311
	u_ctrl/rem_36/FE_RN_5_0
	u_ctrl/rem_36/u_div_u_add_PartRem_0_3/n145
	u_bf/mult_32/n333
	u_ctrl/div_37/u_div_u_add_PartRem_1_5/n136
	u_ctrl/rem_36/u_div_SumTmp_1__2__1_
	u_ctrl/rem_36/u_div_u_add_PartRem_0_3/n183
	u_ctrl/div_37/u_div_u_add_PartRem_1_5/n137
	u_bf/mult_32/n334
	u_ctrl/rem_36/u_div_SumTmp_1__2__2_
	u_ctrl/rem_36/u_div_u_add_PartRem_0_3/n205
	u_bf/mult_32/n352
	u_ctrl/div_37/u_div_u_add_PartRem_1_6/n142
	u_ctrl/rem_36/u_div_SumTmp_5__2__2_
	u_ctrl/rem_36/u_div_u_add_PartRem_0_3/n208
	u_bf/mult_32/n355
	u_ctrl/add_94/carry[6]
	u_ctrl/rem_36/FE_RN_718_0
	u_ctrl/rem_36/u_div_u_add_PartRem_0_4/n161
	u_bf/mult_32/n356
	u_ctrl/rem_36/u_div_SumTmp_2__1__2_
	u_ctrl/rem_36/u_div_u_add_PartRem_0_4/n112
	u_bf/mult_32/n363
	u_ctrl/rem_36/u_div_SumTmp_3__0__1_
	u_ctrl/rem_36/u_div_u_add_PartRem_0_4/FE_RN_242_0
	u_bf/mult_32/n364
	u_ctrl/mult_39/n234
	u_ctrl/rem_36/u_div_SumTmp_7__0__1_
	u_ctrl/rem_36/u_div_u_add_PartRem_0_4/n143
	u_bf/mult_32/n373
	u_ctrl/mult_39/n235
	u_ctrl/rem_36/u_div_SumTmp_6__2__2_
	u_ctrl/rem_36/u_div_u_add_PartRem_0_4/FE_RN_1463_0
	u_bf/mult_32/n374
	u_ctrl/mult_39/n236
	u_ctrl/rem_36/u_div_SumTmp_3__1__1_
	u_ctrl/mult_39/n237
	u_bf/mult_32/FE_RN_413_0
	u_ctrl/rem_36/n440
	u_ctrl/rem_36/u_div_u_add_PartRem_0_4/FE_RN_1646_0
	u_bf/mult_32/n399
	u_ctrl/rem_36/u_div_BInv_3__2_
	u_ctrl/rem_36/u_div_u_add_PartRem_0_5/n167
	u_bf/mult_33/FE_RN_1152_0
	u_ctrl/rem_36/n489
	u_ctrl/rem_36/u_div_u_add_PartRem_0_5/n169
	u_bf/mult_33/n252
	u_ctrl/rem_36/u_div_BInv_3__5_
	u_ctrl/rem_36/u_div_u_add_PartRem_0_5/n145
	u_bf/FE_OFN427_sub_im_full_1
	u_bf/mult_33/n263
	u_ctrl/rem_36/FE_OFN1201_n542
	u_ctrl/rem_36/u_div_u_add_PartRem_0_5/n175
	u_bf/mult_33/FE_RN_1144_0
	u_ctrl/rem_36/u_div_SumTmp_7__2__2_
	u_ctrl/rem_36/u_div_u_add_PartRem_0_5/n184
	u_ctrl/div_37/SYNOPSYS_UNCONNECTED__30
	u_ctrl/rem_36/u_div_SumTmp_1__0__1_
	u_ctrl/rem_36/u_div_u_add_PartRem_0_5/n206
	u_ctrl/div_37/SYNOPSYS_UNCONNECTED__31
	u_ctrl/rem_36/u_div_SumTmp_1__0__2_
	u_ctrl/rem_36/u_div_u_add_PartRem_0_5/n208
	u_bf/add_im_full[1]
	u_bf/mult_33/n105
	u_ctrl/div_37/SYNOPSYS_UNCONNECTED__32
	u_bf/mult_33/n128
	u_bf/add_im_full[2]
	u_ctrl/div_37/SYNOPSYS_UNCONNECTED__33
	u_ctrl/rem_36/u_div_u_add_PartRem_0_6/n191
	u_bf/mult_33/n131
	u_bf/add_re_full[1]
	u_ctrl/div_37/SYNOPSYS_UNCONNECTED__34
	u_ctrl/rem_36/u_div_u_add_PartRem_0_6/FE_OCPN1746_n186
	u_bf/mult_33/n137
	u_bf/add_re_full[2]
	u_ctrl/div_37/SYNOPSYS_UNCONNECTED__35
	u_ctrl/rem_36/u_div_u_add_PartRem_2_2/n96
	u_ctrl/rem_36/u_div_u_add_PartRem_0_6/n155
	u_bf/sub_23/FE_RN_156_0
	u_bf/mult_33/n138
	u_ctrl/div_37/SYNOPSYS_UNCONNECTED__36
	u_ctrl/rem_36/u_div_u_add_PartRem_0_6/n180
	u_bf/mult_33/FE_RN_498_0
	u_bf/sub_23/FE_RN_591_0
	u_ctrl/div_37/SYNOPSYS_UNCONNECTED__37
	u_ctrl/rem_36/u_div_u_add_PartRem_0_6/n183
	u_bf/mult_33/FE_RN_1147_0
	u_bf/sub_23/FE_RN_136_0
	u_ctrl/div_37/SYNOPSYS_UNCONNECTED__38
	u_ctrl/rem_36/u_div_u_add_PartRem_2_5/n121
	u_ctrl/rem_36/u_div_u_add_PartRem_0_6/n184
	u_bf/mult_33/FE_RN_1154_0
	u_bf/sub_23/n213
	u_ctrl/div_37/SYNOPSYS_UNCONNECTED__39
	u_ctrl/rem_36/u_div_u_add_PartRem_0_6/n189
	u_bf/sub_23/n215
	u_bf/mult_33/FE_RN_500_0
	u_ctrl/div_37/SYNOPSYS_UNCONNECTED__40
	u_ctrl/rem_36/u_div_u_add_PartRem_2_6/n137
	u_ctrl/rem_36/u_div_u_add_PartRem_0_6/FE_RN_435_0
	u_bf/mult_33/n437
	u_bf/sub_23/n216
	u_ctrl/div_37/SYNOPSYS_UNCONNECTED__41
	u_ctrl/rem_36/u_div_u_add_PartRem_0_7/n165
	u_bf/mult_33/n438
	u_bf/sub_23/FE_RN_593_0
	u_ctrl/div_37/SYNOPSYS_UNCONNECTED__42
	u_ctrl/rem_36/u_div_u_add_PartRem_2_7/n135
	u_ctrl/rem_36/u_div_u_add_PartRem_0_7/n167
	u_bf/mult_33/n449
	u_bf/sub_23/FE_RN_561_0
	u_ctrl/div_37/SYNOPSYS_UNCONNECTED__43
	u_ctrl/rem_36/u_div_u_add_PartRem_0_7/FE_RN_1471_0
	u_bf/sub_23/FE_RN_138_0
	u_bf/mult_33/n450
	u_ctrl/div_37/SYNOPSYS_UNCONNECTED__44
	u_ctrl/rem_36/u_div_u_add_B3/n176
	u_ctrl/rem_36/u_div_u_add_PartRem_0_7/FE_RN_1468_0
	u_bf/mult_33/n464
	u_bf/sub_23/FE_RN_563_0
	u_ctrl/div_37/SYNOPSYS_UNCONNECTED__45
	u_ctrl/rem_36/u_div_u_add_B3/n121
	u_ctrl/rem_36/u_div_u_add_PartRem_0_7/n145
	u_bf/mult_33/n476
	u_bf/sub_23/n222
	u_ctrl/div_37/SYNOPSYS_UNCONNECTED__46
	u_ctrl/rem_36/u_div_u_add_B3/n136
	u_ctrl/rem_36/u_div_u_add_PartRem_0_7/n173
	u_bf/mult_33/n483
	u_bf/sub_23/n223
	u_ctrl/div_37/SYNOPSYS_UNCONNECTED__47
	u_ctrl/rem_36/u_div_u_add_PartRem_0_7/n183
	u_bf/sub_23/n92
	u_bf/mult_33/n484
	u_ctrl/div_37/SYNOPSYS_UNCONNECTED__48
	u_ctrl/rem_36/u_div_u_add_B3/n140
	u_ctrl/rem_36/u_div_u_add_PartRem_0_7/n206
	u_bf/mult_33/n311
	u_bf/sub_23/FE_OCPN1544_n120
	u_ctrl/div_37/SYNOPSYS_UNCONNECTED__49
	u_ctrl/rem_36/u_div_u_add_B3/FE_RN_452_0
	u_ctrl/rem_36/u_div_u_add_PartRem_0_7/n208
	u_bf/mult_33/n345
	u_bf/sub_23/n225
	u_ctrl/div_37/SYNOPSYS_UNCONNECTED__50
	u_ctrl/rem_36/u_div_u_add_B3/n164
	u_ctrl/div_37/u_div_u_add_PartRem_0_1/FE_RN_176_0
	u_bf/mult_33/n346
	u_bf/sub_23/FE_RN_544_0
	u_ctrl/div_37/SYNOPSYS_UNCONNECTED__51
	u_ctrl/rem_36/u_div_u_add_B3/n165
	u_ctrl/div_37/u_div_u_add_PartRem_0_1/FE_RN_177_0
	u_bf/sub_23/FE_RN_221_0
	u_bf/mult_33/n353
	u_ctrl/div_37/SYNOPSYS_UNCONNECTED__52
	u_ctrl/rem_36/u_div_u_add_B3/n167
	u_ctrl/div_37/u_div_u_add_PartRem_0_1/FE_RN_1761_0
	u_bf/mult_33/n354
	u_bf/sub_23/FE_RN_1131_0
	u_ctrl/div_37/SYNOPSYS_UNCONNECTED__53
	u_ctrl/div_37/u_div_u_add_PartRem_0_1/n121
	u_bf/mult_33/n361
	u_bf/sub_23/FE_RN_546_0
	u_ctrl/div_37/SYNOPSYS_UNCONNECTED__54
	u_ctrl/rem_36/u_div_u_add_B3/n115
	u_ctrl/div_37/u_div_u_add_PartRem_0_1/n122
	u_bf/mult_33/n362
	u_bf/sub_23/FE_RN_390_0
	u_ctrl/div_37/SYNOPSYS_UNCONNECTED__55
	u_ctrl/rem_36/u_div_u_add_B3/n116
	u_ctrl/div_37/u_div_u_add_PartRem_0_1/FE_RN_704_0
	u_bf/sub_23/FE_RN_559_0
	u_bf/mult_33/n371
	u_ctrl/div_37/SYNOPSYS_UNCONNECTED__56
	u_ctrl/rem_36/u_div_u_add_B5/n161
	u_ctrl/div_37/u_div_u_add_PartRem_0_2/FE_RN_733_0
	u_bf/mult_33/n372
	u_bf/sub_23/FE_RN_1135_0
	u_ctrl/div_37/SYNOPSYS_UNCONNECTED__57
	u_ctrl/rem_36/u_div_u_add_B5/n112
	u_ctrl/div_37/u_div_u_add_PartRem_0_2/FE_RN_1845_0
	u_bf/mult_33/n381
	u_bf/sub_23/FE_RN_360_0
	u_ctrl/div_37/SYNOPSYS_UNCONNECTED__58
	u_ctrl/rem_36/u_div_u_add_B5/n115
	u_ctrl/div_37/u_div_u_add_PartRem_0_2/FE_RN_507_0
	u_bf/mult_33/n382
	u_bf/sub_23/FE_RN_219_0
	u_ctrl/div_37/SYNOPSYS_UNCONNECTED__59
	u_ctrl/rem_36/u_div_u_add_B5/n149
	u_ctrl/div_37/u_div_u_add_PartRem_0_2/FE_RN_419_0
	u_bf/sub_23/FE_RN_1725_0
	u_bf/mult_33/FE_RN_1283_0
	u_ctrl/div_37/SYNOPSYS_UNCONNECTED__60
	u_ctrl/rem_36/u_div_u_add_B5/FE_RN_0_0
	u_ctrl/div_37/u_div_u_add_PartRem_0_3/n160
	u_bf/mult_34/n244
	u_bf/sub_23/FE_RN_1255_0
	u_ctrl/div_37/SYNOPSYS_UNCONNECTED__61
	u_ctrl/rem_36/u_div_u_add_B5/n174
	u_ctrl/div_37/u_div_u_add_PartRem_0_3/n163
	u_bf/mult_34/n57
	u_bf/sub_23/FE_RN_358_0
	u_ctrl/div_37/n49
	u_ctrl/div_37/u_div_u_add_PartRem_0_3/FE_RN_644_0
	u_bf/mult_34/n245
	u_bf/sub_23/FE_RN_1257_0
	u_ctrl/div_37/SYNOPSYS_UNCONNECTED__62
	u_ctrl/rem_36/u_div_u_add_B5/n178
	u_ctrl/div_37/u_div_u_add_PartRem_0_3/n145
	u_bf/sub_23/n1
	u_bf/mult_34/FE_RN_144_0
	u_ctrl/div_37/SYNOPSYS_UNCONNECTED__63
	u_ctrl/rem_36/u_div_u_add_B5/n129
	u_ctrl/div_37/u_div_u_add_PartRem_0_3/n153
	u_bf/mult_34/n254
	u_bf/sub_23/n2
	u_ctrl/div_37/SYNOPSYS_UNCONNECTED__64
	u_ctrl/rem_36/u_div_u_add_B5/n130
	u_ctrl/div_37/u_div_u_add_PartRem_0_3/FE_RN_1859_0
	u_bf/mult_34/n259
	u_bf/sub_23/n3
	u_ctrl/div_37/SYNOPSYS_UNCONNECTED__65
	u_ctrl/rem_36/u_div_u_add_B5/FE_RN_3_0
	u_ctrl/div_37/u_div_u_add_PartRem_0_4/FE_RN_171_0
	u_bf/mult_34/n263
	u_bf/sub_23/n8
	u_ctrl/div_37/SYNOPSYS_UNCONNECTED__66
	u_ctrl/rem_36/u_div_u_add_B6/n176
	u_ctrl/div_37/u_div_u_add_PartRem_0_4/FE_RN_168_0
	u_bf/sub_24/FE_RN_213_0
	u_bf/mult_34/n76
	u_ctrl/div_37/SYNOPSYS_UNCONNECTED__67
	u_ctrl/rem_36/u_div_u_add_B6/FE_RN_555_0
	u_ctrl/div_37/u_div_u_add_PartRem_0_5/n162
	u_bf/mult_34/FE_RN_398_0
	u_bf/sub_24/FE_RN_998_0
	u_ctrl/div_37/SYNOPSYS_UNCONNECTED__68
	u_ctrl/rem_36/u_div_u_add_B6/FE_RN_1484_0
	u_ctrl/div_37/u_div_u_add_PartRem_0_5/n145
	u_bf/mult_34/n1088
	u_bf/sub_24/FE_RN_237_0
	u_ctrl/div_37/SYNOPSYS_UNCONNECTED__69
	u_ctrl/rem_36/u_div_u_add_B6/n146
	u_ctrl/div_37/u_div_u_add_PartRem_0_5/n154
	u_bf/mult_34/n1089
	u_bf/sub_24/FE_RN_204_0
	u_ctrl/div_37/SYNOPSYS_UNCONNECTED__70
	u_ctrl/rem_36/u_div_u_add_B6/n147
	u_ctrl/div_37/u_div_u_add_PartRem_0_6/n160
	u_bf/sub_24/FE_RN_86_0
	u_bf/mult_34/n1092
	u_ctrl/div_37/SYNOPSYS_UNCONNECTED__71
	u_ctrl/rem_36/u_div_u_add_B6/FE_RN_182_0
	u_ctrl/div_37/u_div_u_add_PartRem_0_6/n169
	u_bf/mult_34/FE_RN_17
	u_bf/sub_24/n13
	u_ctrl/div_37/SYNOPSYS_UNCONNECTED__72
	u_ctrl/rem_36/u_div_u_add_B7/n174
	u_ctrl/div_37/u_div_u_add_PartRem_0_6/FE_RN_1863_0
	u_bf/sub_24/FE_RN_211_0
	u_ctrl/div_37/SYNOPSYS_UNCONNECTED__73
	u_ctrl/rem_36/u_div_u_add_B7/FE_RN_351_0
	u_ctrl/div_37/u_div_u_add_PartRem_0_7/FE_RN_1793_0
	u_bf/mult_34/n104
	u_bf/sub_24/FE_RN_93_0
	u_ctrl/div_37/SYNOPSYS_UNCONNECTED__74
	u_ctrl/rem_36/u_div_u_add_B7/n128
	u_ctrl/div_37/u_div_u_add_PartRem_0_7/FE_RN_1802_0
	u_bf/sub_24/FE_RN_1787_0
	u_bf/mult_34/n118
	u_ctrl/div_37/SYNOPSYS_UNCONNECTED__75
	u_ctrl/rem_36/u_div_u_add_B7/n180
	u_ctrl/div_37/u_div_u_add_PartRem_0_7/FE_RN_1402_0
	u_bf/mult_34/n128
	u_bf/sub_24/n20
	u_ctrl/div_37/SYNOPSYS_UNCONNECTED__76
	u_ctrl/rem_36/u_div_u_add_B7/n131
	u_ctrl/div_37/u_div_u_add_PartRem_0_7/n151
	u_bf/mult_34/n131
	u_bf/sub_24/n21
	u_ctrl/div_37/SYNOPSYS_UNCONNECTED__77
	u_ctrl/rem_36/u_div_u_add_B7/n198
	u_ctrl/mult_39/n67
	u_bf/mult_34/n137
	u_bf/sub_24/FE_RN_202_0
	u_ctrl/div_37/SYNOPSYS_UNCONNECTED__78
	u_ctrl/rem_36/u_div_u_add_B7/n145
	u_ctrl/mult_39/FE_OFN277_n152
	u_bf/sub_24/FE_RN_1753_0
	u_bf/mult_34/n138
	u_ctrl/div_37/SYNOPSYS_UNCONNECTED__79
	u_ctrl/rem_36/u_div_u_add_B7/n148
	u_ctrl/mult_39/n104
	u_bf/mult_34/n155
	u_bf/sub_24/FE_RN_799_0
	u_ctrl/div_37/SYNOPSYS_UNCONNECTED__0
	u_ctrl/rem_36/u_div_u_add_B7/n204
	u_ctrl/mult_39/n105
	u_bf/mult_34/n166
	u_bf/sub_24/n29
	u_ctrl/div_37/SYNOPSYS_UNCONNECTED__1
	u_ctrl/rem_36/u_div_u_add_B7/n206
	u_ctrl/mult_39/n106
	u_bf/mult_34/FE_OCPN1811_n247
	u_bf/sub_24/FE_RN_798_0
	u_ctrl/div_37/SYNOPSYS_UNCONNECTED__80
	u_ctrl/rem_36/u_div_u_add_B7/FE_RN_126_0
	u_ctrl/mult_39/n107
	u_bf/sub_24/n84
	u_bf/mult_34/FE_RN_236_0
	u_ctrl/div_37/SYNOPSYS_UNCONNECTED__2
	u_ctrl/rem_36/u_div_u_add_B7/FE_RN_312_0
	u_ctrl/mult_39/n108
	u_bf/mult_34/n441
	u_bf/sub_24/n85
	u_ctrl/div_37/SYNOPSYS_UNCONNECTED__81
	u_ctrl/rem_36/u_div_u_add_B7/FE_RN_124_0
	u_ctrl/mult_39/n109
	u_bf/mult_34/FE_RN_396_0
	u_bf/sub_24/n30
	u_ctrl/div_37/SYNOPSYS_UNCONNECTED__3
	u_ctrl/mult_39/n110
	u_bf/mult_34/n473
	u_bf/sub_24/FE_RN_1
	u_ctrl/div_37/SYNOPSYS_UNCONNECTED__82
	u_ctrl/rem_36/u_div_u_add_PartRem_1_1/n148
	u_ctrl/mult_39/n111
	u_bf/sub_24/n38
	u_bf/mult_34/n375
	u_ctrl/div_37/SYNOPSYS_UNCONNECTED__4
	u_ctrl/mult_39/n224
	u_bf/mult_34/n376
	u_bf/sub_24/n39
	u_ctrl/div_37/SYNOPSYS_UNCONNECTED__83
	u_ctrl/rem_36/u_div_u_add_PartRem_1_1/n138
	u_ctrl/rem_36/u_div_SumTmp_6__0__4_
	u_bf/mult_34/n383
	u_bf/sub_24/FE_RN_633_0
	u_ctrl/div_37/SYNOPSYS_UNCONNECTED__5
	u_ctrl/rem_36/u_div_u_add_PartRem_1_2/n120
	u_ctrl/rem_36/u_div_SumTmp_3__0__3_
	u_bf/mult_34/n384
	u_bf/sub_24/n47
	u_ctrl/div_37/SYNOPSYS_UNCONNECTED__84
	u_ctrl/rem_36/u_div_SumTmp_7__0__3_
	u_bf/sub_24/n48
	u_bf/mult_34/n385
	u_ctrl/div_37/SYNOPSYS_UNCONNECTED__6
	u_ctrl/rem_36/u_div_u_add_PartRem_1_2/n102
	u_ctrl/rem_36/n428
	u_bf/mult_34/n386
	u_bf/sub_24/n216
	u_ctrl/div_37/SYNOPSYS_UNCONNECTED__85
	u_ctrl/rem_36/u_div_u_add_PartRem_0_1/n160
	u_bf/mult_34/n387
	u_bf/sub_24/FE_OCPN1840_n93
	u_ctrl/div_37/SYNOPSYS_UNCONNECTED__7
	u_ctrl/rem_36/u_div_u_add_PartRem_0_1/n161
	u_bf/mult_34/FE_RN_230_0
	u_bf/sub_24/FE_OFN440_n121
	u_ctrl/div_37/SYNOPSYS_UNCONNECTED__86
	u_ctrl/rem_36/u_div_u_add_PartRem_1_3/n150
	u_ctrl/rem_36/u_div_u_add_PartRem_0_1/n110
	u_bf/sub_24/n112
	u_bf/mult_34/n395
	u_ctrl/div_37/SYNOPSYS_UNCONNECTED__8
	u_ctrl/rem_36/u_div_u_add_PartRem_0_1/n164
	u_bf/mult_34/n396
	u_bf/sub_24/FE_RN_239_0
	u_ctrl/div_37/SYNOPSYS_UNCONNECTED__87
	u_ctrl/rem_36/u_div_u_add_PartRem_1_4/n119
	u_ctrl/rem_36/u_div_u_add_PartRem_0_1/n116
	u_bf/mult_34/FE_RN_234_0
	u_bf/sub_24/FE_RN_88_0
	u_ctrl/div_37/SYNOPSYS_UNCONNECTED__9
	u_ctrl/rem_36/u_div_u_add_PartRem_1_5/n148
	u_ctrl/rem_36/u_div_u_add_PartRem_0_1/n135
	u_bf/sub_24/FE_RN_164_0
	u_ctrl/rem_36/u_div_CryOut_6__2_
	u_ctrl/div_37/SYNOPSYS_UNCONNECTED__88
	u_ctrl/rem_36/u_div_u_add_PartRem_1_5/n150
	u_ctrl/rem_36/u_div_u_add_PartRem_0_2/FE_RN_77_0
	u_bf/sub_24/FE_RN_1634_0
	u_ctrl/rem_36/n87
	u_ctrl/div_37/SYNOPSYS_UNCONNECTED__89
	u_ctrl/rem_36/u_div_u_add_PartRem_1_6/FE_RN_1910_0
	u_ctrl/rem_36/u_div_u_add_PartRem_0_2/n103
	u_bf/sub_24/n224
	u_ctrl/rem_36/n101
	u_ctrl/div_37/n272
	u_ctrl/rem_36/u_div_u_add_PartRem_1_6/n147
	u_ctrl/rem_36/u_div_u_add_PartRem_0_2/n104
	u_ctrl/rem_36/n379
	u_ctrl/div_37/SYNOPSYS_UNCONNECTED__90
	u_ctrl/rem_36/u_div_u_add_PartRem_1_6/FE_OFN472_u_div_BInv_6__3
	u_ctrl/rem_36/u_div_u_add_PartRem_0_2/n131
	u_bf/add_21/n64
	u_ctrl/div_37/SYNOPSYS_UNCONNECTED__91
	u_ctrl/rem_36/u_div_u_add_PartRem_1_6/n155
	u_bf/add_21/n65
	u_ctrl/rem_36/u_div_u_add_PartRem_2_7/n132
	u_ctrl/div_37/SYNOPSYS_UNCONNECTED__92
	u_ctrl/rem_36/u_div_u_add_PartRem_1_7/n169
	u_ctrl/rem_36/u_div_u_add_PartRem_0_3/n171
	u_bf/add_21/n138
	u_ctrl/rem_36/u_div_u_add_PartRem_1_6/n161
	u_ctrl/div_37/SYNOPSYS_UNCONNECTED__93
	u_ctrl/rem_36/u_div_u_add_PartRem_1_7/n149
	u_ctrl/rem_36/u_div_u_add_PartRem_0_3/n153
	u_ctrl/div_37/SYNOPSYS_UNCONNECTED__94
	u_ctrl/rem_36/u_div_u_add_PartRem_1_7/n154
	u_ctrl/rem_36/u_div_u_add_PartRem_0_3/n154
	u_bf/add_21/n139
	u_ctrl/div_37/SYNOPSYS_UNCONNECTED__95
	u_ctrl/rem_36/u_div_u_add_PartRem_0_3/n200
	u_bf/add_21/n21
	u_ctrl/rem_36/u_div_u_add_PartRem_0_3/n196
	u_ctrl/div_37/SYNOPSYS_UNCONNECTED__96
	u_ctrl/rem_36/u_div_u_add_PartRem_0_1/n146
	u_ctrl/rem_36/u_div_u_add_PartRem_0_3/n202
	u_bf/add_21/n30
	u_ctrl/rem_36/u_div_u_add_PartRem_0_6/n208
	u_ctrl/div_37/SYNOPSYS_UNCONNECTED__97
	u_ctrl/rem_36/u_div_u_add_PartRem_0_3/n203
	u_bf/add_21/n31
	u_ctrl/rem_36/u_div_u_add_PartRem_0_7/FE_OFN550_n90
	u_ctrl/div_37/SYNOPSYS_UNCONNECTED__98
	u_ctrl/rem_36/u_div_u_add_PartRem_0_2/n145
	u_ctrl/rem_36/u_div_u_add_PartRem_0_3/n204
	u_bf/add_21/n39
	u_ctrl/div_37/SYNOPSYS_UNCONNECTED__99
	u_ctrl/rem_36/u_div_u_add_PartRem_0_4/n160
	u_bf/add_21/n100
	u_ctrl/rem_36/u_div_u_add_PartRem_0_4/n128
	u_bf/add_21/n40
	u_ctrl/div_37/n408
	u_ctrl/div_37/SYNOPSYS_UNCONNECTED__100
	u_ctrl/rem_36/u_div_u_add_PartRem_0_4/n159
	u_bf/add_21/n99
	u_ctrl/div_37/n113
	u_ctrl/div_37/SYNOPSYS_UNCONNECTED__101
	u_ctrl/rem_36/u_div_u_add_PartRem_0_4/n139
	u_bf/add_21/n109
	u_ctrl/div_37/FE_RN_267_0
	u_ctrl/div_37/SYNOPSYS_UNCONNECTED__102
	u_ctrl/rem_36/u_div_u_add_PartRem_0_3/n186
	u_ctrl/rem_36/u_div_u_add_PartRem_0_5/n170
	u_bf/add_21/n49
	u_ctrl/div_37/FE_RN_4
	u_ctrl/div_37/SYNOPSYS_UNCONNECTED__103
	u_ctrl/rem_36/u_div_u_add_PartRem_0_5/n190
	u_ctrl/rem_36/u_div_u_add_PartRem_0_5/n173
	u_bf/add_21/n114
	u_ctrl/div_37/u_div_u_add_PartRem_1_7/FE_RN_67_0
	u_ctrl/div_37/SYNOPSYS_UNCONNECTED__104
	u_ctrl/rem_36/u_div_u_add_PartRem_0_5/n188
	u_ctrl/rem_36/u_div_u_add_PartRem_0_5/n150
	u_bf/add_21/n115
	u_ctrl/div_37/u_div_u_add_PartRem_0_7/n147
	u_ctrl/div_37/SYNOPSYS_UNCONNECTED__105
	u_ctrl/rem_36/u_div_u_add_PartRem_0_6/n169
	u_ctrl/rem_36/u_div_u_add_PartRem_0_5/n151
	u_bf/add_21/n118
	u_bf/sub_36/n422
	u_ctrl/div_37/SYNOPSYS_UNCONNECTED__106
	u_ctrl/rem_36/u_div_u_add_PartRem_0_6/FE_OFN281_u_div_BInv_6__4
	u_ctrl/rem_36/u_div_u_add_PartRem_0_5/n153
	u_bf/add_21/n55
	u_bf/sub_36/n265
	u_ctrl/div_37/SYNOPSYS_UNCONNECTED__107
	u_ctrl/rem_36/u_div_u_add_PartRem_0_5/n201
	u_bf/add_21/n56
	u_bf/sub_36/n188
	u_ctrl/div_37/SYNOPSYS_UNCONNECTED__108
	u_ctrl/rem_36/u_div_u_add_PartRem_0_7/n149
	u_ctrl/rem_36/u_div_u_add_PartRem_0_5/n204
	u_bf/sub_36/n189
	u_ctrl/div_37/SYNOPSYS_UNCONNECTED__109
	u_ctrl/rem_36/u_div_u_add_PartRem_0_7/n186
	u_ctrl/rem_36/u_div_u_add_PartRem_0_5/n205
	u_bf/add_22/n64
	u_bf/add_37/n353
	u_ctrl/div_37/SYNOPSYS_UNCONNECTED__110
	u_ctrl/div_37/n28
	u_ctrl/rem_36/u_div_u_add_PartRem_0_5/n209
	u_bf/add_22/n65
	u_bf/add_37/n185
	u_ctrl/div_37/SYNOPSYS_UNCONNECTED__111
	u_ctrl/div_37/u_div_SumTmp_1__2__2_
	u_ctrl/rem_36/u_div_u_add_PartRem_0_6/n161
	u_bf/add_22/n1
	u_bf/add_37/n188
	u_ctrl/div_37/SYNOPSYS_UNCONNECTED__112
	u_ctrl/div_37/u_div_SumTmp_6__2__2_
	u_ctrl/rem_36/u_div_u_add_PartRem_0_6/n162
	u_bf/add_37/n189
	u_ctrl/div_37/SYNOPSYS_UNCONNECTED__113
	u_ctrl/div_37/FE_OFN254_u_div_BInv_7__4
	u_ctrl/rem_36/u_div_u_add_PartRem_0_6/n163
	u_bf/add_22/n21
	u_bf/add_37/n190
	u_ctrl/div_37/SYNOPSYS_UNCONNECTED__114
	u_ctrl/div_37/u_div_BInv_3__4_
	u_ctrl/rem_36/u_div_u_add_PartRem_0_6/n218
	u_bf/add_22/n30
	u_bf/mult_31/n222
	u_ctrl/div_37/SYNOPSYS_UNCONNECTED__115
	u_ctrl/div_37/u_div_BInv_3__5_
	u_bf/add_22/n31
	u_bf/mult_31/n223
	u_ctrl/div_37/SYNOPSYS_UNCONNECTED__116
	u_ctrl/div_37/FE_OFN261_u_div_BInv_3__3
	u_ctrl/rem_36/u_div_u_add_PartRem_0_6/n188
	u_bf/add_22/n39
	u_bf/mult_31/n229
	u_ctrl/div_37/SYNOPSYS_UNCONNECTED__117
	u_ctrl/div_37/u_div_BInv_5__4_
	u_ctrl/rem_36/u_div_u_add_PartRem_0_6/FE_RN_838_0
	u_bf/add_22/n92
	u_bf/mult_31/n232
	u_ctrl/div_37/SYNOPSYS_UNCONNECTED__118
	u_ctrl/div_37/u_div_SumTmp_6__1__2_
	u_bf/add_22/n93
	u_bf/mult_31/n250
	u_ctrl/div_37/SYNOPSYS_UNCONNECTED__119
	u_ctrl/div_37/u_div_BInv_5__5_
	u_ctrl/rem_36/u_div_u_add_PartRem_0_7/n168
	u_bf/add_22/n40
	u_bf/mult_31/n71
	u_ctrl/div_37/SYNOPSYS_UNCONNECTED__120
	u_ctrl/div_37/u_div_SumTmp_5__2__2_
	u_ctrl/rem_36/u_div_u_add_PartRem_0_7/n152
	u_bf/add_22/n49
	u_bf/mult_31/n72
	u_ctrl/div_37/SYNOPSYS_UNCONNECTED__10
	u_ctrl/div_37/u_div_BInv_7__3_
	u_ctrl/rem_36/u_div_u_add_PartRem_0_7/n153
	u_bf/add_22/n112
	u_bf/mult_31/n262
	u_ctrl/div_37/SYNOPSYS_UNCONNECTED__11
	u_ctrl/div_37/u_div_BInv_7__5_
	u_ctrl/rem_36/u_div_u_add_PartRem_0_7/n201
	u_bf/add_22/n118
	u_bf/mult_31/n1095
	u_ctrl/div_37/SYNOPSYS_UNCONNECTED__12
	u_ctrl/div_37/FE_RN_284_0
	u_ctrl/rem_36/u_div_u_add_PartRem_0_7/n204
	u_bf/add_22/n55
	u_bf/mult_31/n101
	u_ctrl/div_37/SYNOPSYS_UNCONNECTED__13
	u_ctrl/div_37/n186
	u_ctrl/rem_36/u_div_u_add_PartRem_0_7/n205
	u_bf/add_22/n56
	u_bf/mult_31/FE_RN_833_0
	u_ctrl/div_37/SYNOPSYS_UNCONNECTED__14
	u_ctrl/div_37/n392
	u_ctrl/rem_36/u_div_u_add_PartRem_0_7/n209
	u_bf/mult_31/n405
	u_ctrl/div_37/SYNOPSYS_UNCONNECTED__15
	u_ctrl/div_37/FE_OFN257_u_div_BInv_6__5
	u_ctrl/div_37/u_div_u_add_PartRem_0_1/n110
	u_bf/mult_31/n24
	u_bf/mult_31/n406
	u_ctrl/div_37/SYNOPSYS_UNCONNECTED__16
	u_ctrl/div_37/u_div_u_add_PartRem_0_1/n111
	u_bf/mult_31/n419
	u_ctrl/div_37/SYNOPSYS_UNCONNECTED__17
	u_ctrl/div_37/u_div_u_add_PartRem_2_2/n87
	u_ctrl/div_37/u_div_u_add_PartRem_0_2/FE_RN_1855_0
	u_bf/mult_31/n1042
	u_bf/mult_31/FE_OCPN1813_n237
	u_ctrl/div_37/SYNOPSYS_UNCONNECTED__18
	u_ctrl/div_37/u_div_u_add_PartRem_0_2/n118
	u_bf/mult_31/n420
	u_ctrl/div_37/SYNOPSYS_UNCONNECTED__19
	u_ctrl/div_37/u_div_u_add_PartRem_2_3/n121
	u_ctrl/div_37/u_div_u_add_PartRem_0_2/n119
	u_bf/mult_31/n1084
	u_bf/mult_31/FE_RN_90_0
	u_ctrl/div_37/SYNOPSYS_UNCONNECTED__20
	u_ctrl/div_37/u_div_u_add_PartRem_2_3/n122
	u_ctrl/div_37/u_div_u_add_PartRem_0_2/FE_RN_532_0
	u_bf/mult_31/n1085
	u_bf/mult_31/n307
	u_ctrl/div_37/SYNOPSYS_UNCONNECTED__21
	u_ctrl/div_37/u_div_u_add_PartRem_2_3/n128
	u_ctrl/div_37/u_div_u_add_PartRem_0_3/n154
	u_bf/mult_31/n361
	u_ctrl/div_37/SYNOPSYS_UNCONNECTED__22
	u_ctrl/div_37/u_div_u_add_PartRem_0_3/n158
	u_bf/mult_31/n1089
	u_bf/mult_31/n362
	u_ctrl/div_37/SYNOPSYS_UNCONNECTED__23
	u_ctrl/div_37/u_div_u_add_PartRem_2_5/FE_RN_513_0
	u_ctrl/div_37/u_div_u_add_PartRem_0_3/n159
	u_bf/mult_31/n371
	u_ctrl/div_37/SYNOPSYS_UNCONNECTED__24
	u_ctrl/div_37/u_div_u_add_PartRem_0_4/FE_RN_169_0
	u_bf/mult_31/n372
	u_ctrl/div_37/SYNOPSYS_UNCONNECTED__25
	u_ctrl/div_37/u_div_u_add_PartRem_0_5/FE_RN_1775_0
	u_bf/mult_31/n381
	u_ctrl/div_37/SYNOPSYS_UNCONNECTED__26
	u_ctrl/div_37/u_div_u_add_PartRem_2_6/n136
	u_ctrl/div_37/u_div_u_add_PartRem_0_5/FE_RN_172_0
	u_bf/mult_31/FE_RN_1710_0
	u_bf/mult_31/n382
	u_ctrl/div_37/SYNOPSYS_UNCONNECTED__27
	u_ctrl/div_37/u_div_u_add_PartRem_2_6/n139
	u_ctrl/div_37/u_div_u_add_PartRem_0_5/FE_RN_173_0
	u_bf/mult_31/n393
	u_ctrl/div_37/SYNOPSYS_UNCONNECTED__28
	u_ctrl/div_37/u_div_u_add_PartRem_0_6/n166
	u_bf/mult_31/n997
	u_bf/mult_31/n394
	u_ctrl/div_37/SYNOPSYS_UNCONNECTED__29
	u_ctrl/div_37/u_div_u_add_PartRem_0_6/n156
	u_bf/mult_31/FE_RN_1680_0
	u_bf/mult_31/FE_RN_1253_0
	u_ctrl/div_37/u_div_u_add_PartRem_0_7/n146
	u_bf/mult_31/n820
	u_bf/mult_32/FE_RN_1186_0
	u_ctrl/div_37/u_div_u_add_PartRem_2_7/n128
	u_ctrl/div_37/u_div_u_add_PartRem_0_7/n157
	u_bf/mult_31/n821
	u_bf/mult_32/n237
	u_ctrl/div_37/u_div_u_add_PartRem_2_7/n129
	u_ctrl/mult_39/n74
	u_bf/mult_31/n825
	u_bf/mult_32/FE_RN_1559_0
	u_ctrl/div_37/u_div_u_add_B3/n122
	u_ctrl/mult_39/n75
	u_bf/mult_32/n242
	u_ctrl/div_37/u_div_u_add_B3/n125
	u_ctrl/mult_39/n76
	u_bf/mult_32/n243
	u_bf/mult_31/n6
	u_ctrl/div_37/u_div_u_add_B3/n129
	u_ctrl/mult_39/n77
	u_bf/mult_32/n251
	u_ctrl/div_37/u_div_u_add_B3/FE_RN_1367_0
	u_ctrl/mult_39/n78
	u_bf/mult_32/n252
	u_ctrl/div_37/u_div_u_add_B3/n134
	u_ctrl/rem_36/FE_RN_1473_0
	u_bf/mult_32/FE_RN_909_0
	u_ctrl/div_37/u_div_u_add_B3/n158
	u_ctrl/rem_36/n102
	u_bf/mult_32/FE_RN_1167_0
	u_ctrl/rem_36/n481
	u_bf/mult_32/n72
	u_ctrl/div_37/u_div_u_add_B3/FE_OCPN1638_n160
	u_ctrl/rem_36/n482
	u_bf/mult_32/n74
	u_ctrl/div_37/u_div_u_add_B3/n164
	u_ctrl/rem_36/u_div_SumTmp_4__0__5_
	u_bf/mult_32/n262
	u_ctrl/rem_36/u_div_SumTmp_1__0__3_
	u_bf/mult_32/n75
	u_ctrl/div_37/u_div_u_add_B3/n118
	u_ctrl/rem_36/u_div_SumTmp_5__0__3_
	u_bf/mult_32/FE_RN_972_0
	u_ctrl/div_37/u_div_u_add_B5/n141
	u_bf/mult_32/FE_RN_976_0
	u_ctrl/rem_36/u_div_u_add_PartRem_0_1/n157
	u_bf/mult_32/n105
	u_ctrl/div_37/u_div_u_add_B5/n163
	u_ctrl/rem_36/u_div_u_add_PartRem_0_1/n133
	u_bf/mult_32/FE_RN_483_0
	u_ctrl/div_37/u_div_u_add_B5/n167
	u_ctrl/rem_36/u_div_u_add_PartRem_0_2/n111
	u_bf/mult_32/FE_RN_1189_0
	u_ctrl/rem_36/u_div_u_add_PartRem_0_2/n112
	u_bf/mult_32/n128
	u_ctrl/div_37/u_div_u_add_B5/n169
	u_ctrl/rem_36/u_div_u_add_PartRem_0_2/n129
	u_bf/mult_32/n131
	u_ctrl/div_37/u_div_u_add_B5/n116
	u_ctrl/rem_36/u_div_u_add_PartRem_0_2/n152
	u_bf/mult_32/FE_OCPN1696_n245
	u_ctrl/div_37/u_div_u_add_B6/n173
	u_ctrl/rem_36/u_div_u_add_PartRem_0_3/n164
	u_bf/mult_32/FE_PSN2064_n1079
	u_ctrl/div_37/u_div_u_add_B6/n197
	u_ctrl/rem_36/u_div_u_add_PartRem_0_3/n199
	u_bf/mult_32/n407
	u_ctrl/div_37/u_div_u_add_B6/n144
	u_ctrl/rem_36/u_div_u_add_PartRem_0_4/n127
	u_bf/mult_32/n408
	u_ctrl/div_37/u_div_u_add_B6/n146
	u_ctrl/rem_36/u_div_u_add_PartRem_0_4/n153
	u_bf/mult_32/n424
	u_bf/mult_31/n1004
	u_bf/mult_32/n437
	u_ctrl/div_37/u_div_u_add_B7/FE_RN_1384_0
	u_bf/mult_32/n461
	u_bf/mult_32/n1015
	u_ctrl/div_37/u_div_u_add_B7/n198
	u_ctrl/rem_36/u_div_u_add_PartRem_0_5/n166
	u_bf/mult_32/n462
	u_ctrl/div_37/u_div_u_add_B7/n204
	u_ctrl/rem_36/u_div_u_add_PartRem_0_5/n203
	u_bf/mult_32/FE_RN_978_0
	u_bf/mult_32/n12
	u_ctrl/div_37/u_div_u_add_B7/n159
	u_ctrl/rem_36/u_div_u_add_PartRem_0_6/n165
	u_bf/mult_32/FE_RN_914_0
	u_ctrl/div_37/u_div_u_add_B7/FE_RN_98_0
	u_ctrl/rem_36/u_div_u_add_PartRem_0_6/n179
	u_bf/mult_32/FE_RN_1172_0
	u_ctrl/rem_36/u_div_u_add_PartRem_0_6/FE_RN_836_0
	u_bf/mult_32/FE_RN_481_0
	u_ctrl/div_37/u_div_u_add_B7/n164
	u_ctrl/rem_36/u_div_u_add_PartRem_0_6/FE_RN_837_0
	u_bf/mult_32/n310
	u_bf/mult_32/n1048
	u_ctrl/div_37/u_div_u_add_PartRem_1_1/n141
	u_ctrl/rem_36/u_div_u_add_PartRem_0_6/n187
	u_bf/mult_32/FE_RN_1183_0
	u_ctrl/div_37/u_div_u_add_PartRem_1_1/n144
	u_ctrl/rem_36/u_div_u_add_PartRem_0_7/n164
	u_bf/mult_32/n349
	u_ctrl/div_37/u_div_u_add_PartRem_1_2/FE_RN_1889_0
	u_ctrl/rem_36/u_div_u_add_PartRem_0_7/n203
	u_bf/mult_32/n350
	u_ctrl/div_37/u_div_u_add_PartRem_1_2/n130
	u_ctrl/div_37/n429
	u_bf/mult_32/n353
	u_ctrl/div_37/u_div_CryOut_1__0_
	u_bf/mult_32/n1071
	u_bf/mult_32/n354
	u_bf/mult_32/n361
	u_bf/mult_32/n1072
	u_ctrl/div_37/u_div_u_add_PartRem_0_2/n108
	u_bf/mult_32/n362
	u_ctrl/div_37/u_div_u_add_PartRem_1_4/n120
	u_ctrl/div_37/u_div_u_add_PartRem_0_2/n109
	u_bf/mult_32/FE_RN_1563_0
	u_ctrl/div_37/u_div_u_add_PartRem_1_5/n166
	u_ctrl/div_37/u_div_u_add_PartRem_0_3/n149
	u_bf/mult_32/FE_RN_917_0
	u_ctrl/div_37/u_div_u_add_PartRem_1_5/n148
	u_ctrl/div_37/u_div_u_add_PartRem_0_3/n150
	u_bf/mult_32/n397
	u_bf/mult_33/FE_OCPN1168_n138
	u_ctrl/div_37/u_div_u_add_PartRem_1_5/n131
	u_ctrl/div_37/u_div_u_add_PartRem_0_5/n150
	u_bf/mult_33/n58
	u_ctrl/div_37/u_div_u_add_PartRem_1_6/FE_RN_600_0
	u_ctrl/div_37/u_div_u_add_PartRem_0_5/n151
	u_bf/mult_33/n250
	u_ctrl/div_37/u_div_u_add_PartRem_1_6/n167
	u_ctrl/div_37/u_div_u_add_PartRem_0_6/FE_RN_1866_0
	u_bf/mult_33/n74
	u_ctrl/div_37/u_div_u_add_PartRem_1_6/FE_RN_602_0
	u_ctrl/div_37/u_div_u_add_PartRem_0_7/n145
	u_bf/mult_33/n262
	u_bf/mult_32/n993
	u_ctrl/div_37/u_div_u_add_PartRem_1_6/FE_RN_603_0
	u_ctrl/mult_39/FE_RN_1804_0
	u_bf/mult_33/n1088
	u_ctrl/mult_39/FE_RN_1808_0
	u_bf/mult_32/n819
	u_bf/mult_33/n1089
	u_ctrl/group_idx[2]
	u_bf/mult_33/n102
	u_ctrl/rem_36/FE_RN_1480_0
	u_bf/mult_33/n103
	u_ctrl/div_37/u_div_u_add_PartRem_1_7/n147
	u_ctrl/rem_36/u_div_SumTmp_2__0__3_
	u_bf/mult_33/FE_RN_1155_0
	u_ctrl/div_37/u_div_u_add_PartRem_1_7/n149
	u_ctrl/rem_36/u_div_SumTmp_2__0__4_
	u_bf/mult_32/n6
	u_bf/mult_33/n126
	u_ctrl/rem_36/u_div_SumTmp_6__0__5_
	u_bf/mult_33/n155
	u_ctrl/div_37/u_div_u_add_PartRem_0_1/FE_RN_328_0
	u_ctrl/rem_36/u_div_SumTmp_6__0__6_
	u_bf/mult_33/n166
	u_ctrl/rem_36/u_div_SumTmp_6__0__7_
	u_bf/mult_33/n170
	u_ctrl/rem_36/n483
	u_bf/mult_33/n171
	u_ctrl/rem_36/u_div_SumTmp_1__0__4_
	u_bf/mult_33/n183
	u_ctrl/div_37/u_div_u_add_PartRem_0_5/FE_RN_1509_0
	u_ctrl/rem_36/u_div_SumTmp_5__0__4_
	u_bf/mult_33/n184
	u_ctrl/div_37/u_div_u_add_PartRem_0_6/n145
	u_ctrl/rem_36/u_div_u_add_PartRem_0_1/n112
	u_bf/mult_33/n188
	u_ctrl/div_37/u_div_u_add_PartRem_0_6/FE_RN_1850_0
	u_bf/mult_33/n189
	u_ctrl/div_37/u_div_u_add_PartRem_0_6/FE_RN_1852_0
	u_ctrl/rem_36/u_div_u_add_PartRem_0_1/n158
	u_bf/mult_33/FE_RN_1150_0
	u_ctrl/rem_36/u_div_u_add_PartRem_0_1/n131
	u_bf/mult_33/n421
	u_ctrl/div_37/u_div_u_add_PartRem_0_6/FE_RN_462_0
	u_bf/mult_33/n422
	u_ctrl/div_37/u_div_u_add_PartRem_0_6/FE_RN_1854_0
	u_bf/mult_33/n433
	u_ctrl/div_37/u_div_u_add_PartRem_0_7/FE_RN_1901_0
	u_ctrl/rem_36/u_div_u_add_PartRem_0_2/n153
	u_bf/mult_33/n434
	u_ctrl/rem_36/u_div_u_add_PartRem_0_2/n106
	u_bf/mult_33/n447
	u_bf/FE_PSBN1331_sub_im_full_13
	u_ctrl/rem_36/u_div_u_add_PartRem_0_3/n170
	u_bf/mult_33/n448
	u_bf/FE_OCPN1311_sub_im_full_9
	u_ctrl/rem_36/u_div_u_add_PartRem_0_4/n110
	u_bf/mult_33/n459
	u_bf/FE_OCPN2030_sub_im_full_16
	u_ctrl/rem_36/u_div_u_add_PartRem_0_4/n152
	u_bf/mult_33/n460
	u_bf/FE_OCPN1310_sub_im_full_9
	u_ctrl/rem_36/u_div_u_add_PartRem_0_5/n162
	u_bf/mult_33/n471
	u_bf/mult_33/n1041
	u_bf/FE_OCPN1295_sub_im_full_5
	u_ctrl/rem_36/u_div_u_add_PartRem_0_5/FE_RN_1902_0
	u_bf/mult_33/n472
	u_bf/mult_33/n1043
	u_bf/FE_OCPN1296_sub_im_full_5
	u_ctrl/rem_36/u_div_u_add_PartRem_0_5/n172
	u_bf/mult_33/n481
	u_bf/FE_OCPN2022_sub_im_full_9
	u_bf/mult_33/n482
	u_bf/mult_33/n1063
	u_bf/FE_PSBN1334_sub_im_full_10
	u_bf/mult_33/FE_RN_1145_0
	u_bf/mult_33/n1065
	u_bf/FE_OFN526_sub_im_full_11
	u_ctrl/rem_36/u_div_u_add_PartRem_0_6/n176
	u_bf/mult_33/FE_OCPN1167_n137
	u_bf/sub_36/n211
	u_bf/mult_33/n1086
	u_bf/mult_34/FE_RN_1230_0
	u_bf/add_37/n213
	u_bf/mult_34/n242
	u_bf/mult_33/n1087
	u_bf/mult_31/n609
	u_ctrl/rem_36/u_div_u_add_PartRem_0_7/n170
	u_bf/mult_34/n243
	u_bf/mult_31/FE_RN_1335_0
	u_ctrl/rem_36/u_div_u_add_PartRem_0_7/n200
	u_bf/mult_34/n58
	u_bf/mult_31/n615
	u_bf/mult_34/n251
	u_bf/mult_31/FE_RN_1234_0
	u_ctrl/div_37/n422
	u_bf/mult_34/n252
	u_bf/mult_31/n632
	u_ctrl/div_37/u_div_CryOut_5__0_
	u_bf/mult_34/n262
	u_bf/mult_31/n643
	u_ctrl/div_37/u_div_CryOut_7__0_
	u_bf/mult_34/n75
	u_bf/mult_33/n822
	u_bf/mult_31/n644
	u_ctrl/div_37/u_div_CryOut_2__0_
	u_bf/mult_33/n825
	u_bf/mult_34/n296
	u_bf/mult_31/FE_RN_1346_0
	u_ctrl/div_37/u_div_CryOut_6__0_
	u_bf/mult_34/FE_RN_1618_0
	u_bf/mult_31/n649
	u_ctrl/div_37/u_div_CryOut_3__0_
	u_bf/mult_34/n102
	u_bf/mult_31/FE_RN_1711_0
	u_bf/mult_34/n105
	u_bf/mult_31/FE_OFN1917_n957
	u_bf/mult_34/FE_PSN2058_n166
	u_bf/mult_31/FE_OFN1887_sub_re_full_16
	u_bf/mult_34/FE_RN_102_0
	u_bf/mult_31/FE_RN_868_0
	u_bf/mult_34/n126
	u_bf/mult_31/n664
	u_bf/mult_34/n127
	u_bf/mult_31/n666
	u_ctrl/mult_39/FE_RN_1805_0
	u_bf/mult_34/FE_RN_1703_0
	u_bf/mult_31/FE_RN_1062_0
	u_ctrl/mult_39/FE_RN_1809_0
	u_bf/mult_34/n140
	u_bf/mult_31/n672
	u_ctrl/FE_OCPN1705_group_idx_2
	u_bf/mult_34/n150
	u_bf/mult_31/n675
	u_ctrl/rem_36/u_div_SumTmp_1__0__6_
	u_bf/mult_34/n153
	u_bf/mult_31/n678
	u_ctrl/rem_36/u_div_SumTmp_5__0__7_
	u_bf/mult_34/n164
	u_bf/mult_31/n287
	u_ctrl/rem_36/u_div_CryOut_2__0_
	u_bf/mult_34/FE_RN_229_0
	u_bf/mult_31/n689
	u_ctrl/rem_36/n544
	u_bf/mult_34/FE_RN_1647_0
	u_bf/mult_31/FE_OFN1918_n958
	u_ctrl/rem_36/n427
	u_bf/mult_34/FE_OCPN1801_n155
	u_bf/mult_31/n690
	u_ctrl/rem_36/n447
	u_bf/mult_34/n442
	u_bf/mult_31/n691
	u_ctrl/rem_36/n449
	u_bf/mult_34/FE_RN_377_0
	u_bf/mult_31/n692
	u_ctrl/rem_36/n454
	u_bf/mult_34/n310
	u_bf/mult_31/n694
	u_ctrl/rem_36/n316
	u_bf/mult_34/n311
	u_bf/mult_31/FE_RN_1651_0
	u_ctrl/rem_36/n358
	u_bf/mult_34/FE_RN_104_0
	u_bf/mult_31/FE_RN_927_0
	u_ctrl/rem_36/u_div_SumTmp_1__0__5_
	u_bf/mult_34/FE_OCPN1687_n441
	u_bf/mult_33/n1006
	u_bf/mult_31/FE_RN_457_0
	u_bf/mult_34/FE_RN_227_0
	u_bf/mult_34/n1014
	u_bf/mult_31/n547
	u_ctrl/rem_36/u_div_u_add_PartRem_0_1/n127
	u_bf/mult_34/FE_OCPN1763_FE_RN_236_0
	u_bf/mult_31/n947
	u_ctrl/rem_36/u_div_u_add_PartRem_0_1/n108
	u_bf/mult_34/n1024
	u_bf/mult_34/FE_OCPN1818_n245
	u_bf/mult_31/n550
	u_bf/mult_34/n373
	u_bf/mult_34/n36
	u_bf/mult_31/n563
	u_bf/mult_34/n374
	u_bf/mult_31/n564
	u_ctrl/rem_36/u_div_u_add_PartRem_0_2/n107
	u_bf/mult_34/FE_OCPN1626_n1088
	u_bf/mult_31/n566
	u_ctrl/rem_36/u_div_u_add_PartRem_0_3/n169
	u_bf/mult_34/FE_OFN431_n1053
	u_bf/mult_34/n381
	u_bf/mult_31/n966
	u_ctrl/rem_36/u_div_u_add_PartRem_0_3/n174
	u_bf/mult_34/n382
	u_bf/mult_34/n1062
	u_bf/mult_31/n967
	u_ctrl/rem_36/u_div_u_add_PartRem_0_3/n201
	u_bf/mult_34/n1067
	u_ctrl/rem_36/u_div_CryOut_7__2_
	u_bf/mult_31/n968
	u_ctrl/rem_36/u_div_u_add_PartRem_0_3/FE_OFN950_n164
	u_bf/mult_34/n1069
	u_ctrl/rem_36/n377
	u_bf/mult_31/n975
	u_ctrl/rem_36/u_div_u_add_PartRem_0_4/n111
	u_bf/mult_31/n580
	u_bf/mult_34/n1086
	u_ctrl/rem_36/u_div_u_add_PartRem_1_7/n161
	u_bf/mult_31/n582
	u_ctrl/rem_36/u_div_u_add_PartRem_0_5/n171
	u_ctrl/rem_36/u_div_u_add_PartRem_1_7/n163
	u_bf/mult_31/n983
	u_ctrl/rem_36/u_div_u_add_PartRem_0_5/n176
	u_bf/mult_34/FE_OFN432_n1054
	u_ctrl/rem_36/u_div_u_add_PartRem_0_3/FE_RN_679_0
	u_bf/mult_31/n984
	u_ctrl/rem_36/u_div_u_add_PartRem_0_6/n145
	u_bf/mult_31/FE_RN_587_0
	u_ctrl/rem_36/u_div_u_add_PartRem_0_5/n202
	u_ctrl/rem_36/u_div_u_add_PartRem_0_7/n197
	u_bf/mult_31/n592
	u_ctrl/rem_36/u_div_u_add_PartRem_0_6/n153
	u_ctrl/div_37/n13
	u_bf/mult_31/n595
	u_ctrl/rem_36/u_div_u_add_PartRem_0_6/n207
	u_bf/mult_34/n819
	u_ctrl/div_37/n15
	u_bf/mult_31/n598
	u_ctrl/rem_36/u_div_u_add_PartRem_0_7/n169
	u_bf/mult_34/n820
	u_ctrl/div_37/n7
	u_bf/mult_31/FE_RN_370_0
	u_ctrl/rem_36/u_div_u_add_PartRem_0_7/FE_OFN568_n164
	u_ctrl/div_37/n359
	u_bf/mult_31/FE_OFN572_n982
	u_ctrl/rem_36/u_div_u_add_PartRem_0_7/n174
	u_bf/mult_34/n6
	u_bf/mult_ii_8_
	u_bf/mult_31/n418
	u_ctrl/rem_36/u_div_u_add_PartRem_0_7/n202
	u_bf/mult_rr_8_
	u_bf/mult_31/FE_RN_1713_0
	u_ctrl/div_37/n423
	u_bf/mult_ri_8_
	u_bf/mult_31/FE_OFN1973_n962
	u_ctrl/div_37/n424
	u_bf/mult_ir_8_
	u_bf/mult_31/n1102
	u_ctrl/div_37/n425
	u_bf/mult_31/FE_RN_1720_0
	u_ctrl/div_37/FE_RN_1002_0
	u_bf/mult_31/FE_RN_1728_0
	u_ctrl/div_37/FE_RN_1003_0
	u_bf/sub_36/FE_RN_1265_0
	u_bf/SYNOPSYS_UNCONNECTED__30
	u_bf/mult_31/FE_RN_1041_0
	u_ctrl/mult_39/FE_RN_1806_0
	u_bf/sub_36/n185
	u_bf/SYNOPSYS_UNCONNECTED__31
	u_bf/mult_31/n706
	u_ctrl/mult_39/FE_RN_1810_0
	u_bf/sub_36/n388
	u_bf/SYNOPSYS_UNCONNECTED__32
	u_bf/mult_31/n707
	u_bf/SYNOPSYS_UNCONNECTED__33
	u_bf/mult_31/FE_RN_921_0
	u_ctrl/group_idx[1]
	u_bf/SYNOPSYS_UNCONNECTED__34
	u_bf/mult_31/FE_RN_1687_0
	u_ctrl/rem_36/u_div_SumTmp_5__0__5_
	u_bf/add_37/n384
	u_bf/SYNOPSYS_UNCONNECTED__35
	u_bf/mult_31/FE_RN_455_0
	u_ctrl/rem_36/u_div_SumTmp_5__0__6_
	u_bf/mult_31/FE_RN_846_0
	u_bf/SYNOPSYS_UNCONNECTED__36
	u_bf/mult_31/n710
	u_ctrl/rem_36/u_div_SumTmp_1__0__7_
	u_bf/mult_31/n200
	u_bf/SYNOPSYS_UNCONNECTED__37
	u_bf/mult_31/n712
	u_ctrl/rem_36/u_div_CryOut_6__0_
	u_bf/mult_31/n203
	u_bf/mult_31/FE_OFN1974_n964
	u_ctrl/rem_36/u_div_CryOut_1__0_
	u_bf/mult_31/n211
	u_bf/SYNOPSYS_UNCONNECTED__0
	u_bf/mult_31/n718
	u_ctrl/rem_36/u_div_SumTmp_2__0__5_
	u_bf/mult_34/FE_OFN430_n1052
	u_bf/mult_31/n212
	u_bf/SYNOPSYS_UNCONNECTED__1
	u_bf/mult_31/n728
	u_ctrl/rem_36/n540
	u_bf/mult_34/n1006
	u_bf/mult_31/n216
	u_bf/SYNOPSYS_UNCONNECTED__2
	u_bf/mult_31/n735
	u_ctrl/rem_36/u_div_SumTmp_3__0__4_
	u_bf/mult_31/n217
	u_bf/SYNOPSYS_UNCONNECTED__3
	u_bf/mult_31/n737
	u_ctrl/rem_36/u_div_SumTmp_7__0__4_
	u_bf/mult_31/n220
	u_bf/SYNOPSYS_UNCONNECTED__4
	u_bf/mult_31/n741
	u_ctrl/rem_36/u_div_SumTmp_3__0__5_
	u_bf/mult_31/n221
	u_bf/SYNOPSYS_UNCONNECTED__5
	u_bf/mult_31/n742
	u_ctrl/rem_36/u_div_SumTmp_7__0__5_
	u_bf/mult_31/n230
	u_bf/SYNOPSYS_UNCONNECTED__6
	u_bf/mult_31/n754
	u_ctrl/rem_36/u_div_SumTmp_3__0__6_
	u_bf/mult_31/n241
	u_bf/SYNOPSYS_UNCONNECTED__7
	u_bf/mult_31/n758
	u_ctrl/rem_36/u_div_SumTmp_7__0__6_
	u_bf/mult_31/n249
	u_bf/SYNOPSYS_UNCONNECTED__8
	u_bf/mult_31/FE_OCPN1805_n961
	u_ctrl/rem_36/FE_RN_1475_0
	u_bf/mult_31/n257
	u_bf/SYNOPSYS_UNCONNECTED__9
	u_bf/mult_31/FE_RN_1671_0
	u_ctrl/rem_36/n424
	u_rom/FE_OFN1122_n
	u_bf/mult_31/n70
	u_bf/mult_31/n792
	u_ctrl/rem_36/u_div_SumTmp_4__0__6_
	u_bf/mult_31/n1083
	u_bf/SYNOPSYS_UNCONNECTED__10
	u_bf/mult_31/n793
	u_ctrl/rem_36/n350
	u_ctrl/n600
	u_bf/SYNOPSYS_UNCONNECTED__11
	u_bf/mult_31/n795
	u_ctrl/rem_36/FE_OFN1888_n544
	u_ctrl/n990
	u_bf/mult_31/n919
	u_bf/SYNOPSYS_UNCONNECTED__12
	u_bf/mult_32/FE_RN_920_0
	u_ctrl/rem_36/FE_RN_37_0
	u_ctrl/n610
	u_bf/mult_31/n170
	u_bf/SYNOPSYS_UNCONNECTED__13
	u_ctrl/rem_36/n397
	u_ctrl/n620
	u_bf/mult_31/n171
	u_bf/mult_32/FE_OCPN1304_sub_im_full_16
	u_bf/SYNOPSYS_UNCONNECTED__14
	u_ctrl/n630
	u_bf/mult_31/n183
	u_bf/SYNOPSYS_UNCONNECTED__15
	u_bf/mult_32/FE_OFN1909_n955
	u_ctrl/rem_36/u_div_u_add_PartRem_0_1/n126
	u_ctrl/FE_RN_1531_0
	u_bf/mult_31/n184
	u_bf/mult_32/n677
	u_bf/SYNOPSYS_UNCONNECTED__16
	u_ctrl/FE_OCPN2008_n157
	u_bf/mult_31/n188
	u_bf/mult_32/n289
	u_bf/SYNOPSYS_UNCONNECTED__17
	u_ctrl/rem_36/u_div_u_add_PartRem_0_2/n127
	u_ctrl/n1030
	u_bf/mult_31/n189
	u_bf/mult_32/FE_RN_1610_0
	u_bf/SYNOPSYS_UNCONNECTED__18
	u_ctrl/n297
	u_bf/mult_31/n195
	u_bf/SYNOPSYS_UNCONNECTED__19
	u_bf/mult_32/n680
	u_ctrl/rem_36/u_div_u_add_PartRem_0_2/n134
	u_ctrl/n2400
	u_bf/mult_31/n196
	u_bf/mult_32/FE_OFN401_n988
	u_bf/SYNOPSYS_UNCONNECTED__20
	u_ctrl/rem_36/u_div_u_add_PartRem_0_3/n160
	u_ctrl/n104
	u_bf/mult_31/FE_RN_848_0
	u_bf/mult_32/n290
	u_bf/SYNOPSYS_UNCONNECTED__21
	u_ctrl/N47
	u_bf/mult_31/n306
	u_bf/mult_32/n693
	u_bf/SYNOPSYS_UNCONNECTED__22
	u_ctrl/n111
	u_bf/mult_32/FE_RN_1309_0
	u_bf/SYNOPSYS_UNCONNECTED__23
	u_bf/mult_32/n697
	u_ctrl/rem_36/u_div_u_add_PartRem_0_3/n157
	u_bf/mult_32/FE_RN_969_0
	u_ctrl/N60
	u_bf/mult_32/n505
	u_bf/SYNOPSYS_UNCONNECTED__24
	u_bf/mult_32/n250
	u_ctrl/n123
	u_bf/mult_32/n506
	u_bf/SYNOPSYS_UNCONNECTED__25
	u_ctrl/rem_36/u_div_u_add_PartRem_0_4/n113
	u_ctrl/FE_OCPN1516_n229
	u_bf/mult_32/n257
	u_bf/SYNOPSYS_UNCONNECTED__26
	u_bf/mult_32/n73
	u_ctrl/n131
	u_bf/SYNOPSYS_UNCONNECTED__27
	u_bf/mult_32/FE_OCPN1305_sub_im_full_16
	u_ctrl/rem_36/u_div_u_add_PartRem_0_4/n126
	u_bf/mult_32/n295
	u_ctrl/FE_RN_1452_0
	u_bf/mult_32/n525
	u_bf/SYNOPSYS_UNCONNECTED__28
	u_bf/mult_32/FE_RN_19
	u_ctrl/N78
	u_bf/mult_32/n526
	u_bf/SYNOPSYS_UNCONNECTED__29
	u_ctrl/rem_36/u_div_u_add_PartRem_0_5/n159
	u_ctrl/N100
	u_bf/mult_32/n102
	u_bf/mult_32/n529
	u_bf/mult_32/n103
	u_ctrl/n147
	u_bf/mult_32/n530
	u_ctrl/n171
	u_bf/mult_32/n535
	u_ctrl/rem_36/u_div_u_add_PartRem_0_6/n154
	u_bf/mult_32/FE_RN_744_0
	u_bf/mult_32/FE_OFN1960_n956
	u_ctrl/rem_36/u_div_u_add_PartRem_0_7/n160
	u_bf/mult_32/FE_RN_1311_0
	u_bf/mult_32/n940
	u_bf/mult_32/FE_RN_1602_0
	u_bf/mult_32/n945
	u_bf/mult_32/FE_RN_971_0
	u_bf/mult_32/n952
	u_ctrl/rem_36/u_div_u_add_PartRem_0_7/n157
	u_bf/mult_32/n170
	u_bf/mult_32/n957
	u_ctrl/n2300
	u_bf/mult_32/n171
	u_bf/mult_32/n967
	u_bf/mult_32/n409
	u_ctrl/n960
	u_bf/mult_32/n976
	u_ctrl/mult_39/n133
	u_bf/mult_32/FE_RN_1229_0
	u_ctrl/n580
	u_bf/mult_32/n421
	u_ctrl/n2500
	u_bf/mult_32/FE_RN_262_0
	u_ctrl/group_idx[0]
	u_bf/mult_32/n422
	u_ctrl/rem_36/u_div_SumTmp_1__0__8_
	u_bf/mult_32/n438
	u_bf/mult_32/n445
	u_ctrl/rem_36/n95
	u_bf/mult_32/n459
	u_bf/mult_32/n446
	u_ctrl/rem_36/u_div_SumTmp_2__0__6_
	u_bf/mult_32/n460
	u_bf/mult_32/n469
	u_ctrl/rem_36/u_div_SumTmp_2__0__7_
	u_bf/mult_32/FE_RN_910_0
	u_bf/mult_32/n470
	u_ctrl/rem_36/u_div_SumTmp_6__0__8_
	u_bf/mult_32/FE_RN_1187_0
	u_bf/mult_32/FE_RN_944_0
	u_ctrl/rem_36/n539
	u_bf/mult_32/n339
	u_ctrl/n590
	u_bf/mult_32/FE_RN_1038_0
	u_ctrl/rem_36/n541
	u_bf/mult_32/FE_RN_1235_0
	u_ctrl/n980
	u_bf/mult_32/n489
	u_ctrl/rem_36/n402
	u_ctrl/add_103/carry[5]
	u_bf/mult_32/n340
	u_bf/mult_32/n490
	u_ctrl/rem_36/u_div_SumTmp_3__0__7_
	u_bf/mult_32/FE_RN_1190_0
	u_bf/mult_32/FE_RN_1545_0
	u_ctrl/rem_36/u_div_SumTmp_7__0__7_
	u_bf/mult_32/n345
	u_bf/mult_32/n714
	u_ctrl/rem_36/n421
	u_bf/mult_32/n346
	u_ctrl/add_108/carry[7]
	u_ctrl/rem_36/n422
	u_ctrl/add_40/FE_RN_1893_0
	u_bf/mult_32/FE_RN_1604_0
	u_bf/mult_32/n728
	u_ctrl/rem_36/u_div_SumTmp_3__0__8_
	u_bf/mult_32/FE_RN_1168_0
	u_ctrl/rem_36/n423
	u_bf/mult_32/n383
	u_ctrl/rem_36/n15
	u_bf/mult_32/n731
	u_ctrl/rem_36/n446
	u_bf/mult_32/n384
	u_ctrl/rem_36/n206
	u_bf/mult_32/n748
	u_ctrl/rem_36/n448
	u_ctrl/rem_36/n207
	u_bf/mult_33/n222
	u_bf/mult_32/FE_RN_1198_0
	u_ctrl/rem_36/FE_RN_11_0
	u_bf/mult_33/n223
	u_ctrl/rem_36/n211
	u_bf/mult_32/n761
	u_ctrl/rem_36/u_div_SumTmp_4__0__7_
	u_bf/mult_33/n225
	u_ctrl/rem_36/n24
	u_bf/mult_32/n762
	u_ctrl/rem_36/u_div_SumTmp_4__0__8_
	u_bf/mult_33/n226
	u_ctrl/rem_36/u_div_BInv_5__1_
	u_bf/mult_32/n765
	u_ctrl/rem_36/n352
	u_ctrl/rem_36/n47
	u_bf/mult_33/n234
	u_bf/mult_32/FE_RN_652_0
	u_ctrl/rem_36/n359
	u_bf/mult_33/n239
	u_bf/mult_32/n779
	u_ctrl/rem_36/n394
	u_bf/mult_33/n244
	u_ctrl/rem_36/n56
	u_ctrl/rem_36/n395
	u_bf/mult_33/n245
	u_ctrl/rem_36/u_div_SumTmp_6__0__0_
	u_bf/mult_32/n782
	u_ctrl/rem_36/n396
	u_ctrl/rem_36/n65
	u_bf/mult_33/n249
	u_bf/mult_32/FE_RN_1783_0
	u_bf/mult_33/n257
	u_ctrl/rem_36/n66
	u_bf/mult_32/n786
	u_ctrl/rem_36/u_div_u_add_PartRem_0_2/n114
	u_bf/mult_33/n1091
	u_ctrl/rem_36/n67
	u_bf/mult_32/n799
	u_bf/mult_33/n296
	u_ctrl/rem_36/u_div_BInv_1__2_
	u_bf/mult_33/n613
	u_ctrl/rem_36/u_div_BInv_1__4_
	u_bf/mult_33/n299
	u_bf/mult_33/n615
	u_ctrl/rem_36/u_div_BInv_1__7_
	u_bf/mult_33/n30
	u_ctrl/rem_36/u_div_u_add_PartRem_0_3/n195
	u_bf/mult_33/n113
	u_ctrl/rem_36/u_div_BInv_7__0_
	u_bf/mult_33/FE_OCPN1751_n974
	u_bf/mult_33/n124
	u_ctrl/rem_36/u_div_BInv_1__8_
	u_bf/mult_33/n632
	u_ctrl/rem_36/n196
	u_bf/mult_33/n127
	u_bf/mult_33/n649
	u_bf/mult_33/n140
	u_ctrl/rem_36/u_div_BInv_3__0_
	u_bf/mult_33/FE_PSN2071_n978
	u_ctrl/rem_36/u_div_u_add_PartRem_0_5/n196
	u_bf/mult_33/n150
	u_ctrl/rem_36/FE_OCPN1173_u_div_BInv_1__1
	u_bf/mult_33/FE_OFN1899_n956
	u_ctrl/rem_36/u_div_u_add_PartRem_0_5/n158
	u_bf/mult_33/n153
	u_ctrl/rem_36/FE_OCPN1174_u_div_BInv_1__1
	u_bf/mult_33/n666
	u_ctrl/rem_36/FE_OCPN1175_u_div_BInv_1__1
	u_bf/mult_33/n164
	u_bf/mult_33/FE_RN_1715_0
	u_ctrl/rem_36/u_div_u_add_PartRem_0_7/FE_RN_1472_0
	u_bf/mult_33/n173
	u_ctrl/rem_36/FE_OCPN1176_u_div_BInv_1__1
	u_bf/mult_33/n669
	u_bf/mult_33/n177
	u_ctrl/rem_36/FE_OFN934_n142
	u_bf/mult_33/FE_RN_364_0
	u_ctrl/rem_36/u_div_u_add_PartRem_0_7/n156
	u_bf/mult_33/n178
	u_bf/mult_33/n672
	u_bf/mult_33/n187
	u_bf/mult_33/n673
	u_bf/mult_33/FE_RN_307_0
	u_bf/mult_33/n674
	u_ctrl/mult_39/n151
	u_bf/mult_33/FE_OCPN1686_n1089
	u_bf/mult_33/n287
	u_ctrl/mult_39/n157
	u_bf/mult_33/FE_RN_1072_0
	u_bf/mult_33/n689
	u_ctrl/mult_39/n214
	u_bf/mult_33/FE_OCPN1800_n155
	u_bf/mult_33/n692
	u_ctrl/rem_36/n22
	u_bf/mult_33/n423
	u_bf/mult_33/n693
	u_ctrl/rem_36/u_div_SumTmp_5__0__8_
	u_bf/mult_33/FE_RN_1146_0
	u_bf/mult_33/FE_RN_1722_0
	u_ctrl/rem_36/n266
	u_bf/mult_33/FE_RN_1071_0
	u_bf/mult_33/FE_OFN1240_n946
	u_ctrl/rem_36/n268
	u_bf/mult_33/n300
	u_bf/mult_33/FE_PSN2074_n959
	u_ctrl/rem_36/n96
	u_bf/mult_33/n301
	u_bf/mult_33/FE_RN_1293_0
	u_ctrl/rem_36/u_div_CryOut_7__0_
	u_bf/mult_33/FE_OCPN1580_n1088
	u_bf/mult_33/n531
	u_ctrl/rem_36/u_div_SumTmp_2__0__8_
	u_bf/mult_33/FE_RN_305_0
	u_bf/mult_33/n547
	u_ctrl/rem_36/u_div_CryOut_3__0_
	u_bf/mult_34/n59
	u_bf/mult_33/n550
	u_ctrl/rem_36/FE_RN_12_0
	u_bf/mult_34/FE_RN_461_0
	u_ctrl/rem_36/u_div_u_add_B3/n144
	u_bf/mult_33/n558
	u_ctrl/rem_36/u_div_SumTmp_7__0__8_
	u_bf/mult_34/n61
	u_bf/mult_33/FE_RN_1740_0
	u_ctrl/rem_36/n308
	u_bf/mult_34/n250
	u_bf/mult_33/FE_OFN1952_n978
	u_ctrl/rem_36/n310
	u_bf/mult_34/n257
	u_bf/mult_33/n564
	u_ctrl/rem_36/n315
	u_bf/mult_34/n73
	u_bf/mult_33/n566
	u_ctrl/rem_36/n317
	u_bf/mult_34/n74
	u_ctrl/rem_36/u_div_u_add_B5/n166
	u_bf/mult_33/n963
	u_ctrl/rem_36/u_div_CryOut_5__0_
	u_bf/mult_34/n98
	u_bf/mult_33/n964
	u_ctrl/rem_36/n349
	u_bf/mult_34/FE_RN_375_0
	u_bf/mult_33/n965
	u_ctrl/rem_36/n351
	u_bf/mult_34/n103
	u_bf/mult_33/n578
	u_ctrl/rem_36/n357
	u_bf/mult_34/FE_RN_379_0
	u_bf/mult_33/n579
	u_ctrl/rem_36/u_div_u_add_B5/n176
	u_bf/mult_33/n976
	u_bf/mult_34/n113
	u_bf/mult_33/n580
	u_bf/mult_34/n124
	u_bf/mult_33/n582
	u_bf/mult_34/n125
	u_ctrl/rem_36/u_div_u_add_B5/n136
	u_bf/mult_33/FE_RN_449_0
	u_bf/mult_34/n935
	u_ctrl/rem_36/u_div_u_add_B5/FE_OFN551_n1010
	u_bf/mult_33/n990
	u_bf/mult_34/n151
	u_bf/mult_33/FE_RN_1046_0
	u_ctrl/mult_39/n232
	u_bf/mult_34/FE_RN_232_0
	u_ctrl/rem_36/u_div_u_add_B6/n135
	u_bf/mult_33/FE_OFN1900_n959
	u_ctrl/mult_39/n233
	u_bf/mult_34/FE_RN_374_0
	u_bf/mult_33/n417
	u_ctrl/mult_39/n239
	u_bf/mult_34/FE_RN_378_0
	u_bf/mult_33/FE_RN_217_0
	u_ctrl/mult_39/n142
	u_ctrl/rem_36/u_div_u_add_B6/FE_RN_1466_0
	u_bf/mult_34/n437
	u_bf/mult_33/FE_RN_642_0
	u_ctrl/mult_39/n158
	u_bf/mult_34/n438
	u_ctrl/rem_36/u_div_u_add_B6/FE_RN_1464_0
	u_bf/mult_33/FE_RN_1344_0
	u_ctrl/mult_39/n215
	u_bf/mult_34/FE_RN_228_0
	u_ctrl/rem_36/u_div_u_add_B6/FE_OFN552_n1010
	u_bf/mult_33/FE_OCPN1322_n943
	u_ctrl/mult_39/n114
	u_bf/mult_34/n475
	u_bf/mult_33/FE_OFN1901_n977
	u_ctrl/mult_39/n115
	u_bf/mult_34/FE_PSN2051_n164
	u_bf/mult_33/FE_RN_1747_0
	u_ctrl/rem_36/n263
	u_bf/mult_34/FE_RN_1694_0
	u_ctrl/rem_36/u_div_u_add_B6/n166
	u_bf/mult_33/FE_RN_1064_0
	u_ctrl/rem_36/n264
	u_bf/mult_34/FE_RN_1209_0
	u_bf/mult_33/FE_OFN1949_n954
	u_ctrl/rem_36/n265
	u_bf/mult_34/n361
	u_bf/mult_33/FE_OCPN1323_n943
	u_ctrl/rem_36/FE_RN_1453_0
	u_ctrl/rem_36/u_div_u_add_B7/FE_OCPN1151_n169
	u_bf/mult_34/n362
	u_bf/mult_33/n1100
	u_ctrl/rem_36/n306
	u_bf/mult_34/n371
	u_ctrl/rem_36/u_div_u_add_B7/n134
	u_bf/mult_33/n703
	u_ctrl/rem_36/n307
	u_bf/mult_34/n372
	u_ctrl/rem_36/u_div_u_add_B7/n192
	u_bf/mult_33/n706
	u_ctrl/rem_36/FE_RN_1
	u_ctrl/rem_36/u_div_u_add_B7/n196
	u_ctrl/group_idx[7]
	u_bf/mult_33/n707
	u_ctrl/mult_39/n120
	u_ctrl/rem_36/n288
	u_bf/mult_33/n709
	u_ctrl/mult_39/n121
	u_ctrl/rem_36/n109
	u_bf/mult_33/FE_OFN1983_n938
	u_ctrl/mult_39/n143
	u_ctrl/rem_36/u_div_u_add_B7/n156
	u_ctrl/rem_36/n110
	u_bf/mult_33/n719
	u_ctrl/mult_39/n200
	u_ctrl/rem_36/FE_RN_299_0
	u_bf/mult_33/FE_RN_1157_0
	u_ctrl/mult_39/n153
	u_ctrl/rem_36/u_div_u_add_B7/n160
	u_ctrl/rem_36/n380
	u_bf/mult_33/n725
	u_ctrl/mult_39/n219
	u_ctrl/rem_36/u_div_u_add_PartRem_0_7/FE_RN_1469_0
	u_bf/mult_33/FE_OCPN1778_n977
	u_ctrl/mult_39/n112
	u_ctrl/div_37/n14
	u_bf/mult_33/n737
	u_ctrl/mult_39/n113
	u_bf/mult_33/FE_RN_936_0
	u_ctrl/mult_39/n116
	u_ctrl/rem_36/u_div_u_add_PartRem_1_2/n109
	u_ctrl/div_37/FE_OFN271_n214
	u_bf/mult_33/n742
	u_ctrl/mult_39/n117
	u_ctrl/rem_36/u_div_u_add_PartRem_1_4/n98
	u_ctrl/div_37/n348
	u_bf/mult_33/n743
	u_ctrl/mult_39/n118
	u_ctrl/div_37/n214
	u_bf/mult_33/n744
	u_ctrl/mult_39/n119
	u_bf/mult_33/n754
	u_ctrl/mult_39/n220
	u_bf/mult_ii_9_
	u_bf/mult_33/n757
	u_ctrl/mult_39/n221
	u_bf/mult_rr_9_
	u_bf/mult_33/n369
	u_ctrl/mult_39/n222
	u_bf/mult_ri_9_
	u_bf/mult_33/n761
	u_ctrl/mult_39/n223
	u_bf/mult_ri_10_
	u_bf/mult_33/n762
	u_ctrl/rem_36/n267
	u_ctrl/div_37/n238
	u_bf/mult_rr_10_
	u_bf/mult_33/n774
	u_ctrl/rem_36/n520
	u_ctrl/div_37/u_div_BInv_1__2_
	u_bf/mult_ir_9_
	u_bf/mult_33/n775
	u_ctrl/rem_36/n137
	u_ctrl/div_37/n48
	u_bf/mult_33/n776
	u_ctrl/rem_36/n138
	u_ctrl/div_37/FE_OCPN1551_n129
	u_bf/mult_33/n777
	u_ctrl/rem_36/n139
	u_bf/mult_33/FE_RN_1
	u_ctrl/rem_36/n140
	u_ctrl/div_37/n57
	u_bf/sub_36/n264
	u_bf/mult_33/n788
	u_ctrl/rem_36/n149
	u_ctrl/div_37/n63
	u_bf/sub_36/n190
	u_bf/mult_33/FE_RN_738_0
	u_ctrl/rem_36/n150
	u_ctrl/div_37/n66
	u_bf/mult_33/n792
	u_ctrl/rem_36/n151
	u_ctrl/div_37/FE_OCPN1629_n189
	u_bf/mult_33/n794
	u_ctrl/rem_36/n309
	u_ctrl/div_37/FE_OCPN1640_n5
	u_bf/mult_33/n798
	u_ctrl/rem_36/FE_RN_3
	u_ctrl/div_37/FE_OCPN1556_n32
	u_bf/add_37/FE_RN_1245_0
	u_bf/mult_34/FE_OCPN1297_sub_im_full_5
	u_ctrl/mult_39/n68
	u_ctrl/div_37/u_div_BInv_1__7_
	u_bf/add_37/n180
	u_bf/mult_34/FE_RN_1682_0
	u_ctrl/mult_39/n79
	u_ctrl/div_37/n95
	u_bf/add_37/n181
	u_bf/mult_34/n615
	u_ctrl/mult_39/n80
	u_ctrl/div_37/n101
	u_bf/mult_31/n205
	u_ctrl/mult_39/n81
	u_ctrl/div_37/n102
	u_bf/mult_31/n206
	u_bf/mult_34/FE_RN_1738_0
	u_ctrl/mult_39/n82
	u_ctrl/div_37/u_div_BInv_5__1_
	u_bf/mult_31/n228
	u_bf/mult_34/FE_RN_995_0
	u_ctrl/mult_39/n83
	u_ctrl/div_37/n2
	u_bf/mult_31/n240
	u_bf/mult_34/FE_PSN2057_FE_OCPN1275_sub_im_full_10
	u_ctrl/mult_39/n84
	u_ctrl/div_37/n128
	u_bf/mult_31/n246
	u_bf/mult_34/n666
	u_ctrl/mult_39/n85
	u_ctrl/div_37/u_div_BInv_7__0_
	u_bf/mult_31/n69
	u_bf/mult_34/FE_OFN1933_n967
	u_ctrl/mult_39/n225
	u_ctrl/div_37/n166
	u_bf/mult_31/n299
	u_bf/mult_34/n682
	u_ctrl/mult_39/n226
	u_ctrl/div_37/FE_OCPN1535_n151
	u_ctrl/mult_39/n227
	u_ctrl/div_37/FE_OFN584_n31
	u_bf/mult_34/n690
	u_ctrl/rem_36/n13
	u_ctrl/div_37/n190
	u_bf/mult_31/n920
	u_bf/mult_34/n697
	u_ctrl/rem_36/FE_OCPN1601_n130
	u_ctrl/div_37/FE_OCPN1527_n16
	u_bf/mult_31/n926
	u_bf/mult_34/FE_RN_25
	u_ctrl/rem_36/FE_OFN294_n143
	u_bf/mult_31/n148
	u_bf/mult_34/FE_OCPN1276_sub_im_full_10
	u_ctrl/rem_36/FE_OFN295_n145
	u_bf/mult_31/n149
	u_ctrl/rem_36/n72
	u_bf/mult_31/n173
	u_bf/mult_34/FE_OFN1232_n955
	u_ctrl/rem_36/n262
	u_bf/mult_31/n177
	u_bf/mult_34/n525
	u_ctrl/rem_36/n111
	u_bf/mult_31/n178
	u_bf/mult_34/n526
	u_ctrl/rem_36/n517
	u_bf/mult_31/n187
	u_bf/mult_34/n529
	u_ctrl/rem_36/FE_RN_1476_0
	u_bf/mult_31/n193
	u_bf/mult_34/n920
	u_ctrl/rem_36/n523
	u_bf/mult_31/n194
	u_bf/mult_34/n530
	u_ctrl/rem_36/n524
	u_bf/mult_31/n992
	u_bf/mult_34/FE_OFN1233_n955
	u_ctrl/rem_36/n130
	u_bf/mult_31/n993
	u_bf/mult_34/n566
	u_ctrl/rem_36/FE_OCPN1560_n265
	u_bf/mult_31/FE_OCPN1788_n200
	u_bf/mult_34/n970
	u_ctrl/rem_36/n143
	u_bf/mult_31/FE_OCPN1822_n217
	u_bf/mult_34/n972
	u_ctrl/rem_36/n144
	u_bf/mult_31/FE_RN_1284_0
	u_bf/mult_34/n973
	u_ctrl/rem_36/n145
	u_bf/mult_31/n300
	u_bf/mult_34/n975
	u_ctrl/rem_36/n180
	u_ctrl/div_37/u_div_u_add_B3/n139
	u_bf/mult_31/n301
	u_bf/mult_34/n976
	u_ctrl/rem_36/n420
	u_ctrl/div_37/u_div_u_add_B3/FE_OFN945_u_div_BInv_1__5
	u_bf/mult_31/n302
	u_bf/mult_34/FE_OFN1270_n
	u_ctrl/rem_36/n445
	u_ctrl/div_37/u_div_u_add_B3/n141
	u_bf/mult_31/n304
	u_bf/mult_34/n983
	u_ctrl/rem_36/n453
	u_ctrl/div_37/u_div_u_add_B3/n143
	u_bf/mult_31/n305
	u_bf/mult_34/n598
	u_ctrl/rem_36/n305
	u_bf/mult_32/n234
	u_bf/mult_34/FE_OCPN1300_sub_im_full_15
	u_ctrl/rem_36/n348

11721 nets with no annotation
1
****************************************
Report : Averaged Power
Design : fft_processor_top
Version: U-2022.12-SP5
Date   : Thu May  7 15:30:23 2026
****************************************



  Attributes
  ----------
      i  -  Including register clock pin internal power
      u  -  User defined power group

                        Internal  Switching  Leakage    Total
Power Group             Power     Power      Power      Power   (     %)  Attrs
--------------------------------------------------------------------------------
clock_network           4.812e-04 2.264e-04 1.407e-06 7.090e-04 ( 2.14%)  i
register                7.247e-05 6.446e-05 6.665e-06 1.436e-04 ( 0.43%)  
combinational           2.901e-03 2.973e-03 2.851e-04 6.159e-03 (18.58%)  
sequential                 0.0000    0.0000    0.0000    0.0000 ( 0.00%)  
memory                     0.0251 6.520e-05 9.220e-04    0.0261 (78.84%)  
io_pad                     0.0000    0.0000    0.0000    0.0000 ( 0.00%)  
black_box                  0.0000    0.0000    0.0000    0.0000 ( 0.00%)  

  Net Switching Power  = 3.329e-03   (10.05%)
  Cell Internal Power  =    0.0286   (86.29%)
  Cell Leakage Power   = 1.215e-03   ( 3.67%)
                         ---------
Total Power            =    0.0331  (100.00%)

1
****************************************
Report : Averaged Power
	-hierarchy
Design : fft_processor_top
Version: U-2022.12-SP5
Date   : Thu May  7 15:30:23 2026
****************************************



                                      Int      Switch   Leak     Total
Hierarchy                             Power    Power    Power    Power    %
----------------------------------------------------------------------------------
fft_processor_top                     2.86e-02 3.33e-03 1.22e-03 3.31e-02 100.0
  u_rom (twiddle_rom)                 6.00e-03 3.78e-04 1.34e-04 6.51e-03  19.7
  u_ctrl (fft_controller)             1.50e-04 1.97e-05 8.48e-05 2.55e-04   0.8
    add_39 (fft_controller_DW01_add_35)
                                      2.18e-09 2.71e-09 2.12e-06 2.13e-06   0.0
    add_103 (fft_controller_DW01_inc_1_DW01_inc_2)
                                      1.56e-08 8.26e-09 2.59e-07 2.83e-07   0.0
    add_108 (fft_controller_DW01_inc_0_DW01_inc_1)
                                      4.09e-08 1.48e-08 2.92e-07 3.47e-07   0.0
    add_40 (fft_controller_DW01_add_34)
                                      2.24e-08 1.25e-08 1.96e-06 1.99e-06   0.0
    rem_36 (fft_controller_DW_div_uns_3)
                                      2.56e-07 2.37e-07 3.53e-05 3.58e-05   0.1
      u_div_u_add_PartRem_2_1 (fft_controller_DW01_add_39)
                                         0.000    0.000 2.07e-07 2.07e-07   0.0
      u_div_u_add_PartRem_2_2 (fft_controller_DW01_add_40)
                                         0.000    0.000 1.78e-07 1.78e-07   0.0
      u_div_u_add_PartRem_2_3 (fft_controller_DW01_add_41)
                                         0.000    0.000 4.92e-07 4.92e-07   0.0
      u_div_u_add_PartRem_2_4 (fft_controller_DW01_add_42)
                                         0.000    0.000 1.39e-07 1.39e-07   0.0
      u_div_u_add_PartRem_2_5 (fft_controller_DW01_add_43)
                                         0.000    0.000 3.53e-07 3.53e-07   0.0
      u_div_u_add_PartRem_2_6 (fft_controller_DW01_add_44)
                                         0.000    0.000 3.77e-07 3.77e-07   0.0
      u_div_u_add_PartRem_2_7 (fft_controller_DW01_add_45)
                                         0.000    0.000 5.03e-07 5.03e-07   0.0
      u_div_u_add_B3 (fft_controller_DW01_add_36)
                                         0.000    0.000 1.87e-06 1.87e-06   0.0
      u_div_u_add_B5 (fft_controller_DW01_add_37)
                                         0.000    0.000 1.37e-06 1.37e-06   0.0
      u_div_u_add_B6 (fft_controller_DW01_add_38)
                                         0.000    0.000 1.78e-06 1.78e-06   0.0
      u_div_u_add_B7 (fft_controller_DW01_sub_1)
                                         0.000    0.000 2.53e-06 2.53e-06   0.0
      u_div_u_add_PartRem_1_1 (fft_controller_DW01_add_46)
                                         0.000    0.000 6.09e-07 6.09e-07   0.0
      u_div_u_add_PartRem_1_2 (fft_controller_DW01_add_47)
                                         0.000    0.000 8.48e-07 8.48e-07   0.0
      u_div_u_add_PartRem_1_3 (fft_controller_DW01_add_48)
                                         0.000    0.000 6.55e-07 6.55e-07   0.0
      u_div_u_add_PartRem_1_4 (fft_controller_DW01_add_49)
                                         0.000    0.000 7.33e-07 7.33e-07   0.0
      u_div_u_add_PartRem_1_5 (fft_controller_DW01_add_50)
                                         0.000    0.000 6.84e-07 6.84e-07   0.0
      u_div_u_add_PartRem_1_6 (fft_controller_DW01_add_51)
                                         0.000    0.000 8.60e-07 8.60e-07   0.0
      u_div_u_add_PartRem_1_7 (fft_controller_DW01_add_52)
                                         0.000    0.000 6.29e-07 6.29e-07   0.0
      u_div_u_add_PartRem_0_1 (fft_controller_DW01_add_53)
                                      2.75e-08 1.07e-08 8.93e-07 9.31e-07   0.0
      u_div_u_add_PartRem_0_2 (fft_controller_DW01_add_54)
                                      4.27e-09 2.10e-09 1.22e-06 1.23e-06   0.0
      u_div_u_add_PartRem_0_3 (fft_controller_DW01_add_55)
                                      2.36e-08 8.05e-09 1.01e-06 1.04e-06   0.0
      u_div_u_add_PartRem_0_4 (fft_controller_DW01_add_56)
                                         0.000    0.000 1.38e-06 1.38e-06   0.0
      u_div_u_add_PartRem_0_5 (fft_controller_DW01_add_57)
                                      2.45e-08 7.25e-09 1.05e-06 1.08e-06   0.0
      u_div_u_add_PartRem_0_6 (fft_controller_DW01_add_58)
                                      5.77e-09 6.55e-09 1.38e-06 1.39e-06   0.0
      u_div_u_add_PartRem_0_7 (fft_controller_DW01_add_59)
                                      2.87e-08 1.22e-08 1.01e-06 1.05e-06   0.0
    div_37 (fft_controller_DW_div_uns_2)
                                      1.55e-08 1.11e-08 3.27e-05 3.27e-05   0.1
      u_div_u_add_PartRem_2_1 (fft_controller_DW01_add_13)
                                         0.000    0.000 2.05e-07 2.05e-07   0.0
      u_div_u_add_PartRem_2_2 (fft_controller_DW01_add_14)
                                         0.000    0.000 1.53e-07 1.53e-07   0.0
      u_div_u_add_PartRem_2_3 (fft_controller_DW01_add_15)
                                         0.000    0.000 4.25e-07 4.25e-07   0.0
      u_div_u_add_PartRem_2_4 (fft_controller_DW01_add_16)
                                         0.000    0.000 2.56e-07 2.56e-07   0.0
      u_div_u_add_PartRem_2_5 (fft_controller_DW01_add_17)
                                         0.000    0.000 4.73e-07 4.73e-07   0.0
      u_div_u_add_PartRem_2_6 (fft_controller_DW01_add_18)
                                         0.000    0.000 4.31e-07 4.31e-07   0.0
      u_div_u_add_PartRem_2_7 (fft_controller_DW01_add_19)
                                         0.000    0.000 5.23e-07 5.23e-07   0.0
      u_div_u_add_B3 (fft_controller_DW01_add_10)
                                         0.000    0.000 2.31e-06 2.31e-06   0.0
      u_div_u_add_B5 (fft_controller_DW01_add_11)
                                         0.000    0.000 2.31e-06 2.31e-06   0.0
      u_div_u_add_B6 (fft_controller_DW01_add_12)
                                         0.000    0.000 1.84e-06 1.84e-06   0.0
      u_div_u_add_B7 (fft_controller_DW01_sub_0)
                                         0.000    0.000 2.67e-06 2.67e-06   0.0
      u_div_u_add_PartRem_1_1 (fft_controller_DW01_add_20)
                                         0.000    0.000 6.23e-07 6.23e-07   0.0
      u_div_u_add_PartRem_1_2 (fft_controller_DW01_add_21)
                                         0.000    0.000 8.17e-07 8.17e-07   0.0
      u_div_u_add_PartRem_1_3 (fft_controller_DW01_add_22)
                                         0.000    0.000 6.10e-07 6.10e-07   0.0
      u_div_u_add_PartRem_1_4 (fft_controller_DW01_add_23)
                                         0.000    0.000 6.35e-07 6.35e-07   0.0
      u_div_u_add_PartRem_1_5 (fft_controller_DW01_add_24)
                                         0.000    0.000 5.99e-07 5.99e-07   0.0
      u_div_u_add_PartRem_1_6 (fft_controller_DW01_add_25)
                                         0.000    0.000 8.72e-07 8.72e-07   0.0
      u_div_u_add_PartRem_1_7 (fft_controller_DW01_add_26)
                                         0.000    0.000 7.91e-07 7.91e-07   0.0
      u_div_u_add_PartRem_0_1 (fft_controller_DW01_add_27)
                                      6.57e-09 2.70e-09 8.65e-07 8.74e-07   0.0
      u_div_u_add_PartRem_0_2 (fft_controller_DW01_add_28)
                                      7.47e-12    0.000 5.89e-07 5.89e-07   0.0
      u_div_u_add_PartRem_0_3 (fft_controller_DW01_add_29)
                                      9.46e-10 5.48e-10 7.49e-07 7.51e-07   0.0
      u_div_u_add_PartRem_0_4 (fft_controller_DW01_add_30)
                                         0.000    0.000 5.67e-07 5.67e-07   0.0
      u_div_u_add_PartRem_0_5 (fft_controller_DW01_add_31)
                                      1.07e-09 6.58e-10 7.76e-07 7.78e-07   0.0
      u_div_u_add_PartRem_0_6 (fft_controller_DW01_add_32)
                                      5.31e-10 3.04e-10 7.66e-07 7.67e-07   0.0
      u_div_u_add_PartRem_0_7 (fft_controller_DW01_add_33)
                                      1.72e-09 6.07e-10 6.76e-07 6.78e-07   0.0
    add_94 (fft_controller_DW01_inc_2_DW01_inc_3)
                                      3.83e-08 1.45e-08 2.92e-07 3.44e-07   0.0
    mult_39 (fft_controller_DW_mult_uns_1)
                                         0.000    0.000 4.73e-06 4.73e-06   0.0
  u_bf (butterfly_unit)               2.78e-03 2.29e-03 1.88e-04 5.26e-03  15.9
    sub_23 (butterfly_unit_DW01_sub_8)
                                      3.27e-05 4.31e-05 7.07e-06 8.30e-05   0.3
    sub_24 (butterfly_unit_DW01_sub_6)
                                      3.19e-05 4.27e-05 7.06e-06 8.17e-05   0.2
    add_21 (butterfly_unit_DW01_add_5)
                                      9.13e-06 2.35e-05 1.45e-06 3.41e-05   0.1
    add_22 (butterfly_unit_DW01_add_6)
                                      9.10e-06 1.09e-05 1.42e-06 2.14e-05   0.1
    sub_36 (butterfly_unit_DW01_sub_10)
                                      1.60e-04 1.71e-04 7.33e-06 3.38e-04   1.0
    add_37 (butterfly_unit_DW01_add_7)
                                      1.60e-04 1.45e-04 6.67e-06 3.12e-04   0.9
    mult_31 (butterfly_unit_DW_mult_tc_10)
                                      5.12e-04 3.87e-04 3.26e-05 9.32e-04   2.8
    mult_32 (butterfly_unit_DW_mult_tc_8)
                                      6.15e-04 4.65e-04 4.08e-05 1.12e-03   3.4
    mult_33 (butterfly_unit_DW_mult_tc_11)
                                      5.90e-04 4.66e-04 3.88e-05 1.09e-03   3.3
    mult_34 (butterfly_unit_DW_mult_tc_9)
                                      6.08e-04 4.71e-04 4.06e-05 1.12e-03   3.4
  u_sram (sram_1024x32)               1.96e-02 1.36e-04 8.00e-04 2.05e-02  61.9
1
